:020000040000fa
:080000000002040000000000f2
:020000040000fa
:04000800e20300000f
:020000040000fa
:04000c00600300008d
:020000040000fa
:04001000a203000047
:020000040000fa
:040014008003000065
:020000040000fa
:04001800c20300001f
:020000040000fa
:04001c00e2030000fb
:020000040000fa
:04002000e2030000f7
:020000040000fa
:04002400e2030000f3
:020000040000fa
:04002800e2030000ef
:020000040000fa
:04002c00e2030000eb
:020000040000fa
:04003000e2030000e7
:020000040000fa
:04003400280300009d
:020000040000fa
:04003800e2030000df
:020000040000fa
:04003c00e2030000db
:020000040000fa
:04004000e2030000d7
:020000040000fa
:04004400e2030000d3
:020000040000fa
:04004800e2030000cf
:020000040000fa
:04004c00e2030000cb
:020000040000fa
:04005000e2030000c7
:020000040000fa
:04005400e2030000c3
:020000040000fa
:04005800e2030000bf
:020000040000fa
:04005c00e2030000bb
:020000040000fa
:04006000e2030000b7
:020000040000fa
:04006400e2030000b3
:020000040000fa
:04006800e2030000af
:020000040000fa
:04006c00e2030000ab
:020000040000fa
:04007000e2030000a7
:020000040000fa
:04007400e2030000a3
:020000040000fa
:04007800e20300009f
:020000040000fa
:04007c00e20300009b
:020000040000fa
:04008000e203000097
:020000040000fa
:04008400e203000093
:020000040000fa
:04008800e20300008f
:020000040000fa
:04008c00e20300008b
:020000040000fa
:04009000e203000087
:020000040000fa
:04009400e203000083
:020000040000fa
:04009800e20300007f
:020000040000fa
:04009c00e20300007b
:020000040000fa
:0400a000e203000077
:020000040000fa
:0400a400e203000073
:020000040000fa
:0400a800e20300006f
:020000040000fa
:0400ac00e20300006b
:020000040000fa
:0400b000e203000067
:020000040000fa
:0400b400e203000063
:020000040000fa
:0400b800e20300005f
:020000040000fa
:0400bc00e20300005b
:020000040000fa
:0400c000e203000057
:020000040000fa
:0400c400e203000053
:020000040000fa
:0400c800e20300004f
:020000040000fa
:0400cc00e20300004b
:020000040000fa
:0400d000e203000047
:020000040000fa
:0400d400e203000043
:020000040000fa
:0400d800e20300003f
:020000040000fa
:0400dc00e20300003b
:020000040000fa
:0400e000e203000037
:020000040000fa
:0400e400e203000033
:020000040000fa
:0400e800e20300002f
:020000040000fa
:0400ec00e20300002b
:020000040000fa
:0400f000e203000027
:020000040000fa
:0400f400e203000023
:020000040000fa
:0400f800e20300001f
:020000040000fa
:0400fc00e20300001b
:020000040000fa
:04010000e203000016
:020000040000fa
:04010400e203000012
:020000040000fa
:04010800e20300000e
:020000040000fa
:04010c00e20300000a
:020000040000fa
:04011000e203000006
:020000040000fa
:04011400e203000002
:020000040000fa
:04011800e2030000fe
:020000040000fa
:04011c00e2030000fa
:020000040000fa
:04012000e2030000f6
:020000040000fa
:04012400e2030000f2
:020000040000fa
:04012800e2030000ee
:020000040000fa
:04012c00e2030000ea
:020000040000fa
:04013000e2030000e6
:020000040000fa
:04013400e2030000e2
:020000040000fa
:04013800e2030000de
:020000040000fa
:04013c00e2030000da
:020000040000fa
:04014000e2030000d6
:020000040000fa
:04014400e2030000d2
:020000040000fa
:04014800e2030000ce
:020000040000fa
:04014c00e2030000ca
:020000040000fa
:04015000e2030000c6
:020000040000fa
:04015400e2030000c2
:020000040000fa
:04015800e2030000be
:020000040000fa
:04015c00e2030000ba
:020000040000fa
:04016000e2030000b6
:020000040000fa
:04016400e2030000b2
:020000040000fa
:04016800e2030000ae
:020000040000fa
:04016c00e2030000aa
:020000040000fa
:04017000e2030000a6
:020000040000fa
:04017400e2030000a2
:020000040000fa
:04017800e20300009e
:020000040000fa
:04017c00e20300009a
:020000040000fa
:04018000e203000096
:020000040000fa
:04018400e203000092
:020000040000fa
:04018800e20300008e
:020000040000fa
:04018c00e20300008a
:020000040000fa
:04019000e203000086
:020000040000fa
:04019400e203000082
:020000040000fa
:04019800e20300007e
:020000040000fa
:04019c00e20300007a
:020000040000fa
:0401a000e203000076
:020000040000fa
:0401a400e203000072
:020000040000fa
:0401a800e20300006e
:020000040000fa
:0401ac00e20300006a
:020000040000fa
:0401b000e203000066
:020000040000fa
:0401b400e203000062
:020000040000fa
:0401b800e20300005e
:020000040000fa
:0401bc00e20300005a
:020000040000fa
:0401c000e203000056
:020000040000fa
:0401c400e203000052
:020000040000fa
:0401c800e20300004e
:020000040000fa
:0401cc00e20300004a
:020000040000fa
:0401d000e203000046
:020000040000fa
:0401d400e203000042
:020000040000fa
:0401d800e20300003e
:020000040000fa
:0401dc00e20300003a
:020000040000fa
:0401e000e203000036
:020000040000fa
:0401e400e203000032
:020000040000fa
:0401e800e20300002e
:020000040000fa
:0401ec00e20300002a
:020000040000fa
:0401f000e203000026
:020000040000fa
:0401f400e203000022
:020000040000fa
:0401f800e20300001e
:020000040000fa
:0401fc00e20300001a
:020000040000fa
:04020800e20300000d
:020000040000fa
:04020c00600300008b
:020000040000fa
:04021000a203000045
:020000040000fa
:040214008003000063
:020000040000fa
:04021800c20300001d
:020000040000fa
:04021c00e2030000f9
:020000040000fa
:04022000e2030000f5
:020000040000fa
:04022400e2030000f1
:020000040000fa
:04022800e2030000ed
:020000040000fa
:04022c00e2030000e9
:020000040000fa
:04023000e2030000e5
:020000040000fa
:04023400280300009b
:020000040000fa
:04023800e2030000dd
:020000040000fa
:04023c00e2030000d9
:020000040000fa
:04024000e2030000d5
:020000040000fa
:04024400e2030000d1
:020000040000fa
:04024800e2030000cd
:020000040000fa
:04024c00e2030000c9
:020000040000fa
:04025000e2030000c5
:020000040000fa
:04025400e2030000c1
:020000040000fa
:04025800e2030000bd
:020000040000fa
:04025c00e2030000b9
:020000040000fa
:04026000e2030000b5
:020000040000fa
:04026400e2030000b1
:020000040000fa
:04026800e2030000ad
:020000040000fa
:04026c00e2030000a9
:020000040000fa
:04027000e2030000a5
:020000040000fa
:04027400e2030000a1
:020000040000fa
:04027800e20300009d
:020000040000fa
:04027c00e203000099
:020000040000fa
:04028000e203000095
:020000040000fa
:04028400e203000091
:020000040000fa
:04028800e20300008d
:020000040000fa
:04028c00e203000089
:020000040000fa
:04029000e203000085
:020000040000fa
:04029400e203000081
:020000040000fa
:04029800e20300007d
:020000040000fa
:04029c00e203000079
:020000040000fa
:0402a000e203000075
:020000040000fa
:0402a400e203000071
:020000040000fa
:0402a800e20300006d
:020000040000fa
:0402ac00e203000069
:020000040000fa
:0402b000e203000065
:020000040000fa
:0402b400e203000061
:020000040000fa
:0402b800e20300005d
:020000040000fa
:0402bc00e203000059
:020000040000fa
:0402c000e203000055
:020000040000fa
:0402c400e203000051
:020000040000fa
:0402c800e20300004d
:020000040000fa
:0402cc00e203000049
:020000040000fa
:0402d000e203000045
:020000040000fa
:0402d400e203000041
:020000040000fa
:0402d800e20300003d
:020000040000fa
:0402dc00e203000039
:020000040000fa
:0402e000e203000035
:020000040000fa
:0402e400e203000031
:020000040000fa
:0402e800e20300002d
:020000040000fa
:0402ec00e203000029
:020000040000fa
:0402f000e203000025
:020000040000fa
:0402f400e203000021
:020000040000fa
:0402f800e20300001d
:020000040000fa
:0402fc00e203000019
:020000040000fa
:04030000e203000014
:020000040000fa
:04030400e203000010
:020000040000fa
:04030800e20300000c
:020000040000fa
:04030c00e203000008
:020000040000fa
:04031000e203000004
:020000040000fa
:04031400e203000000
:020000040000fa
:04031800e2030000fc
:020000040000fa
:04031c00e2030000f8
:020000040000fa
:04032000e2030000f4
:020000040000fa
:04032400e2030000f0
:020000040000fa
:04032800e2030000ec
:020000040000fa
:04032c00e2030000e8
:020000040000fa
:04033000e2030000e4
:020000040000fa
:04033400e2030000e0
:020000040000fa
:04033800e2030000dc
:020000040000fa
:04033c00e2030000d8
:020000040000fa
:04034000e2030000d4
:020000040000fa
:04034400e2030000d0
:020000040000fa
:04034800e2030000cc
:020000040000fa
:04034c00e2030000c8
:020000040000fa
:04035000e2030000c4
:020000040000fa
:04035400e2030000c0
:020000040000fa
:04035800e2030000bc
:020000040000fa
:04035c00e2030000b8
:020000040000fa
:04036000e2030000b4
:020000040000fa
:04036400e2030000b0
:020000040000fa
:04036800e2030000ac
:020000040000fa
:04036c00e2030000a8
:020000040000fa
:04037000e2030000a4
:020000040000fa
:04037400e2030000a0
:020000040000fa
:04037800e20300009c
:020000040000fa
:04037c00e203000098
:020000040000fa
:04038000e203000094
:020000040000fa
:04038400e203000090
:020000040000fa
:04038800e20300008c
:020000040000fa
:04038c00e203000088
:020000040000fa
:04039000e203000084
:020000040000fa
:04039400e203000080
:020000040000fa
:04039800e20300007c
:020000040000fa
:04039c00e203000078
:020000040000fa
:0403a000e203000074
:020000040000fa
:0403a400e203000070
:020000040000fa
:0403a800e20300006c
:020000040000fa
:0403ac00e203000068
:020000040000fa
:0403b000e203000064
:020000040000fa
:0403b400e203000060
:020000040000fa
:0403b800e20300005c
:020000040000fa
:0403bc00e203000058
:020000040000fa
:0403c000e203000054
:020000040000fa
:0403c400e203000050
:020000040000fa
:0403c800e20300004c
:020000040000fa
:0403cc00e203000048
:020000040000fa
:0403d000e203000044
:020000040000fa
:0403d400e203000040
:020000040000fa
:0403d800e20300003c
:020000040000fa
:0403dc00e203000038
:020000040000fa
:0403e000e203000034
:020000040000fa
:0403e400e203000030
:020000040000fa
:0403e800e20300002c
:020000040000fa
:0403ec00e203000028
:020000040000fa
:0403f000e203000024
:020000040000fa
:0403f400e203000020
:020000040000fa
:0403f800e20300001c
:020000040000fa
:0403fc00e203000018
:020000040000fa
:100400004f5921000e7f22000e01880000000000dd
:10041000000020000000e000020032000001200087
:100420002002880014000700330107000000e000ec
:1004300003003a0040c425000100200002003700fc
:100440000000200001002000810f70000100320038
:1004500014000700000020000000e000020032004d
:100460000000020000000000b45e02000000000076
:100470000040da000000fe004440a90060082000af
:100480000000e000030032000020200090018800fe
:100490004440a800000006008a1f78008b1f7800e7
:1004a00000000600a1028800800478000000eb0034
:1004b0001f003700e284440054a0b4009905ba003c
:1004c000e284440054a0b4009906ba00e2844400d7
:1004d00054a0b4000006eb00476fde00fd07b20039
:1004e000ae018800636ce10003003a00eaff0700f8
:1004f0000000eb000e003700606ce10008003a00dd
:10050000004deb000a05e800020039003420ec0041
:100510000af0a0008b05e900f9ff3e000400370057
:100520006168e100010032000086eb000b0007006b
:1005300019c7ba001905ba000e04e00003003a001a
:100540000a00e000dbff3a0000000600fe07b200f0
:10055000ae0288008a047800f5ff37000cd0a300b3
:10056000e20f4d001c00390089027800354dba00b9
:100570000a05e800020039003420ec000af0a0006f
:100580008b05e9000f003200254dba000a05e8008e
:10059000020039003420ec000af0a0008b05e900cd
:1005a000080032000c00e0000600320015cdba0051
:1005b0000a05e800020039003420ec000af0a0002f
:1005c0008b05e9008984e80054a0b4000b00e0002a
:1005d000e2ff3a00000006009902ba00055d7800cb
:1005e0008b05e900f7ff3200c82ade00055d7800c0
:1005f0008b05e900f3ff32000c00e000f1ff320050
:1006000019ddba00eeff3700ea5f040000000000c9
:100610005c54040000000000545e04000000000070
:1006200016220400000000003c440400000000000a
:10063000c25e040000000000160f0400000000006d
:10064000c809040000000000c60504000000000006
:100650003600f800809fbe00829fbe00849fbe00cf
:10066000869fbe003200f8003400f8001000200021
:10067000a001880000202000900188000000fa00fe
:100680008460a900610c07000000e0000300320054
:100690000a5f020000000000000000000080fa0075
:1006a0003400f9003200f9004f03be004f02be00d3
:1006b0004f01be004f00be003600f90000400600aa
:1006c0003600f800809fbe00829fbe00849fbe005f
:1006d000869fbe000000fa008020a9000000eb0009
:1006e000422e07000080fa004f03be004f02be00fa
:1006f0004f01be004f00be003600f900004006006a
:100700003600f800809fbe00829fbe00849fbe001e
:10071000869fbe000000fa00392e07008040a90025
:1007200010002000312e07000080fa004f03be00a9
:100730004f02be004f01be004f00be003600f90060
:10074000004006003600f800809fbe00829fbe0079
:10075000849fbe00869fbe000000fa008060a90052
:1007600020002000212e07000080fa004f03be0069
:100770004f02be004f01be004f00be003600f90020
:10078000004006003600f800809fbe00829fbe0039
:10079000849fbe00869fbe000000fa008080a900f2
:1007a00030002000112e07000080fa004f03be0029
:1007b0004f02be004f01be004f00be003600f900e0
:1007c000004006000040da000000fe000a00fa00c7
:1007d00011002000b1bf9f00c0bf9f006a8057007a
:1007e0008b0607004fb897000080fa000000060053
:1007f0000a00fa00e20f500034003e0090ac800086
:10080000e10f500003003200e20f500011003a00e7
:100810000c003700035020000300e00001003a0004
:100820000040da000005e200020035000825ef0074
:1008300001e5a8000345ab000d003a000345a80000
:100840000b003700635120000300e00001003a0074
:100850000040da001605e200020035001e25ef0018
:1008600017e5a8001945ab0001003a001945a8009a
:10087000820178000b0037003102fb00e10f5000cd
:1008800004003a000325ab00feff3a00242888004c
:10089000030037001925ab00feff3a00d42888007a
:1008a0008301e9000300e000f3ff3a00e10f50008c
:1008b00003003a000305ab00feff32000b003700d7
:1008c0001905ab00feff320008003700330020009e
:1008d000b3bf9f00c0bf9f00d1bf9f00e2bf9f007a
:1008e0006a8057004c0607006fb997000200780035
:1008f0000080fa0000000600000005000000fa0079
:1009000068815700cfb89700d0a58000100078000c
:100910007e0207000080fa0000000600a200070027
:10092000fa0007002e010700aa010700d201070004
:10093000f5020700a00237000000fa0068815700a6
:10094000cfb89700d0a58000100078006f02070094
:100950000080fa000000060093000700eb0007008b
:100960009c010700c40107001d010700e602070003
:1009700091023700010037000201e9000200e000a7
:100980000500320030427800b1417800834f5200b8
:10099000f9ff320001003700000005000480fb0071
:1009a0008381fb00030050000000060080017800f6
:1009b00002003700b15978000201e9000200e000ae
:1009c000fcff3a0000000600889fbe008a9fbe0020
:1009d000800478000200e0005b00320001407800f3
:1009e000814c780082814400f1f99f00e20f5100b0
:1009f0005500360091449800a1449800e1f99f0009
:100a0000d1f99f00e60f51004f003600b144980025
:100a1000c1f99f00e80f51004b0036000905ea00bc
:100a2000630565000a8444000a055100c1ff2f00d8
:100a3000010565000080fb008000eb001210200023
:100a4000131020002a060700008cbe000a01440093
:100a500060b99f0071b99f00e80f55003a00360059
:100a60002004980031049800400498005104980034
:100a700020b99f0031b99f0040b99f0051b99f0034
:100a8000f80f55003000360060049800710498009b
:100a9000000c9800110c9800200c9800310c980064
:100aa000400c9800510c980020b19f0031b19f007c
:100ab00040b19f0051b19f0060b19f0071b19f0094
:100ac00000b99f0011b99f006401640078014100e2
:100ad00002044400020555006011b8000203be0084
:100ae0000002be000403be006022b80000007200d5
:100af000818072000201730083817300100037004f
:100b0000009cbe000294be0040049800510498006e
:100b10006204980073049800000c9800110c98006f
:100b2000220c9800330c9800400c9800510c98004f
:100b3000620c9800730c98000a02b1000802b00021
:100b4000ff0f5500eeff3e00090078004f05be0084
:100b50004f04be0000000600d1a58000910078007f
:100b60000e050700110020000000e0000500350020
:100b7000d0a5800090007800a0002000500507005c
:100b8000cf00de000100ea000000060000000600c1
:100b9000004c210000000600fdff0700f0a58800c2
:100ba000e0a5880000000600ec874700889fbe0093
:100bb0008a9fbe008c9fbe008e1f780000067800c2
:100bc0000104780018079000280590009806780026
:100bd000cdb79f00b80590003202be002203be00d0
:100be0000400be000601be004f18de006011b80010
:100bf0008000eb00d0b79f00e1b79f00f2b79f00e5
:100c000083bf9f00800478000900e00006003200e6
:100c10006000b8006011b8000402500085825800de
:100c200006035900878359000e00e00002003500da
:100c30000d10a100cdb79f000900e00005003a00ab
:100c40004fb097000028a30002003a000038a3002c
:100c5000020032008a00e900010037008a007800b3
:100c6000f8815700a20020000800780086000700e5
:100c70000900e00003003a00cfb097000128a3006c
:100c8000080032000000e90000814500b1c2b30055
:100c90000900e00001003200d1c2b3000149780030
:100ca000050037000138a300030032000000e9000e
:100cb00001c2b30081757800480190000201e9008b
:100cc00000015100808045004fb297008a017800f2
:100cd0000c007800570207009c0090000188a300d8
:100ce0000400320098009000810f500001003d0088
:100cf000010078004f0778004f06be004f05be0088
:100d00004f04be00cf00b100000006000200fa0050
:100d1000889fbe008a9fbe0080057800010478008d
:100d200002007800180190002805900098007800d3
:100d3000b1bf9f00b80490000200e000020035003f
:100d40000110a100b1bf9f00ea815700820020007e
:100d50008a0078003002be002003be000800780040
:100d6000490007003fb99700f0006100030032001e
:100d70000000e90001c3b300817478003fb9970017
:100d8000e8006100030032000000e90001c2b30086
:100d900081747800480190000201e90000015100cf
:100da000808044003fba97008a0178000b007800e9
:100db000200207009b0090000188a300040032007d
:100dc00098009000810f500001003d000100780064
:100dd0004f05be004f04be000080fa000000060070
:100de000ea874700889fbe008a9fbe008e1f78005a
:100df00000047800030078007287570084e2260020
:100e000055c72600049fbe00c3962200030f78003a
:100e10006c875700004feb0011059000a104900073
:100e2000910578000200e00002003200020778001d
:100e300001003700728757000000e00002003a000e
:100e40000e0078009f0407000a00e0000300350050
:100e50008a0f5000010036000a0078000b0278006b
:100e600089017800000178008e0078000800780081
:100e7000f00107004f0778004f05be004f04be0089
:100e8000af00b10000000600f4874700889fbe0055
:100e90008a9fbe008c9fbe008e1f78000605be0094
:100ea0000404be0081bf9f0082b79f00f3b79f007c
:100eb000b0009000e1b79f001301780092b79f0047
:100ec00090069000400090000000e90000067800c5
:100ed0000d00e00001003d001d0020008040eb00ff
:100ee000efb19700817178001e0020001f003700cd
:100ef0000c06e9000fb09700cf80de006109b90051
:100f0000a0b79f00b1b79f00c2b79f00d3b79f00a3
:100f10000203be000002be000800be000a01be00bf
:100f200099050700000778000e4078000043b000e4
:100f3000efb0970080707e008d06e9000fb9970032
:100f40000201e90082bf9f002fb29700bfb2970055
:100f50004fb39700dfb397000800be000a01be0040
:100f6000820507000205be000004be000c00e00080
:100f70000d003400e00f5400e08f5c00e00f5d00d6
:100f8000e08f5d00daff3a000d00e000d8ff3c0082
:100f90008fb997000300e000030034001fb09700f2
:100fa0000018a300d2ff3a000e00e00002003a0051
:100fb000ffb097001140a1000c0078004f077800a7
:100fc0004f06be004f05be004f04be004f01b100ea
:100fd000000006000200fa00889fbe008a9fbe0043
:100fe00000057800010478000200780018019000e4
:100ff000a804900098007800b1bf9f00b805900049
:101000000200e000020035000110a100b1bf9f0006
:10101000ea815700a2002000890078003002be005b
:101020002003be000800780097ff070048019000e9
:101030000201e90000015100808045003fba97009d
:10104000890178000a0078007a0107009a00900070
:101050000188a3000400320098009000810f500026
:1010600001003d00010078004f05be004f04be00a6
:101070000080fa0000000600fa874700889fbe0043
:101080008a9fbe008c9fbe008e1f7800800478006f
:10109000010478008205780018019000280590006e
:1010a00018077800b80090000200e0000200350048
:1010b0000e10a10001003700120020007000670030
:1010c000e0b79f00090032003b02be002b03be00c8
:1010d000e00f5200e08f5a00e00f5b00e08f5b00f2
:1010e000020032008a86e900010037008a06780093
:1010f000e8026700f5b79f00010032008d06e900a5
:101100003b02be002b03be00e4af9f00f5af9f0083
:1011100086b79f0097b79f00480690000c06e9002d
:101120000040eb0080707e00efb297007fb2970026
:101130008903780081047800d8af9f00020478000a
:101140008bbf9f008a057800034578002a0037008e
:101150000c06e9006fab97006f006300e90f5000c9
:1011600002003c000003b000010037007005b00031
:101170000a03fb001604b100f90f53000c003e00f7
:10118000000378000650a0001606b100f90f5300c6
:1011900007003e00b4b79f00a5b79f00c7b79f00e8
:1011a000f1030700cfb39700afb297003fb29700ab
:1011b00080747e000804e9008d06e9006fa897009e
:1011c000ffa897000fb197009fb19700460020003d
:1011d0008301d1000281d3008180d3000080d3003d
:1011e0000603e900faff3a00e0af9f00f1af9f006d
:1011f00082b79f0093b79f00e10f56000f003400a5
:101200006fa89700ffa897000fb197009fb19700b4
:10121000e00f5000e08f5800e00f5900e08f5900b8
:10122000cbff3a000800e000c9ff3c000d00e000e1
:10123000020034000e18a300c5ff3a0089007800b0
:10124000f4b79f00870478005fac97008a4178006c
:101250000b0578008fbd97000500e00010003200fc
:101260003b02be002b03be00e4af9f00f5af9f0022
:1012700086b79f0097b79f00e00f5200e08f5a009b
:10128000e00f5b00e08f5b00050032000c06e90018
:1012900083707e000c06e90000c3b30080707e00fe
:1012a000ffb297000500e000030032000c06e900e1
:1012b00000c2b30080707e00480190000201e90086
:1012c0000c0151008c8040000e0278008a017800e9
:1012d00009007800d7000700990090000188a3005a
:1012e0000400320098009000810f500001003d0082
:1012f000010078004f0778004f06be004f05be0082
:101300004f04be00af01b100000006000200fa0069
:10131000881f780000047800e2bf9f0064815700b6
:101320000800780082020700980090000148a3009e
:10133000010032000080eb004f0478000080fa00ca
:1013400000000600889fbe0000047800480090005e
:1013500082047800808f54000100360080047800f9
:10136000090178005800900090fd07005800900097
:101370000900400050049800c80090008984500083
:10138000490498000048eb004f04be00000006002e
:101390001000780016fd3700900190000388a3002c
:1013a00001003200e7ff37000348a30001003a00c4
:1013b000f7ff07000000060084082000848f50001b
:1013c0001d0032000d003c0014082000848f5000e6
:1013d0002700320002003c0004082000040037000f
:1013e00024082000848f500034003200440820007c
:1013f000848f500043003a0036003700040a200072
:10140000848f50002700320004003c0004092000b3
:10141000848f50003b003a0028003700020c200067
:10142000828f50002f003200020f2000828f500068
:1014300034003a002b0037009380e9000200e000fe
:1014400005003200810978001102fb00cfa2de0006
:10145000612bb9002800370081097800114278001b
:101460000482fb008002eb006033b80022003700ea
:1014700013027800e40052000200e0000500320090
:10148000810978001102be004fabde0086037800b0
:1014900019003700810978001102be006033b800de
:1014a000150037009380e900810978001102780067
:1014b000cfa2de00612bb9000f0037009302780045
:1014c000e8805200810978003102be002103be008d
:1014d000090037009380e9000200e00002003200ba
:1014e000f1ff37009380e90081097800110278004c
:1014f0008002eb006033b8000498be000690be0086
:10150000100005000000050044082000848f5000f2
:101510002500320008003c0014082000848f500091
:101520001400320024082000848f50002400320070
:10153000040820000c00370004092000848f5000ac
:101540001f00320004003c0084082000848f5000fb
:1015500024003a000e003700040a2000848f500057
:1015600011003200040c2000848f50001d003a004e
:101570000d0037009380e900810978009100780020
:1015800001087800cf91de008288be001400370089
:101590009380e900810978009100780001087800c3
:1015a000824878000e0037009380e90081097800b6
:1015b0009100780001087800820878000800370060
:1015c0009380e90081097800910078000108780093
:1015d0006112b900612bb9008498be008690be00ec
:1015e0001000050000000500889fbe000004780080
:1015f0004800900082047800808f5400010036007b
:10160000800478000901780058009000e7fc07008a
:10161000580090000900400050049800c800900055
:1016200089845000490498000048eb004f04be0034
:1016300000000600f2874700889fbe008a9fbe0018
:101640008c9fbe008e1f7800800478000105780012
:1016500002047800830578006107620002003a0006
:101660008b0f540008003900080178008a007800c8
:101670000900780048ff07008b0f54000200390072
:10168000880578001e003700088655000c01780098
:10169000f00f560001003600020120000102200078
:1016a0007e805700c8fc07008c06780005003700d4
:1016b00002012000fe8057000900780036ff070075
:1016c000f0865600ef8f5600f9ff3e004461de00c1
:1016d00000ff2f000091b90002014600fe80570074
:1016e000090078002cff07000e00e00004003a001b
:1016f000080178008a0078000900780026ff0700ba
:101700000b0078004f0778004f06be004f05be0063
:101710004f04be002f01b1000000060000000500cc
:101720000000050000000500000178000040eb000b
:101730008080fb00818040000356210063c2780056
:101740000404e00003003a001056210060c0780055
:101750000000060092017800934f520004003a0006
:101760001056210060c078000309e800010037002e
:101770000040e800ea4f5000edff36000000060090
:10178000f6874700889fbe008a9fbe008c9fbe00e0
:101790008e1f78000005780001047800830578002a
:1017a000040678000000eb00c0b79f008080eb00cb
:1017b000d1b79f00e0b79f00f2b79f00000820005c
:1017c00080bf9f0098007800010078008004eb0043
:1017d000010037008904e800304178000204e0008d
:1017e0000300320053c2b300834f5100f9ff3a00a7
:1017f0000900e00004003200090178000a007800c6
:10180000e5fe0700188c44001807780050c2b300aa
:101810009e4f10003f013a000e07e8000e0c7800c2
:1018200010003700cfb097000100a0000b00370078
:10183000cfb097000110a00008003700cfb097008c
:101840000120a00005003700cfb097000130a000b4
:1018500002003700cfb097000140a000c1b79f0041
:10186000000ce8001800780090407800b2c2b30085
:1018700082cf5000f1ff320007003c0002c2b300eb
:1018800082cf5000f0ff320032c2b30082cf50004e
:1018900007003a00efff3700d2c2b30082cf5000fa
:1018a000e0ff320002c3b30082cf5000e0ff3200fd
:1018b000a2c2b30082cf50000d003a00000ce80035
:1018c0001c80e900000e780010007800e0b79f004f
:1018d0000000e0000f003d00cfb097000100a20023
:1018e000c1b79f000000ea00e0b79f000900370081
:1018f00084010700e0b79f0001003700000ce800fa
:10190000180078009000fb000103b100e98f50003f
:10191000faff36004fb097000008a3000200320023
:101920000010a100c0b79f0018007800e1c2b3000a
:1019300090cf100016003a008000eb00d1b79f0056
:101940000000e800000c7800a1c2b30090cf1000a6
:1019500006003a00000ce8001c80e900000e780048
:1019600010007800d0b79f0009003700650107001c
:10197000d0b79f0001003700000ce8001800780085
:101980009000fb000103b100e98f5000faff360020
:101990000800780064ff070080467800180078008f
:1019a0001000fb00e901070091062000810f5000a4
:1019b0003800320012003c0041062000810f500028
:1019c000340032000a003c0011062000810f500054
:1019d0002000320031062000810f5000a0003200ac
:1019e00051022000810f5000bc003a00b4003700c3
:1019f00071062000810f5000b8003c0088003700bd
:101a000001072000810f50005c00320007003c00fd
:101a1000e1062000810f50007a003200f10620001c
:101a2000810f5000ad003a00390037005107200007
:101a3000810f50002700320081072000810f5000e5
:101a40004200320031072000810f5000a3003a000d
:101a50008f0037008d80fb000c01780000fe2f0006
:101a60000f004000cb0107000000e000a80032009a
:101a700018007800000ce8009041780002fe2f006a
:101a80000f014100f88057000a00780024ff07008a
:101a90000e0037008d80fb008c01780012002000c2
:101aa00000fe2f000f00400043fe07000000e00092
:101ab00097003200180ce80002fe2f000f014100d1
:101ac000f88057000a00780037fc07008084440043
:101ad000900037008d80fb008c0178000001eb0046
:101ae00000fe2f000f00400033fe07000000e00062
:101af00087003200180ce80002fe2f000f014100a1
:101b0000f88057000a00780032fd0700efff370029
:101b10008d80fb008c0178000001eb0000fe2f009f
:101b20000f00400024fe07000000e00078003200b3
:101b3000180ce80002fe2f000f014100f88057004a
:101b40000a00780071fc0700e0ff37008d80fb0081
:101b50008c0178000001eb0000fe2f000f00400018
:101b600015fe07000000e000690032001800780050
:101b7000000ce800904178001c0037008c017800d0
:101b80000001eb00010f200000fe2f000f004000bd
:101b900009fe07000000e0005d003200180ce800bc
:101ba0000fb097009fb097002fb19700bfb197007b
:101bb000e00f5000e08f5800e00f5900e08f59000f
:101bc00009003a00cfb597006fb497008055210007
:101bd0003c0107000b0278008801780000017800c2
:101be000815521004700370083c7b30002fe2f0054
:101bf0000f014100f88057000a0078001efd070021
:101c0000b2ff37000b8144008d80fb008c0178000f
:101c100000fe2f000f0040003bfe07003c00370095
:101c20008d80fb000c01780000fe2f000f004000ab
:101c3000580107000000e00035003200180078006d
:101c4000000ce8009041780002fe2f000f014100d7
:101c5000f88057000a007800b1fe07009bff3700ac
:101c600000c8b30080cf560029003a00180ce800e5
:101c70001c80e900000e780010407800e0df9f0033
:101c800013002000e2fd2f000f0141000800370083
:101c900000c8b30080cf56001d003a00180ce800c1
:101ca0001c80e900000e78008001eb001001780034
:101cb000f88057000a00780049fc070083ff3700ce
:101cc00000c8b30080cf560011003a00180ce8009d
:101cd0004fb29700efb19700080037000e0c780064
:101ce0000000eb00c0b79f00e0b79f000080eb0052
:101cf000d0b79f000002eb008401780012002000a2
:101d0000e15521000a0078004afe07006fff370006
:101d1000180ce800090078004f0778004f06be0055
:101d20004f05be004f04be006f01b1000000060069
:101d30008200fa00889fbe008a1f780000057800a4
:101d400082047800c13f9f000004eb0010003700c0
:101d50000902780088017800a2f72f000f014100e6
:101d600081f72f008f8040000a00780084fe070072
:101d700008004000880f500004003d00b00420001f
:101d800080ac88000084eb00040037000004780079
:101d90004f3897001004e000edff3a00080078008b
:101da0004f0578004f04be000080fa0000000600d6
:101db000889fbe000004be000000eb000800e000a9
:101dc00018003200180090000058a3000d003200e7
:101dd000d800900068009000808f50000900360005
:101de000b80990000001eb0082007800080078003c
:101df00003000100d80090000080eb000100e0002b
:101e0000080032000000eb00200c980060049800ed
:101e1000500498000900e000020032001800780029
:101e20006afa07004f04be0000000600889fbe004b
:101e30000004be000000eb000800e00025003200b6
:101e4000180090000058a30011003200d800900044
:101e500068009000808f500009003600b80990009b
:101e60000001eb0082007800080078000300010008
:101e7000d80090000080eb000100e0001500320067
:101e80000000eb00200c98006004980050049800bb
:101e9000780a900008109000800f52000600310070
:101ea0000002520011002000cfa2de00612bb90019
:101eb00018007800650007000000eb00001498008f
:101ec000700c98000900e000020032001800780051
:101ed0003efa07004f04be000000060080007800b4
:101ee0001000200002022000828f50000400320007
:101ef000e9805000e48f5000010036000000eb0044
:101f000000000600889fbe008a1f78000005780048
:101f10000a047800984478000805e8000900fb00ee
:101f2000eeff07000000e000f9ff3a00b0c2b30086
:101f300080cf540005003200d0c2b3008000eb0017
:101f400080cf540005003a00020037008000eb000b
:101f500001003700110020000804e8000000eb0039
:101f6000030037006a02b900020052000003b0000b
:101f70003801fb0003fd2f0082814100e98f5100f1
:101f8000f8ff36000100e00001003a000000ea001e
:101f90004f0578004f04be0000000600889fbe0079
:101fa0008a1f780080047800010578000900780015
:101fb00044000700000478008a01780008017800d6
:101fc00011002000090078000a0007008000780056
:101fd0000080eb00888f500001003a000000eb0009
:101fe0004f0578004f04be00000006001000780086
:101ff000fff93700889fbe008a9fbe0081047800e9
:102000000204780009c5b9000900e00001003a00a7
:102010000004eb000a0178008000780003007800db
:10202000dbfc0700800078008a8f5000030032003c
:10203000110009008980d8000004780008007800a9
:102040004f05be004f04be0000000600a0fd2f009b
:10205000f1ff2f00330007004f89de008201780076
:10206000000006000200fa0081017800e0ff9f00f6
:10207000930090000188a30005003200d300900077
:10208000805878000080fb00d10198000a003700da
:10209000120020008f80e90003007800bcfc0700dc
:1020a000800078000080eb000100e00002003200b8
:1020b000eff897000180fb000080fa0000000600a6
:1020c000e8ff370080007800040037003104e000aa
:1020d00002003a00000051000000060001017800f3
:1020e0000108a300f9ff3a0081017800310178006e
:1020f000f4ef2f00020242000281ea0002016200b6
:102100000408280004016100f7ff32008300780012
:10211000010178003104e000fdff3a0000005100a9
:102120000000060002002f00f3ff2f00820f500076
:10213000838f5800040036000000ea0080ac88005d
:102140000080eb008080eb0000000600f1fb2f0018
:1021500080804000f98f500001003e000050a00038
:1021600000000600f9ff3700f1f92f0080804000e1
:10217000f98f500001003e00f005b200000006009b
:10218000f9ff37000000060083fa0700fdff070093
:10219000fcff3700881f780000047800000820004a
:1021a000808f50001700350010082000808f5000ed
:1021b0000b00340030082000808f500011003a00de
:1021c0009200780068805000000978003002be005c
:1021d0002003be00049cbe000694be00070037002a
:1021e0009202780064805200000978001000be005e
:1021f0000b000700009cbe000294be0010002000ef
:10220000010037000000eb004f04780000000600da
:1022100000c0da000000060000c0da00000006007e
:10222000810378001d0007000001be006000b800b7
:102230000478a30013003a006220e10015003e007c
:102240000d0039008301d1000281d3008180d300c9
:102250008301d1000281d3008180d3008301d100aa
:102260000281d3008180d3000538b000c42add008c
:10227000f300b2008381720007f0a70003f0a00012
:102280000000060083ff2700020020006110b90053
:10229000f9ff370003ff2700f7ff3700c70ade000a
:1022a000f107b200f50fb20008003200e1cf4200a2
:1022b000020032000170a00024000500810f7000b0
:1022c000010032000408050044000500810f700081
:1022d00002003a00140005008502e90000004000f9
:1022e00081c04800fcff3b000170a00024000500f5
:1022f000020ab900001bb9000200b80081004200c8
:102300008100430000000600889fbe008a9fbe0037
:1023100030044200b0844a0030054b0090854b00e9
:102320006000b1000898be000a90be000440e100c1
:1023300005c8e10006d0e10007d8e1000200310045
:10234000680040001008e8004f05be004f04be00c2
:1023500000000600889fbe008a9fbe003004be00b9
:102360002005be000418540005985c0006185d00a6
:1023700007985d00110020000440e10005c8e1005d
:1023800006d0e10007d8e100010039008000eb0031
:10239000108810004f05be004f04be00000006006c
:1023a0001200fa00889fbe008a9fbe008c9fbe006c
:1023b000e0b79f00f1b79f0082bf9f0093bf9f00cf
:1023c0000605be000404be000000eb00d0b79f006d
:1023d000c0b79f00b0b79f00a0b79f0090b79f0005
:1023e000000678005fb19700cfb0970082014100ee
:1023f0003fb097000200e00004003d0037000700f6
:102400007e805700c0ff070003003700330007003d
:102410007e805700cfff0700dfb697000d00e00079
:102420000c0035006fb29700ffb297000fbb97000a
:102430009fbb970010002000010020006011b80031
:1024400000027200818272000203730083837300b2
:102450001b0007000c06e80001042000810f560055
:10246000e0ff3a000d00e00004003d000802be005d
:102470000a03be007e805700a3ff07005fa89700f5
:102480000000e00005003a001fb29700afb29700cd
:102490003fb39700cfb39700090007006fb09700d4
:1024a000ffb097000fb997009fb997004f06be0085
:1024b0004f05be004f04be000080fa000000060079
:1024c0000100070000000600a4b79f00b5b79f00f9
:1024d000c6b79f00d7b79f00000006004f09de0077
:1024e00082817100b3b79f004f01de008180400000
:1024f00082807000a1b79f008fb097004f09de0067
:10250000000040000200700090b79f007fa8970075
:102510004f01de00818040008280700081b79f0003
:102520000d0007004f3ade0000004000040070007c
:10253000f0af9f00080007000402420085824a00b5
:1025400006034b0087834b00dfff07000802be0035
:102550000a03be00000006002fb29700bfb297002a
:102560004fb39700dfb3970000000600881f780084
:1025700018002000881f780089ff07008f87e90076
:102580004f04780000000600801feb0084ff070066
:102590008f87e90000000600889fbe008a9fbe006a
:1025a000e00f5000e08f5800e00f5900e08f590015
:1025b0000c003d006044b8006055b80000005400b5
:1025c00081805c0002015d0083815d0018002000b5
:1025d0001500070008003d00180007000004eb008c
:1025e000050037000004eb000f00070002003d006b
:1025f0001200070018002000dcff07000800e000c0
:10260000060032006022b8006033b80000005200bb
:1026100081805a0002015b0083815b004f05be0090
:102620004f04be0000000600e00f5200e08f5a0089
:10263000e00f5b00e08f5b00000006006044b80024
:102640006055b8000402540085825c0006035d00fa
:1026500087835d0000000600889fbe008a9fbe0041
:102660008c1f7800e00f5000e08f5800e00f5900f9
:10267000e08f59000d003d006044b8006055b8007f
:102680000000540081805c0002015d0083815d00d8
:102690001c0020000820e10009a8e1000ab0e100c8
:1026a0000bb8e1000d003d00080037000006eb000c
:1026b000e00f5200e08f5a00e00f5b00e08f5b00fc
:1026c00006003d006044b8006055b80004025400a4
:1026d00085825c0006035d0087835d00aaff07001a
:1026e0000c00e000060032006022b8006033b80041
:1026f0000000520081805a0002015b0083815b0070
:102700004f0678004f05be004f04be0000000600d3
:020000040000fa
:102710007561000072740000005500004152000015
:1027200054200000646500006d6f00000a0d000079
:1027300000250000640d00000a0000004572000042
:10274000726f0000723a0000206900006e7600008f
:10275000616c000069640000206900006e70000078
:10276000757400000d000000307800002573000033
:102770000d0a0000000000001111000022220000dc
:1027800033330000444400005555000066660000e5
:10279000777700008888000099990000aaaa0000b5
:1027a000bbbb0000cccc0000dddd0000eeee000085
:1027b000cecd0000acab0000040000004944000096
:1027c0004c45000000a50000a5a50000a5a500003f
:1027d000a5a50000a5a50000a5a50000a5a50000d1
:1027e000a5a50000a5a50000a5a50000a500000066
:1027f000546d00007220000053760000630000005a
:10280000626c0000696e00006b00000075610000e2
:0c281000727400000000000004000000d2
:020000040000fa
:10281c001000fa0020079800310798004207980032
:10282c00530798006407980075079800a0032000d0
:10283c00d21c0700000f78001e0078000000e0009a
:10284c0012003200a20320008000eb001e00780072
:10285c005af807004e00900000004000c71c07000b
:10286c00800078001e007800610898001e00780037
:10287c00600890000000e00004003a001e007800a0
:10288c003a1d07000000eb00000f78001e007800d6
:10289c000000e000120032004e0090008000eb00bf
:1028ac000001eb00821f78009e0378007e039000ed
:1028bc00ee0290005e0290000001be00be0090008f
:1028cc002e0090000b0007008f87e9001e00780097
:1028dc006f0007001000200010079800020037005e
:1028ec000080eb00100798001e0090000080fa009a
:1028fc00000006001400fa00200798003107980029
:10290c0042079800530798006407980075079800d1
:10291c00060f9800170f98004e0090000000400022
:10292c00800078001e08900060089000010178007b
:10293c00510a200021f807001e089000e0089000c2
:10294c00110798001e089000e00890004e019000be
:10295c00f0ff270000004100000040008080400094
:10296c001e089000711098003e0090000000e000de
:10297c00180032000000eb00000f78000d0037004b
:10298c003e0090001e004000904078001e08900011
:10299c001e0040007e004000014878003e00900080
:1029ac001e004000104078000004e00005003200da
:1029bc001e0fe8001e007800ef0f5000f0ff3600ed
:1029cc0001003700000000001e0890008040eb0062
:1029dc00516898007e009000e40f50000200360011
:1029ec0040002000700798001e089000fe00900028
:1029fc00510898001e089000fe00900001189800e5
:102a0c001e0890000080e8005a2007001e08900065
:102a1c006e004000572007001e0890009e08900092
:102a2c00510098007e0090008000eb0052002000c6
:102a3c000300200000005100818059001e09900005
:102a4c0070019800010998001e0890009e089000e3
:102a5c00310898006e019000ae0090001e009000ae
:102a6c00f6210700800078001e089000010878000d
:102a7c000e0890000000e000030032000e089000e9
:102a8c009e089000010878000080fa000000060003
:102a9c000400fa0010079800642207003040800000
:102aac000000e80030408800004080000000e0009a
:102abc0007003a009e0090000140880030408000e2
:102acc00e10f50000d003a00600607000b003700c4
:102adc00704080000000e00008003a0000408000d8
:102aec00d00890001e00900050089000808f50007d
:102afc0002003e009e00900001408800c040800013
:102b0c000000e800c04088001e009000d008900033
:102b1c0060408000808f5000030036001e00900043
:102b2c0050089000604088001e00900050089000f3
:102b3c006c00b90080007800a045210000804000a6
:102b4c0090009000010f78001e0090009e0078000d
:102b5c00310098001e007800b00090001e0090001c
:102b6c00410098001e007800300090009e009000fc
:102b7c008180e800210098001e0090008080e80011
:102b8c001e007800310098001e0090005008900044
:102b9c006c00b90080007800a045210080804000c6
:102bac001e009000610098001e00900050089000dc
:102bbc006c00b90080007800a04521000080400026
:102bcc00900078008100e8000108780024220700ba
:102bdc00704080000000e0000900320000408000de
:102bec00d00890001e00900050089000808f50007c
:102bfc00030031000a5f020000000000000000002a
:102c0c000080fa00000006000600fa001007980089
:102c1c00210798000000eb00000f78001e009000c8
:102c2c00ae009000e00f5000e08f5800070032001b
:102c3c00170107000001eb001e009000ae00900091
:102c4c00170b070018010700000f78001e00780012
:102c5c000000e00003003a000a5f020000000000e0
:102c6c00000000000080fa00000006000c00fa00d2
:102c7c0050079800de00900011079800004080007b
:102c8c009e009000808f500003003a000000eb0083
:102c9c00000f780016003700e42107001e0090009a
:102cac00e000900021079800114080003107980047
:102cbc002140800041079800e9210700ae009000f8
:102ccc003e009000808f500004003200ae00900057
:102cdc004e009000808f500003003a00200020002e
:102cec00000f78000200370010002000000f780061
:102cfc001e0078000080fa00000006000600fa00b2
:102d0c0020079800c92107002e0090000000e00069
:102d1c0002003a0000408000010037002e009000b5
:102d2c00000f78001e007800d00890001107980062
:102d3c00cb2107001e0090000080fa000000060066
:102d4c000800fa00300798000000eb00000f780034
:102d5c003e0090000000e00002003a0000408000bd
:102d6c00010037003e009000100798001e009000f4
:102d7c00d0089000210798002e0090000080fa00e7
:102d8c00000006000e00fa0050079800610798003a
:102d9c000000eb00000f78006e009000e40f500074
:102dac000200360040002000600798009f210700b9
:102dbc005e0090000000e00002003a00004080003d
:102dcc00010037005e009000100798001e00900074
:102ddc008018900021079800ae0090006e009000c3
:102dec00808f500077003200ee0090002e00900093
:102dfc00808f50000c003600004080009e00900038
:102e0c00808f50000e00320000408000d0089000ef
:102e1c006e009000808f500009003e0010002000d2
:102e2c00000f780006003700004080009e009000e4
:102e3c00808f500002003a0010002000000f780034
:102e4c001e009000d0089000310798001e009000e2
:102e5c00801890001e00900050089000808f500049
:102e6c0003003a001e009000ee00900051089800fc
:102e7c001e009000ee009000011898001e009000bb
:102e8c008008900070009000e00f5000e08f580018
:102e9c00090035006e0090008000eb00520020000d
:102eac000300200000005100818059001e01900099
:102ebc0070019800010998001e00900060019000bc
:102ecc003e0090006c00b90080007800a045210005
:102edc0000804000800f510034003a001e0090002a
:102eec000080e800811f07001e009000d0089000b1
:102efc0060408000808f5000030036001e00900060
:102f0c0050089000604088001e009000500890000f
:102f1c006c00b90080007800a045210000804000c2
:102f2c0090009000410798001e009000ce00900089
:102f3c00310098004e009000b00090001e009000f0
:102f4c00410098004e009000300090009e009000d0
:102f5c008180e800210098001e0090008080e8002d
:102f6c004e009000310098001e0090005008900018
:102f7c006c00b90080007800a045210080804000e2
:102f8c001e009000610098001e00900050089000f8
:102f9c006c00b90080007800a04521000080400042
:102fac00900078008100e800010878001e0078008d
:102fbc000000e000030032000a5f02000000000085
:102fcc0000000000262107000080fa000000060027
:102fdc000200fa00e58120000002eb008001eb000a
:102fec0002082000e13d29006021220008fe0700b4
:102ffc00000f78001e007800e10f500002003a002c
:10300c00f7140700000f78001e007800e10f500045
:10301c0010003a0011028000f0f12f0000806000d7
:10302c000050a0001002880000000000000000000a
:10303c000080eb008080eb00d0408800e1408800ed
:10304c0010002000704088000828ef000a28ef00cc
:10305c00c7200700e09e84000080fa0000000600f4
:10306c000000fa0011028000f0f12f0000806000d7
:10307c000050a000100288000000000000000000ba
:10308c000e28ef00d22007000080fa000000060096
:10309c000000fa00004180000000e80000418800b8
:1030ac000080fa00000006000e00fa000000eb00a1
:1030bc00000f78000000eb0010079800db200700e1
:1030cc00004180000000e9000041880000418000c0
:1030dc000000e000a5003a00304080000000e00055
:1030ec00a200320077003700b0a5800040009000ad
:1030fc00000f78001e007800c0089000410798006f
:10310c001e007800100890009e007800a108900026
:10311c00310098001e007800200890009e00780076
:10312c0091089000210098004e00900090009000b3
:10313c001e0178006e004100808f500004003a00a0
:10314c001e007800a00890004e009000110098001e
:10315c001e0078008000eb00410898004e009000a3
:10316c00100078008000e9004e0090000108780003
:10317c001e007800e0019000530798001e007800b4
:10318c00300090009e007800c10090003100980043
:10319c001e007800400090009e007800b100900066
:1031ac00210098005e009000900090001e80e800c6
:1031bc00808f500004003a001e007800c000900080
:1031cc005e009000110098001e0078008000eb005b
:1031dc00610098005e009000100078008000e9000b
:1031ec005e009000010878001e007800d008900066
:1031fc0060408000808f5000030036001e00780075
:10320c0050089000604088001e0078005008900024
:10321c006c00b90080007800a045210000804000bf
:10322c0090009000610798001e0078006e019000dd
:10323c00320098006e009000b00090001e007800e4
:10324c00410098006e009000300090009e80e800d5
:10325c00210098009e80e8006e00900031009800dc
:10326c001e007800500890006c00b90080007800b7
:10327c00a0452100808040001e007800610098006d
:10328c001e007800500890006c00b9008000780097
:10329c00a045210000804000900078008100e800eb
:1032ac00010878001e007800d008900000408000d3
:1032bc0050089000808f5000020039001000200050
:1032cc00a040880070a580000000e00086ff3a0056
:1032dc001e0078000000e0000100320078040700b6
:1032ec0082408000934080002207980033079800aa
:1032fc002e009000be009000e00f5000e08f5800b0
:10330c00120032003e0107000000e0000200320013
:10331c0010002000a04088002e009000be009000fd
:10332c0061005000e0805800200798003107980099
:10333c002e009000be009000e00f5000e08f58006f
:10334c00f0ff3a001028ef001228ef00a040800098
:10335c000000e0000500320010002000100798006b
:10336c000a5f020000000000000000003c20070083
:10337c001e0090000080fa00000006000400fa0015
:10338c002a2007004240800053408000028fbe007c
:10339c00332007001e00be000080fa00000006006b
:1033ac000600fa000000eb00000f7800424080009d
:1033bc005340800012079800230798001e009000cd
:1033cc00ae0090000080fa00000006000000fa0039
:1033dc00304080000080fa00000006000400fa0073
:1033ec00100798001e0090000000e00002003a0058
:1033fc0000408000010037001e009000000f780094
:10340c009e0078007e8040000080fa0000000600dc
:10341c001400fa00000f9800110f98000000eb0048
:10342c00000f78000e089000100078000000e000fb
:10343c005b0032008e089000310798003e0090002f
:10344c0010009000a00090003e0090001100980029
:10345c003e009000900090003e0090006400400000
:10346c00808f500005003a003e0090001000900044
:10347c00a00090003e009000110098003e009000cb
:10348c001000900040009000400798000e0990003a
:10349c00520798005e00900010009000a000900071
:1034ac005e009000110098005e009000900090006b
:1034bc005e00900064004000808f500005003a00d0
:1034cc005e00900010009000a00090005e00900044
:1034dc00110098005e0090001000900040009000d9
:1034ec00600798000000eb00200798000000eb003c
:1034fc00100798001c003700ee0090001e00900092
:10350c007e00400061417800624f98009e08900058
:10351c001e00900000804000904078006e489000a3
:10352c0080cf5000030032001000200020079800cc
:10353c00070037006e4890000004e00004003a00d9
:10354c00ee009000010f780010002000200798007a
:10355c002e0090000000e00007003a001e009000d2
:10356c000000e800100798001e009000ef0f5000bc
:10357c00e1ff360001003700000000001e0078005b
:10358c000000e00005003a00ee0090004e009000b4
:10359c00808f5000bdff3a00010037000000000092
:1035ac001e0078000080fa00000006000600fa00f9
:1035bc002007980050002000000f7800b4fe070090
:1035cc001e0fe9001e0078006c00b9008000780026
:1035dc00a045210000804000ae0090008cff070049
:1035ec00100798001e0090000000e00004003a0054
:1035fc001e0078000000e000f1ff3a0001003700e7
:10360c00000000001e0090000000e00004003a00e2
:10361c0010408000ae0090007dff0700100798005e
:10362c001e0090000000e00004003a0020408000e2
:10363c00ae00900076ff0700100798009afe070076
:10364c001e0090000080fa00000006000600fa0040
:10365c0010079800210798008dfe0700731f0700c4
:10366c0082408000934080001e009000ae009000cd
:10367c000200400083804800804088009140880010
:10368c00771f070088fe0700000f78001e007800e7
:10369c000080fa00000006000800fa0030079800cd
:1036ac00be0090001107980079fe07003e009000c4
:1036bc006efd0700e20f50004b003a001000200096
:1036cc00000f78001e0090000080e800871d0700a6
:1036dc00561f07001e009000400890000000e000fc
:1036ec00060032001e0090006e0040007f1d070097
:1036fc001e00900011c0b30011789800581f0700ed
:10370c001e009000d008900060408000808f500018
:10371c00030036001e0090005008900060408800a6
:10372c001e009000500890006c00b90080007800da
:10373c00a0452100008040009000900021079800d7
:10374c001e009000ae009000310098002e009000fa
:10375c00b00090001e009000410098002e009000d8
:10376c00300090009e0090008180e80021009800bd
:10377c001e0090008080e8002e0090003100980020
:10378c001e009000500890006c00b900800078007a
:10379c00a0452100808040001e0090006100980030
:1037ac001e009000500890006c00b900800078005a
:1037bc00a045210000804000900078008100e800c6
:1037cc00010878001e009000d00890000040800096
:1037dc0050089000808f500005003600100020002b
:1037ec00a0408800020037000000eb00000f7800ba
:1037fc002dfe07001e0078000080fa000000060075
:10380c001400fa000000eb00000f7800004180006b
:10381c000000e000c2003a004040800051408000af
:10382c0061004000e08048001007980021079800d4
:10383c001e019000ae019000424088005340880069
:10384c001e009000ae009000e00f5000e08f58007a
:10385c000a003a0013408000330798002040800093
:10386c0010408800be00900021408800b0408000cd
:10387c000000e800b040880011030700d040800031
:10388c00e14080001e019000ae019000800f5100bd
:10389c00818f59009c0039000100370000000000a6
:1038ac0010408000100078000000e00005003a0095
:1038bc000080eb008080eb00d0408800e140880065
:1038cc0091003700104080004000900040009000b4
:1038dc00400798004e00900010019000a00190004d
:1038ec0052079800630798001e019000ae019000eb
:1038fc005e009000ee009000800f5100818f590007
:10390c00050031005e019000ee019000d24088006d
:10391c00e34088007c0037004e009000e0019000ee
:10392c00730798004e00900030009000ce0090007d
:10393c00c1009000310098004e00900040009000b3
:10394c00ce009000b1009000210098007e00900005
:10395c00900090004e0090000080e800808f500096
:10396c0004003a004e009000c00090007e009000d1
:10397c00110098004e0090008000eb006100980050
:10398c007e009000100078008000e9007e0090001e
:10399c00010878004e009000400890000000e00004
:1039ac001f0032004e009000c0089000010f9800dc
:1039bc004e00900010089000ce009000a1089000de
:1039cc00310098004e00900020089000ce0090002e
:1039dc0091089000210098000e0890009000900033
:1039ec004e0090006e004000808f500004003a00a2
:1039fc004e009000a00890000e0890001100980056
:103a0c004e0090008000eb00410898000e089000da
:103a1c00100078008000e9000e0890000108780082
:103a2c004e009000d008900060408000808f5000c5
:103a3c00030036004e009000500890006040880053
:103a4c004e009000500890006c00b9008000780087
:103a5c00a04521000080400010019000120f98003a
:103a6c004e0090009e099000330098001e089000b4
:103a7c00b00090004e009000410098001e0890008d
:103a8c0030009000ce0090008180e800210098006a
:103a9c004e0090008080e8001e08900031009800d5
:103aac004e009000500890006c00b9008000780027
:103abc00a0452100808040004e00900061009800dd
:103acc004e009000500890006c00b9008000780007
:103adc00a045210000804000900078008100e800a3
:103aec00010878004e009000d00890000040800043
:103afc0050089000808f500068ff360010002000a6
:103b0c00000f780066ff3700a04080000000e00046
:103b1c000900320010002000000f7800060037006a
:103b2c00804080009140800061004000e0804800af
:103b3c0080408800914088001e0078000080fa00c8
:103b4c00000006000600fa00004180000000e000c2
:103b5c000300320010002000a0408800390037001c
:103b6c001428ef000040800070109000100798009f
:103b7c001e009000740050001007980042012000b5
:103b8c00313e29001e00900077f307000000e00092
:103b9c000400320000408000fe0040000040800025
:103bac00e520070061408000010f7800010037001c
:103bbc001e0fe9001e0078006c00b9008000780030
:103bcc00a045210000804000100078000000e000bb
:103bdc00f7ff32001e0078006c00b90080007800fe
:103bec00a045210000804000200798002e00900086
:103bfc0010009000a00090002e0090001100980082
:103c0c002e009000900090002e0090006400400068
:103c1c00808f500005003a002e009000100090009c
:103c2c00a00090002e009000110098002e00900033
:103c3c001000900040009000004088009e0078002a
:103c4c00614088000080fa00000006000600fa00bf
:103c5c00000f78001207980023079800004080009e
:103c6c006e004000800078001e007800e61b070004
:103c7c00120020001e009000ae0090000807070004
:103c8c000080fa00000006000c00fa0010079800f3
:103c9c0022079800330798004407980055079800ae
:103cac00024080002e009000be00900001f0a000a9
:103cbc0070019800010998001e009000900090007f
:103ccc00010f7800004080009e00780011089800d9
:103cdc00004080009e007800b10090002108980000
:103cec001e0078003000900001408000ee80400003
:103cfc002100980000408000ee0040001e0078007b
:103d0c0031009800004080009e009000410898000f
:103d1c001e009000100078008000e8001e0090004b
:103d2c0001087800120020004e009000de00900088
:103d3c00db0607000080fa00000006000a00fa000b
:103d4c001007980022079800330798004107980045
:103d5c001e00900090009000010f78000040800041
:103d6c009e00780011089800004080009e007800aa
:103d7c00b1009000210898001e00780030009000df
:103d8c0001408000ee80400021009800004080003f
:103d9c00ee0040001e0078003100980000408000ca
:103dac009e009000410898001e00900010007800c2
:103dbc008000e8001e009000010878004e00900082
:103dcc000000e000040032000080eb008080eb007b
:103ddc0020079800310798004e0190002e009000ab
:103dec00be009000ae0607000080fa00000006003e
:103dfc000e00fa00600798006e00900040009000e2
:103e0c0040009000100798001e009000c008900021
:103e1c00210798001e009000100890009e00900052
:103e2c00a1089000310098001e009000200890001e
:103e3c009e00900091089000210098002e009000a8
:103e4c00900090001e0090006e004000808f50008b
:103e5c0004003a001e009000a00890002e00900074
:103e6c00110098001e0090008000eb0041089800a3
:103e7c002e009000100078008000e9002e009000c9
:103e8c0001087800004180000000e00051003a0079
:103e9c001e009000e0009000310798001e0090007a
:103eac00300090009e009000c100900031009800fe
:103ebc001e009000400090009e009000b100900009
:103ecc00210098003e009000900090001e00900091
:103edc000080e800808f500004003a001e00900023
:103eec00c00090003e009000110098001e00900051
:103efc008000eb00610098003e00900010007800fc
:103f0c008000e9003e009000010878001e0090003f
:103f1c00d008900060408000808f50000300360075
:103f2c001e00900050089000604088001e00900019
:103f3c00500890006c00b90080007800a04521006a
:103f4c000080400090009000410798001e009000f7
:103f5c00ce009000310098004e009000b000900010
:103f6c001e009000410098004e0090003000900020
:103f7c009e0090008180e800210098001e009000b7
:103f8c008080e8004e009000310098001e009000e8
:103f9c00500890006c00b90080007800a04521000a
:103fac00808040001e009000610098001e00900070
:103fbc00500890006c00b90080007800a0452100ea
:103fcc0000804000900078008100e8000108780033
:103fdc001800370081a58000510798001e00900042
:103fec00de009000110898005e009000b000900078
:103ffc001e009000210898005e0090003000900098
:10400c009e009000ee804000210098001e00900061
:10401c00ee0040005e009000310098001e00900001
:10402c00e14a21004108980070a580000000e800da
:10403c0070a588001e009000d00890000040800001
:10404c0050089000808f50000500360010002000b2
:10405c00000f780010002000a040880002003700fc
:10406c000000eb00000f78001e0078000080fa00c2
:10407c00000006000e00fa00400798005207980056
:10408c00630798005e009000ee00900001f0a00025
:10409c004e0190000089be004e0090004000900040
:1040ac00000f78004e009000d0009000110798008f
:1040bc004e00900020009000ce009000b1009000c7
:1040cc00310098004e00900030009000ce0090001f
:1040dc00a1009000210098001e009000900090001c
:1040ec004e009000808f500004003a004e0090006b
:1040fc00b00090001e009000110098004e0090003f
:10410c008000eb00510098001e0090001000780019
:10411c008000e9001e009000010878001e00780065
:10412c00e0009000210798001e00780030009000fd
:10413c009e007800c1009000310098001e007800ad
:10414c00400090009e007800b10090002100980083
:10415c002e009000900090001e80e800808f500090
:10416c0004003a001e007800c00090002e00900061
:10417c00110098001e0078008000eb006100980090
:10418c002e009000100078008000e9002e009000b6
:10419c00010878001e007800d00890006040800074
:1041ac00808f5000030036001e00780050089000ed
:1041bc00604088001e007800500890006c00b90028
:1041cc0080007800a0452100008040009000900005
:1041dc00310798001e007800be0090003100980056
:1041ec003e009000b00090001e0078004100980046
:1041fc003e009000300090009e80e8002100980066
:10420c009e80e8003e009000310098001e0078006f
:10421c00500890006c00b90080007800a045210087
:10422c00808040001e007800610098001e0078001d
:10423c00500890006c00b90080007800a045210067
:10424c0000804000900078008100e80001087800b0
:10425c001e007800d00890000040800050089000ac
:10426c00808f50000200360010002000a040880013
:10427c000080fa00000006000200fa00000f78002f
:10428c006a1c0700b14080001e007800010878000d
:10429c0040408000514080001e01780010019800c1
:1042ac00210198006e1c07000080fa000000060037
:1042bc000200fa00000f7800b14080001e00780068
:1042cc000108780040408000514080001e017800b9
:1042dc0010019800210198000080fa0000000600ef
:1042ec000e00fa0050079800610798004f1c070059
:1042fc00424080005340800012079800230798002a
:10430c005e009000a0009000100090001e01900034
:10431c00ae019000000051008180590030079800d8
:10432c004107980000408000107890000004e000e5
:10433c0006003200004080008040eb0011789800ad
:10434c0010002000000f78002c0037005e00900059
:10435c0090007800b0408000808f50000e0032003a
:10436c005e00900010019000a00190001e009000d3
:10437c00ae009000800f5100818f590006003e0066
:10438c0010002000000f78006e0190006000b80053
:10439c000089be00190037006e0090001001be00ad
:1043ac003e009000ce009000800f5100818f59008c
:1043bc000d0036006e0090001001be003e00900013
:1043cc00ce00900000005100818059006e019000d9
:1043dc000089be005e009000b5ff07000000eb00f6
:1043ec00000f7800050037006e0190006000b800e7
:1043fc000089be0010002000000f7800181c070078
:10440c001e0078000080fa00000006000000fa0090
:10441c0010002000a04088000080fa000000060078
:10442c000200fa00000f780022000700d0a28000e2
:10443c00e10f5000030036000a5f0200000000008c
:10444c0000000000b81e0700f7ff37000200fa005a
:10445c000000eb00000f7800070037001e0078000a
:10446c006c00b90080007800a0452100008040005d
:10447c00a51907001e0fe8001e007800e40f50007d
:10448c00f6ff3600604921009f190700204a2100e1
:10449c009d190700e04a21009b1907006049210083
:1044ac0010408800204a2100204088000080fa003b
:1044bc00000006000000fa000080fa000000060070
:1044cc000000fa0010408000100078000000e000ae
:1044dc0005003a000080eb008080eb00d0408800a3
:1044ec00e14088000500370010408000400090003b
:1044fc001000be00d0408800e14088000080fa0027
:10450c00000006000200fa0001408000010f780054
:10451c001e0078000080fa00000006000200fa007d
:10452c00704080000000e00003003a001000200002
:10453c00000f780008003700004180000000e00008
:10454c0003003a0020002000000f78000200370022
:10455c000000eb00000f78001e0078000080fa00cd
:10456c00000006000800fa0030079800be0090001a
:10457c00110798000000eb00000f78003e0090003f
:10458c000000e000680032001e009000d00890008f
:10459c000040800050089000808f50005a0031007d
:1045ac001e0090008008900070009000e00f5000fa
:1045bc00e08f58000a003500004080005008900041
:1045cc008000eb005200200003002000000051008e
:1045dc00818059001e01900070019800010998001b
:1045ec001e009000600190001e009000500890008a
:1045fc006c00b90080007800a045210000804000cc
:10460c00800f510039003a001e0090000080e80035
:10461c00b619070000408000d00890001e009000e2
:10462c00510898001e009000d00890006040800057
:10463c00808f5000030036001e0090005008900040
:10464c00604088001e009000500890006c00b9007b
:10465c0080007800a0452100008040009000900070
:10466c00210798001e009000ae00900031009800c9
:10467c002e009000b00090001e00900041009800a9
:10468c002e009000300090009e0090008180e80089
:10469c00210098001e0090008080e8002e00900001
:1046ac00310098001e009000500890006c00b9007a
:1046bc0080007800a0452100808040001e00900002
:1046cc00610098001e009000500890006c00b9002a
:1046dc0080007800a0452100008040009000780008
:1046ec008100e800010878000400370000408000d9
:1046fc00d00890001e009000510898001000200077
:10470c00000f7800080037001e0090008018900001
:10471c000040800050089000808f50000200310053
:10472c0010002000000f78001e0078000080fa00b6
:10473c00000006000800fa0030079800be00900048
:10474c00110798000000eb00000f78003e0090006d
:10475c000000e000530032001e0090001018900082
:10476c008000e9001e009000111898001e009000b7
:10477c00d00890001e00900000189000808f500010
:10478c00480032001e009000101890000000e0005d
:10479c0044003a001e0090000080e8005319070006
:1047ac001e009000801890001e0090005108980088
:1047bc001e009000500890008000eb00520020007a
:1047cc000300200000005100818059001e01900060
:1047dc0070019800010998001e009000d00890000c
:1047ec0060408000808f5000030036001e00900057
:1047fc0050089000604088001e0090005008900007
:10480c006c00b90080007800a045210000804000b9
:10481c0090009000210798001e009000ae009000c0
:10482c00310098002e009000b00090001e00900007
:10483c00410098002e009000300090009e009000e7
:10484c008180e800210098001e0090008080e80024
:10485c002e009000310098001e009000500890002f
:10486c006c00b90080007800a045210080804000d9
:10487c001e009000610098001e00900050089000ef
:10488c006c00b90080007800a04521000080400039
:10489c00900078008100e8000108780010002000ea
:1048ac00000f78001e0078000080fa00000006005f
:1048bc000e00fa005007980061079800de00900087
:1048cc001107980010002000200798005e0090004f
:1048dc000000e000660032001e009000801890007e
:1048ec006e009000808f500003003100ee009000ad
:1048fc00010f7800030037001e0090008018900014
:10490c00010f78001e009000500890009e0f500080
:10491c00570032001e009000901890002e0090005e
:10492c00808f500052003a001e009000d00890007a
:10493c00310798001e0090009e00780051089800e6
:10494c001e0090008008900070009000e00f500056
:10495c00e08f5800090035001e0078008000eb0045
:10496c0052002000030020000000510081805900fb
:10497c001e01900070019800010998001e00900023
:10498c00600190003e0090006c00b900800078003f
:10499c00a045210000804000800f510034003a00f7
:1049ac001e0090000080e800d01807001e00900048
:1049bc00d008900060408000808f500003003600cb
:1049cc001e00900050089000604088001e0090006f
:1049dc00500890006c00b90080007800a0452100c0
:1049ec000080400090009000410798001e0090004d
:1049fc00ce009000310098004e009000b000900066
:104a0c001e009000410098004e0090003000900075
:104a1c009e0090008180e800210098001e0090000c
:104a2c008080e8004e009000310098001e0090003d
:104a3c00500890006c00b90080007800a04521005f
:104a4c00808040001e009000610098001e009000c5
:104a5c00500890006c00b90080007800a04521003f
:104a6c0000804000900078008100e8000108780088
:104a7c000080fa00000006000400fa0000408000ec
:104a8c007001900080099000028fbe0004408000ed
:104a9c0000408000500890008000eb005200200085
:104aac000300200000005100818059007002980022
:104abc00010a98001e00be000080fa0000000600eb
:104acc000000fa00004080000000e000040032000a
:104adc0000408000901890008100e80011189800a8
:104aec00004080000080fa00000006000c00fa0074
:104afc002007980031079800420798005307980048
:104b0c004a1a0700014080002e0090006d00400002
:104b1c004200dd00008040001000be00e00f50009d
:104b2c00e08f580012003a00014080002e009000e7
:104b3c00008040008003b00011c0b3000148780031
:104b4c004e009000de009000e00f5000e08f580007
:104b5c0007003200120020004e009000de00900092
:104b6c004f0307000a5f0200000000000000000075
:104b7c003b1a07002d1a0700014080002e00900000
:104b8c006d0040004200dd0000804000301f7800c6
:104b9c00201778001e00be00e00f5000e08f580078
:104bac00150032003e0090000000e00008003200ca
:104bbc00014080002e0090006d0040004200dd009e
:104bcc00008140006000b8000089be000a00370078
:104bdc00034080000082eb008082eb003e0042002c
:104bec00ae804a002e0190006d0141004211dd00a3
:104bfc00028141000089be00014080002e0090001f
:104c0c00008040008003b0008040eb000148780039
:104c1c00131a07001e00be000080fa0000000600f8
:104c2c001200fa00889fbe008a9fbe0010079800f1
:104c3c0022079800330798004407980055079800fe
:104c4c006107980076079800070f9800f71907007e
:104c5c00014080001e0090008003b000614078008d
:104c6c00e24f50002a003200044080001e009000e9
:104c7c006d0040004200dd00000042001001be004b
:104c8c002e009000be0090000080ea008180ea00b7
:104c9c00820278000301780080017800810078009e
:104cac0003806200810061008105780000057800b6
:104cbc000a00be001e0190006d0141004211dd0092
:104ccc00020142000089be00014080001e009000dd
:104cdc00008040008003b00011c0b3000148780090
:104cec007e0090008e089000e00f5000e08f58007e
:104cfc0007003200120020007e0090008e08900009
:104d0c00e70207000a5f020000000000000000003c
:104d1c00d3190700c51907006e0090000000e000d1
:104d2c0008003200014080001e0090006d00400021
:104d3c004200dd00008040001000be006e019000bb
:104d4c000089be00014080001e0090008003b0006e
:104d5c0061407800e24f5000030032000000eb008d
:104d6c00000f78001a003700044080001e009000ed
:104d7c006d0040004200dd00000042001001be004a
:104d8c004e009000de0090000080ea008180ea0076
:104d9c00820278000301780080017800810078009d
:104dac0003806200810061008104780000047800b7
:104dbc000800be001e0190006d0141004211dd0093
:104dcc00020142000089be0010002000000f780094
:104ddc00014080001e009000008040008003b00065
:104dec008040eb00014878009d1907001e007800f8
:104dfc004f05be004f04be000080fa000000060004
:104e0c001600fa0050079800610798007207980086
:104e1c00030f9800140f9800250f98001000200025
:104e2c00000f7800de009000110798007f19070032
:104e3c002e0890000000e000080032009e00900058
:104e4c006e0090006d0040004200dd0000804000cc
:104e5c001000be002e0990000089be009e0090003c
:104e6c006e0090008003b0006141780042479800ca
:104e7c009e0090006e009000008040008003b00007
:104e8c0021c0b300014878001e089000e20f5000ca
:104e9c001d003200e20f500005003e000000e00053
:104eac0040003200e10f5000060032003e00370097
:104ebc00e30f500023003200e40f50002a003200b0
:104ecc00390037009e0090006e0090006d0040008d
:104edc004200dd00008040001001be007e0090000a
:104eec008e08900000007100818071009e0190007e
:104efc006e0190006d0141004211dd000281410004
:104f0c000089be00280037009e0090006e009000c3
:104f1c006d0040004200dd00008040001000be002b
:104f2c0061004000e08048009e0190006e019000fe
:104f3c006d0141004211dd00028141000089be007b
:104f4c00190037009e0090006e0090006d0040002c
:104f5c004200dd00008040007e0190008e09900030
:104f6c000288be00100037004e409000e24f500007
:104f7c00090032009e0090006e0090006d00400011
:104f8c004200dd00008040007e0190008e09900000
:104f9c000288be00040037000000eb00000f780010
:104fac0001003700000000004e409000e14f50001f
:104fbc0059003a001e009000e00190003307980061
:104fcc001e009000300090009e009000c1009000e8
:104fdc00310098001e009000400090009e00900050
:104fec00b1009000210098003e00900090009000cd
:104ffc001e0090000080e800808f500004003a00f2
:10500c001e009000c00090003e009000110098001f
:10501c001e0090008000eb00610098003e009000a4
:10502c00100078008000e9003e0090000108780034
:10503c001e009000d008900060408000808f5000cf
:10504c00030036001e00900050089000604088005d
:10505c001e009000500890006c00b9008000780091
:10506c00a04521000080400090009000410798006e
:10507c001e0090004e019000320098004e009000ef
:10508c00b00090001e009000410098004e0090006f
:10509c00300090009e0090008180e8002100980074
:1050ac001e0090008080e8004e00900031009800b7
:1050bc001e009000500890006c00b9008000780031
:1050cc00a0452100808040001e00900061009800e7
:1050dc001e009000500890006c00b9008000780011
:1050ec00a045210000804000900078008100e8007d
:1050fc00010878001e009000d0089000004080004d
:10510c0050089000808f5000030036000a5f0200a8
:10511c000000000000000000d11807001e007800fd
:10512c000080fa00000006001c00fa0070079800ce
:10513c00010f9800120f9800230f9800340f98005d
:10514c00450f9800560f980010002000000f7800b3
:10515c00fe009000110798000000eb00200798005b
:10516c004e0890000000e000080032009e00900005
:10517c000e0890006d0040004200dd0000804000f1
:10518c001000be004e0990000089be009e009000e9
:10519c000e0890008003b0006141780062479800cf
:1051ac009e0090000e089000008040008003b0002c
:1051bc0021c0b300014878003e089000e20f500077
:1051cc001d003200e20f500005003e000000e00020
:1051dc0040003200e10f5000060032003e00370064
:1051ec00e30f500023003200e40f50002a0032007d
:1051fc00390037009e0090000e0890006d004000b2
:10520c004200dd00008040001001be001e0890002e
:10521c00ae08900000007100818071009e0190002a
:10522c000e0990006d0141004211dd000281410028
:10523c000089be00280037009e0090000e089000e8
:10524c006d0040004200dd00008040001000be00f8
:10525c0061004000e08048009e0190000e09900023
:10526c006d0141004211dd00028141000089be0048
:10527c00190037009e0090000e0890006d00400051
:10528c004200dd00008040001e099000ae09900035
:10529c000288be00100037006e409000e24f5000b4
:1052ac00090032009e0090000e0890006d00400036
:1052bc004200dd00008040001e099000ae09900005
:1052cc000288be00040037000000eb00000f7800dd
:1052dc0001003700000000006e409000e14f5000cc
:1052ec007a003a00004180000000e00051003a00d2
:1052fc001e009000e0019000430798001e009000f3
:10530c00300090009e009000c10090003100980089
:10531c001e009000400090009e009000b100900094
:10532c00210098004e009000900090001e0090000c
:10533c000080e800808f500004003a001e009000ae
:10534c00c00090004e009000110098001e009000cc
:10535c008000eb00610098004e0090001000780077
:10536c008000e9004e009000010878001e009000bb
:10537c00d008900060408000808f50000300360001
:10538c001e00900050089000604088001e009000a5
:10539c00500890006c00b90080007800a0452100f6
:1053ac000080400090009000510798001e00900073
:1053bc005e019000320098005e009000b0009000fa
:1053cc001e009000410098005e009000300090009c
:1053dc009e0090008180e800210098001e00900043
:1053ec008080e8005e009000310098001e00900064
:1053fc00500890006c00b90080007800a045210096
:10540c00808040001e009000610098001e009000fb
:10541c00500890006c00b90080007800a045210075
:10542c0000804000900078008100e80001087800be
:10543c001800370083a58000630798001e009000b9
:10544c00ee009000110898006e009000b0009000e3
:10545c001e009000210898006e0090003000900013
:10546c009e009000ee804000210098001e009000ed
:10547c00ee0040006e009000310098001e0090007d
:10548c00e14a21004108980070a580000000e80066
:10549c0070a588001e009000d0089000004080008d
:1054ac0050089000808f5000080036005e08900075
:1054bc000000e000030032005e08900011002000a4
:1054cc000108780010002000a04088001e00780021
:1054dc000080fa00000006001200fa006007980035
:1054ec0071079800020f9800ee009000010f7800f1
:1054fc000000eb00100798009e0078007e009000e2
:10550c008003b00061417800424798009e0078000b
:10551c007e009000008040008003b00021c0b300ea
:10552c00014878009e0078007e0090006d004000dd
:10553c004200dd00008040001000be006100400011
:10554c00e08048009e0178007e0190006d014100d2
:10555c004211dd00028141000089be004e409000e6
:10556c00e14f500077003a00004180000000e0005d
:10557c004e003a001e007800e000900031079800c1
:10558c001e007800300090009e007800c100900052
:10559c00310098001e007800400090009e007800ba
:1055ac00b1009000210098003e0090009000900007
:1055bc001e80e800808f500004003a001e00780026
:1055cc00c00090003e009000110098001e00780072
:1055dc008000eb00610098003e0090001000780005
:1055ec008000e9003e009000010878001e00780061
:1055fc00d008900060408000808f5000030036007f
:10560c001e00780050089000604088001e00780052
:10561c00500890006c00b90080007800a045210073
:10562c000080400010019000420798001e00780096
:10563c00ce009000310098004e009000b000900019
:10564c001e007800410098004e0090003000900041
:10565c009e80e800210098009e80e8004e0090009b
:10566c00310098001e007800500890006c00b900c2
:10567c0080007800a0452100808040001e0078004a
:10568c00610098001e007800500890006c00b90072
:10569c0080007800a0452100008040009000780038
:1056ac008100e800010878001800370082a580000e
:1056bc00520798001e007800de0090001108980038
:1056cc005e009000b00090001e0078002108980049
:1056dc005e009000300090001e017800ee0041004a
:1056ec00210098001e017800ee0041005e00900041
:1056fc00310098001e007800e14a21004108980012
:10570c0070a580000000e80070a588001e007800dd
:10571c00d00890000040800050089000808f50000e
:10572c00080036000e0890000000e0000300320074
:10573c000e089000110020000108780010002000d5
:10574c00a04088000080fa00000006000800fa0063
:10575c0020079800310798002e0090000000e00010
:10576c0002003a0000408000010037002e0090003b
:10577c00100798002d1707009e0090003e00900027
:10578c008003b00061407800e24f500009003a00fd
:10579c009e0090003e009000008040008003b0000e
:1057ac008040eb000148780010002000000f7800ca
:1057bc00020037000000eb00000f780028170700ec
:1057cc001e0078000080fa00000006000e00fa00af
:1057dc00889fbe0030079800410798005207980038
:1057ec00630798003e0090000000e00002003a00c1
:1057fc0000408000010037003e009000000f780050
:10580c000a1707009e0078004e0090006d004000c3
:10581c004200dd00008040001001be00120798001d
:10582c00230798009e0078004e0090006d00400009
:10583c004200dd00008040001001be005e009000c0
:10584c00ee0090000080ea008180ea0002027800fd
:10585c000301780080017800810078000300620069
:10586c008100610081047800000478000800be000b
:10587c009e0178004e0190006d0141004211dd0047
:10588c00028141000089be00f51607001e00900041
:10589c00ae0090004f04be000080fa00000006002d
:1058ac000e00fa0040079800510798006207980014
:1058bc004240800053408000028fbe0000408000b8
:1058cc008040eb0011789800004080000080e800d8
:1058dc00061507004e009000de0090003e014000cf
:1058ec00ae8148000200be002007980031079800e6
:1058fc00004080002e019000be0190001200980024
:10590c00230098002e009000be009000be0f5000a7
:10591c00ae8f580005003100004080008080e80008
:10592c0020408000b81407000f00370000408000b2
:10593c008080e80010408000b3140700d040800045
:10594c00e14080002e019000be019000800f5100bc
:10595c00818f5900040031002e019000be0190008f
:10596c00d2408800e34088000080fa000000060066
:10597c000800fa002007980031079800100020005a
:10598c00000f7800ae009000110798001e009000e8
:10599c000000e0004c0032001e009000101090003f
:1059ac000000e000480032001e0090001010900033
:1059bc008080eb0000017800110009008280d80083
:1059cc00800078001e00900020109000808f500006
:1059dc003d003900951607001e009000100178005c
:1059ec001e009000901090001e009000201090005f
:1059fc000088b90000007800800041001e00900073
:105a0c00210098001e0090008000eb00011098000f
:105a1c001e009000900078001e009000110098006d
:105a2c001e009000100178001e00900010109000d5
:105a3c008000e9001e009000201090000088b90042
:105a4c0000007800800041001e009000310098009a
:105a5c001e00900080c0eb00616098001e0090005a
:105a6c0080c0eb00716098003e0090000000e000e8
:105a7c000d003a001e009000400090000000e00075
:105a8c000f0032001e00900068004000d8f807009c
:105a9c000000e0000a0032000a5f02000000000073
:105aac0000000000060037001e0090006800400057
:105abc00151407001e00900074004000121407001b
:105acc0067160700020037000000eb00000f78009b
:105adc001e0078000080fa00000006000c00fa009e
:105aec003007980041079800224f98000000eb0007
:105afc00000f78003e0090000000e000270032000c
:105b0c008080eb003e00900000017800110009003d
:105b1c008280d800800078004e009000808f50006a
:105b2c001e003900be0090004e0090000088b900a5
:105b3c008000780050fd2f00808f500017003e0031
:105b4c00be0090004e0090000088b9000000780064
:105b5c00100798001e009000a002b000071007006c
:105b6c00000f78001e0078000000e0000b003200ef
:105b7c009e007800210798002e009000a002b00033
:105b8c00200798001e027800ae4990002e0190006c
:105b9c00ce0090003e009000030007001e0078002d
:105bac000080fa00000006000a00fa00000f7800de
:105bbc001107980022079800634798004407980043
:105bcc001e0090000000e00004003a00ce0090009f
:105bdc004e0090000108780003003700ae009000e2
:105bec004e009000010878004e0090009e00780056
:105bfc00111098004e0090009e009000211098000b
:105c0c00110020004e00900059ff07004e0090003c
:105c1c008000eb00411098000080fa0000000600a4
:105c2c000200fa00000f78001e0078000000e0006f
:105c3c000e0032001e0078008000eb00210098005e
:105c4c001e0078008000eb00010878001e00780030
:105c5c008000eb00310098000002eb006011b800ee
:105c6c008000eb001e0078002c0007000080fa007a
:105c7c00000006000800fa006047980010002000a1
:105c8c00000f78000000eb00100798006e419000a8
:105c9c009e0090001e00780090ff070020079800df
:105cac002e009000deff07002e0090000080fa000e
:105cbc00000006000600fa00100798002107980063
:105ccc000000eb00000f78001e0090000000e000c8
:105cdc000f003200ae0090001e009000808f50002c
:105cec000b003e0022c0b3008000eb001e009000b1
:105cfc007aff0700000f78001e0078000000e0001b
:105d0c00030032001e007800ae00900001109800d5
:105d1c001e0078000080fa00000006001800fa004f
:105d2c0070079800010f9800120f9800230f98002d
:105d3c00340f98000000eb00000f7800fe0090007c
:105d4c00110798000100370000000000b71507008c
:105d5c001e009000801090001e009000101090000b
:105d6c00808f5000030039003e089000e20f500075
:105d7c0032003a001e00900080109000210798001d
:105d8c003e0990008e0890001e0090002103070031
:105d9c00300798001e009000401090000000e000ba
:105dac000e0032003e089000e20f500003003a0053
:105dbc002e0090000000e0001d003a001e00900034
:105dcc00ca0507000000e000180032000a5f02005c
:105ddc000000000000000000150037001e009000bd
:105dec00200890000000e000090032001e00900026
:105dfc0074004000fef707000000e0000c003200c9
:105e0c000a5f0200000000000000000008003700dc
:105e1c003e0090000000e000050032000a5f020026
:105e2c00000000000000000001003700000000002e
:105e3c008b15070010002000420037001e08900050
:105e4c00ae089000e00f5000e08f580003003a00bd
:105e5c00831507000000eb003a0037001e007800a5
:105e6c000000e00004003a006800470010f9070049
:105e7c0010002000000f78007915070084f407004b
:105e8c006a1507001e00900060609000e14f400012
:105e9c0003003a001e0090008040eb006160980007
:105eac001e00900070609000e14f400003003a002b
:105ebc001e0090008040eb00716098006815070090
:105ecc00f20047006800470005f907000000e000f9
:105edc0018003a001e009000b40307000000e00018
:105eec00100032001e089000ae0890001e019000b9
:105efc00680241000001be000400780053f707005f
:105f0c001e0090004703070067f407000000e00044
:105f1c008dff3a000a5f0200000000000000000044
:105f2c008aff37001e0090003e0307005ef4070056
:105f3c0086ff37001e0090003a0307005af4070052
:105f4c000000eb000080fa00000006001400fa00cc
:105f5c006007980071079800020f9800130f9800c3
:105f6c00ee009000110798000000eb00200798004d
:105f7c001e009000801090001e00900010109000e9
:105f8c00808f5000030039001e089000e20f500073
:105f9c0045003a001e009000f060900061479800a8
:105fac001e00900080109000410798001e09900080
:105fbc00fe0090001e009000960207006e409000bc
:105fcc00e14f400025003a001e0090004010900068
:105fdc000000e000110032001e089000e20f50009b
:105fec0003003a004e0090000000e0002b003a0045
:105ffc001e0090003d0507000000e0002400320068
:10600c000e0890000000e000230032000e08900003
:10601c001100200001087800200037001e009000bd
:10602c00200890000000e0001c0032001e009000d0
:10603c00740040006ef707000000e000170032000b
:10604c000e0890000000e000140032000e089000d2
:10605c00110020000108780010003700dbf4070065
:10606c00500798006e4090008000fb005e0090008e
:10607c00808f5000090031006e4090000040e80015
:10608c00804078001e00900071609800030037007b
:10609c00000000000100370000000000100020008c
:1060ac00000f7800020037000000eb00000f7800b2
:1060bc001e0078000080fa00000006001000fa00b4
:1060cc006007980071079800ee0090001107980087
:1060dc000000eb00200798001e009000801090003c
:1060ec00310798001e009000901090003e00900028
:1060fc00808f5000380036001e009000f060900039
:10610c00014f98003e0090008000e8001e009000b7
:10611c00011098000e489000e14f40001f003a001b
:10612c001e009000401090000000e0000b003200b8
:10613c001e009000ed0407000000e0002300320078
:10614c007e0090000000e000200032007e009000f5
:10615c0011002000010878001c0037001e00900080
:10616c00200890000000e000180032001e00900093
:10617c00740040001ef707000000e000130032001e
:10618c007e0090000000e000100032007e009000c5
:10619c0011002000010878000c0037008bf4070078
:1061ac00500798000e4890008000fb005e009000a5
:1061bc00808f5000050031000e4890000040e80030
:1061cc00804078001e009000716098001000200044
:1061dc00000f7800020037000000eb00000f780081
:1061ec001e0078000080fa00000006001400fa007f
:1061fc006007980071079800020f9800130f980021
:10620c000000eb00000f7800ee00900011079800e2
:10621c000300370000000000010037000000000000
:10622c00821407001e009000801090002107980037
:10623c002e0090000000e00016003200fe009000de
:10624c001e009000550207002e0090008000e9000f
:10625c001e009000011098001e009000400090005d
:10626c000000e000080032001e00900068004000b2
:10627c00dff607000000e000030032000a5f0200b6
:10628c000000000000000000751407001000200042
:10629c00460037000e0890009e089000e00f50005a
:1062ac00e08f580003003a006d1407000000eb006b
:1062bc003e0037001e0078000000e00004003a00a9
:1062cc0066004700faf7070010002000000f780066
:1062dc00631407006ef30700541407001e009000af
:1062ec0060609000e14f400003003a001e009000f7
:1062fc008040eb00616098001e0090007060900080
:10630c00e14f400003003a001e0090008040eb007b
:10631c007160980052140700f000470066004700b7
:10632c00eff707000000e00018003a001e00900094
:10633c007e0207000000e000100032000e08900002
:10634c009e0890001e019000740241000001be00e6
:10635c00040078003df607001e0090003102070093
:10636c0051f307000000e000aaff3a000a5f0200a8
:10637c000000000000000000a9ff37001e00900084
:10638c002802070048f30700a5ff37001e00900005
:10639c002402070044f307001e009000630207006c
:1063ac000000e0009dff32000000eb000080fa00ce
:1063bc00000006001600fa00000f9800120f98005b
:1063cc00230f98000000eb00000f78008e0890005f
:1063dc00210798000000eb0010079800030037001d
:1063ec000000000001003700000000000f1407003f
:1063fc002e00900080109000310798003e00900015
:10640c000000e0001a0032003e0090008000e9001d
:10641c002e009000011098002e00900010007800c3
:10642c000000e00003003a00a5f90700ae00900060
:10643c00a00098002e009000400090000000e000aa
:10644c00080032002e0090006800400068f607003b
:10645c000000e000030032000a5f020000000000b0
:10646c0000000000fe130700100020005c00370045
:10647c001e089000ae089000e00f5000e08f58000e
:10648c0003003a00f61307000000eb00540037003d
:10649c001e0078000000e00004003a006a0047008b
:1064ac0083f7070010002000000f7800ec130700a2
:1064bc00f7f20700dd1307002e00900060609000db
:1064cc00e14f400003003a002e0090008040eb00aa
:1064dc00616098002e00900070609000e14f4000c9
:1064ec0003003a002e0090008040eb007160980091
:1064fc00db130700f20047006a00470078f707003b
:10650c000000e00022003a002e0090000702070075
:10651c000000e0001a0032002e00900010007800fd
:10652c000000e00006003a00c01307002e009000a7
:10653c00200090000bf8070010079800c813070004
:10654c001e089000ae0890002e01900074024100cd
:10655c000001be0004007800bcf507002e0090007e
:10656c00b0010700d0f207000000e0009cff3a00e9
:10657c000a5f020000000000000000009bff3700d3
:10658c002e009000a7010700c7f2070097ff370005
:10659c002e009000a3010700c3f207002e0090000c
:1065ac00e20107000000e0008fff32001e009000a7
:1065bc000000e000090032009c1307002e00900040
:1065cc0003010700400798002e0090002000900067
:1065dc00ce009000b6f80700a11307000000eb00f6
:1065ec000080fa00000006001600fa007007980000
:1065fc00010f9800120f9800230f98000000eb0079
:10660c00000f7800fe00900011079800030037007f
:10661c000000000001003700000000008313070099
:10662c001e00900080109000210798002e00900012
:10663c000000e000180032001e009000b000900036
:10664c00310798008e0890001e009000530107003f
:10665c001e009000be009000310098001e009000bb
:10666c00200890000000e000080032001e0090009e
:10667c0074004000def507000000e000030032006b
:10668c000a5f020000000000000000007413070005
:10669c0010002000460037001e089000ae08900045
:1066ac00e00f5000e08f580003003a006c13070015
:1066bc000000eb003e0037001e0078000000e000f8
:1066cc0004003a0068004700f9f6070010002000ab
:1066dc00000f7800621307006df2070053130700d8
:1066ec001e00900060609000e14f400003003a00f3
:1066fc001e0090008040eb00616098001e0090002e
:10670c0070609000e14f400003003a001e009000c2
:10671c008040eb007160980051130700f2004700b5
:10672c0068004700eef607000000e00018003a0091
:10673c001e0090007d0107000000e00010003200f8
:10674c001e089000ae0890001e01900074024100db
:10675c000001be00040078003cf507001e0090000c
:10676c003001070050f207000000e000a8ff3a00db
:10677c000a5f02000000000000000000a7ff3700c5
:10678c001e0090002701070047f20700a3ff370007
:10679c001e0090002301070043f207001e0090002a
:1067ac00620107000000e0009bff32000000eb00dc
:1067bc000080fa00000006001200fa006007980042
:1067cc0071079800020f9800ee00900011079800d6
:1067dc000000eb00200798001e0090008010900035
:1067ec00310798003e0090000000e0002c003200c1
:1067fc001e009000e0609000014f9800fe00900099
:10680c001e009000e50007003e0090008000e900ab
:10681c001e009000011098000e489000e14f4000bf
:10682c0010003a001e009000400090000000e000b4
:10683c00180032001e009000680040006cf5070044
:10684c000000e000130032000e0890000000e00091
:10685c00100032000e089000110020000108780092
:10686c000c003700d9f20700500798000e48900032
:10687c008000fb005e009000808f5000050031000e
:10688c000e4890000040e800804078001e00900008
:10689c006160980010002000000f780002003700a3
:1068ac000000eb00000f78001e0078000080fa005a
:1068bc00000006000c00fa004007980051079800f1
:1068cc00ce009000110798000000eb002007980004
:1068dc001e009000001090000000e0000c00320040
:1068ec001e009000b000900031079800de00900070
:1068fc001e009000a90007001e009000be00900032
:10690c003100980010002000000f780002003700c2
:10691c000000eb00000f78001e0078000080fa00e9
:10692c00000006000400fa0010079800bf120700d0
:10693c001e00900080109000010f7800c812070014
:10694c001e0078000080fa00000006000600fa0025
:10695c0020079800ae009000010f7800b3120700da
:10696c001e007800901090001e007800001090001f
:10697c000080500010079800b91207001e0090000c
:10698c000080fa00000006000600fa0020079800bc
:10699c00ae009000010f78001e007800801090006f
:1069ac00110798001e0090000080fa0000000600fd
:1069bc000400fa00100798009e009000010f780068
:1069cc001e007800e90c07000080fa0000000600a9
:1069dc000400fa00100798001e0090002008900098
:1069ec000000e000060032001e00900060089000dd
:1069fc001000be0000007800650f10000200370088
:106a0c000000eb00000f78001e0078000080fa00f8
:106a1c00000006000a00fa002007980031079800d1
:106a2c00420798000000eb00000f78002e00900049
:106a3c0080109000110798002e00900020109000fc
:106a4c000000e0000c003a002e00900010007800ce
:106a5c000000e0004a003a002e0090002000900058
:106a6c0034f70700000f78002e0090008000eb0038
:106a7c0021009800420037004e0090000000e0001a
:106a8c0019003a002e009000a01090002e009000eb
:106a9c001000900001017800be009000c0e70700d4
:106aac002e009000900090002e009000201090007e
:106abc00808040002e009000110098002e00900065
:106acc00900090002e00900020009000808f5000cd
:106adc002b0039002e009000900078002e009000c2
:106aec0011009800260037002e009000a010900096
:106afc002e0090003000900001017800be00900044
:106b0c00a7e707002e009000b00090002e00900028
:106b1c00201090000000ea00808040002e009000c1
:106b2c00310098002e009000b00090002e009000d4
:106b3c0010007800808f5000080031002e0090006b
:106b4c00a00090002e009000201090000000ea00a1
:106b5c00808040002e009000310098004e00900084
:106b6c00e20f500006003a001e0090000000e0000a
:106b7c00030032001e0090000000e900100798008e
:106b8c001e0090008000e8002e009000011098007c
:106b9c001e0078000080fa00000006000400fa00d5
:106bac00000f7800110798001e007800201090004c
:106bbc000000e000190032001e007800b0009000c8
:106bcc001e00780020109000808040001e0078008d
:106bdc00310098001e007800b00090001e00780074
:106bec0020009000808f5000040039001e007800b7
:106bfc00900078001e007800310098001e0078008c
:106c0c00a01090001e007800300090000101780068
:106c1c00800078001e00900061e707000080fa00f9
:106c2c00000006000400fa0010079800ff1107008e
:106c3c001e009000f0609000014f780015003700a6
:106c4c001e009000401090000000e0000600320092
:106c5c001e009000250207000000e0000c0032002e
:106c6c00eaf507000a0037001e009000200890008b
:106c7c000000e0000b0032001e0090007400400089
:106c8c005bf407000000e00001003200dff50700b4
:106c9c001e4fe9001e4078000004e000e8ff3c00b5
:106cac0001003700000000001e00900080c0eb00c7
:106cbc0071609800ea110700dc1107001e009000bb
:106ccc00e0609000114798000d0037001e00900006
:106cdc00400090000000e0000d0032001e0090000b
:106cec006800400042f407000000e00001003200a0
:106cfc00c6f507001e4090000040e90010479800c0
:106d0c001e4090000004e000f0ff3c000100370042
:106d1c00000000001e00900080c0eb006160980035
:106d2c00cf1107000080fa00000006000400fa00f2
:106d3c0010079800bd1107001e0090000010900075
:106d4c000000e00003003a0010002000000f780063
:106d5c00020037000000eb00000f7800c0110700a4
:106d6c001e0078000080fa00000006000600fa0001
:106d7c0020079800ae009000110798001e009000ac
:106d8c00001090000000e00003003a00100020000a
:106d9c00000f7800020037000000eb00000f7800b5
:106dac001e0078000080fa00000006000400fa00c3
:106dbc00100798009d1107001e0090008010900095
:106dcc001e00900010109000808f500003003a00bd
:106ddc0010002000000f7800020037000000eb00cc
:106dec00000f78009e1107001e0078000080fa004a
:106dfc00000006000600fa0020079800ae00900084
:106e0c00110798001e009000801090001e0090004a
:106e1c0010109000808f500003003a0010002000ea
:106e2c00000f7800020037000000eb00000f780024
:106e3c001e0078000080fa00000006000c00fa002a
:106e4c0020079800310798004207980053079800d4
:106e5c00ae0090001107980011028000f0f12f0095
:106e6c00008060000050a0001002880000000000ac
:106e7c00000000001e009000ccff07000000e000a6
:106e8c00190032004e009000de009000e00f500020
:106e9c00e08f58000d0032001e009000680040008a
:106eac00000178004e009000de009000420d0700bb
:106ebc0011028000f0f12f000080600010028800a9
:106ecc0000000000c0ff2f003300370011028000cb
:106edc00f0f12f000080600010028800000000001c
:106eec000000eb002c00370011028000f0f12f00a5
:106efc000080600010028800000000001102800079
:106f0c00f0f12f00008060000050a00010028800fb
:106f1c0000000000000000001e0090008010900097
:106f2c001e00900010109000808f50001200310055
:106f3c000001eb00be0090001e009000b5fe0700a3
:106f4c0010002000000f78001e0090002008900018
:106f5c000000e0000a0032001e00900074004000a7
:106f6c00260e07000000e00005003200b0ff2f00e5
:106f7c00000f7800020037000000eb00000f7800d3
:106f8c0011028000f0f12f000080600010028800d8
:106f9c00000000001e0078000080fa0000000600cf
:106fac000c00fa002007980031079800420798005f
:106fbc0053079800ae009000110798001102800052
:106fcc00f0f12f00008060000050a000100288003b
:106fdc0000000000000000001e0090000010900057
:106fec000000e00019003a004e009000de00900016
:106ffc00e00f5000e08f58000d0032001e00900092
:10700c0074004000000178004e009000de009000fb
:10701c00e90c070011028000f0f12f0000806000e5
:10702c001002880000000000c0ff2f004b0037004a
:10703c0011028000f0f12f00008060001002880027
:10704c00000000000000eb0044003700110280003b
:10705c00f0f12f000080600010028800000000009a
:10706c0011028000f0f12f00008060000050a000a1
:10707c001002880000000000000000001e009000bc
:10708c00001090000000e0002c0032001e00900068
:10709c00b00090001e0090002010900080804000f6
:1070ac001e009000310098001e009000b00090006f
:1070bc001e00900020009000808f500004003900ca
:1070cc001e009000900078001e0090003100980087
:1070dc001e009000001090008000e9001e0090003f
:1070ec00011098001e009000a01090001e0090004f
:1070fc003000900001017800800078003e00900084
:10710c0027e6070010002000000f78001e009000fa
:10711c00400090000000e0000a0032001e009000c9
:10712c0068004000b50d07000000e00005003200cb
:10713c00b0ff2f00000f7800020037000000eb00ba
:10714c00000f780011028000f0f12f000080600029
:10715c0010028800000000001e0078000080fa0079
:10716c00000006000800fa0010079800210798009c
:10717c00320798009e009000010f78001e007800e6
:10718c00801090001e00780010109000808f50002e
:10719c00120031000001eb00ae0090001e007800e0
:1071ac001cfe07003e0090000000e0000b003a00bf
:1071bc001e007800200890000000e000070032005c
:1071cc009e007800748040008c0d07000000e000e9
:1071dc000200320010002000010037003e00900039
:1071ec000080fa00000006000a00fa002007980050
:1071fc003107980042079800ae00900011079800e4
:10720c001e009000001090000000e00031003200e1
:10721c001e009000b00090001e0090002010900006
:10722c00808040001e009000310098001e009000ed
:10723c00b00090001e00900020009000808f500045
:10724c00040039001e009000900078001e00900091
:10725c00310098001e009000001090008000e900a2
:10726c001e009000011098001e009000a0109000cd
:10727c001e00900030009000010178008000780022
:10728c003e009000c6e507004e009000100078000c
:10729c000000e0000c003a001e009000400090003e
:1072ac000000e000080032001e0090006800400062
:1072bc00520d07000000e000030032004e00900069
:1072cc00110020000108780010002000000f780049
:1072dc00020037000000eb00000f78001e00780061
:1072ec000080fa00000006000a00fa00100798005f
:1072fc002207980033079800410798009e009000e1
:10730c00010f7800491007001e00780060609000a3
:10731c00e14f400003003a001e0078008040eb0073
:10732c00616098001e00780070609000e14f400092
:10733c0003003a001e0078008040eb00716098005a
:10734c00471007001e007800001090000000e000bd
:10735c0006003a009e00780074804000ce00900039
:10736c002e019000be01900074f207001e00780000
:10737c002cfe07000080fa00000006000400fa0052
:10738c00100798000041eb00210020001e00900027
:10739c00d2f90700000f78001e0078000080fa0078
:1073ac00000006000600fa0010079800210798005c
:1073bc001e1007001e009000401090000000e0001e
:1073cc00030032000000eb00000f78000c003700c7
:1073dc001e009000001090000000e000030032003e
:1073ec000000eb00000f7800050037001e00900035
:1073fc00ae0090004110980010002000000f7800a3
:10740c00171007001e0078000080fa00000006002c
:10741c000800fa002007980031079800ae00900091
:10742c00110798001e009000c01090003e009000c4
:10743c00808f5000030032000000eb00000f78003a
:10744c000e0037001e009000001090000000e000bd
:10745c00030032000000eb00000f7800070037003b
:10746c00f20f07001e0090008000eb004110980006
:10747c00fb0f070010002000000f78001e007800a2
:10748c000080fa00000006000800fa0010079800bf
:10749c0022079800330798000000eb00000f7800db
:1074ac002e019000be0190008e0078001e0090000e
:1074bc004efb07001e0078000080fa00000006005a
:1074cc000400fa00100798000000eb00000f780091
:1074dc000001eb008e0078001e009000b6fc070047
:1074ec001e0078000080fa00000006000a00fa0076
:1074fc00400798004e009000c010900011079800b3
:10750c000000eb00000f78001e009000801090002f
:10751c001e00900010109000808f5000240031004d
:10752c001e009000f06090004147980068004700f2
:10753c000001eb00800078001e00900035fd070074
:10754c00000f78004e409000e14f40000c003a00d4
:10755c001e009000200890000000e0001400320093
:10756c001e0090007400400021f207000000e000b3
:10757c000f00320010002000000f78000c003700c4
:10758c0092ef0700300798004e4090008000fb00ff
:10759c003e009000808f5000050031004e4090005e
:1075ac000040e800804078001e0090007160980058
:1075bc001e0078000080fa00000006000e00fa00a1
:1075cc00200798003107980042079800530798004d
:1075dc00640798004e009000e10f500003003a0041
:1075ec0010c0b30020479800020037000040eb00a9
:1075fc00204798003e0090000000e00002003a0096
:10760c0010002000300798002e009000f100400080
:10761c002e009000808f5000080036002e00900045
:10762c000000e800200798002e0090007000400039
:10763c0052090700000f7800020037000000eb0031
:10764c00000f78001e0078000000e00009003200f6
:10765c001e017800f00041001e0078006e039000bf
:10766c00de0290002e429000be0190002e01900090
:10767c00410307001e0078000080fa00000006009d
:10768c000400fa00100798009e009000010f78008b
:10769c001e007800604890000080fb0062006000d3
:1076ac000000e00003003a001e007800af0907005c
:1076bc0004003700020120008000eb001e0078005f
:1076cc00bee407000080fa00000006000a00fa0081
:1076dc0040079800ce009000110798000000eb00c6
:1076ec00000f78000000eb00200798000000eb0072
:1076fc00300798004d0f07001e00900040009000ce
:10770c000000e00016003a001e00900050009000af
:10771c000000e00012003a001e009000e0499000ca
:10772c001e009000300190001e009000a000900000
:10773c001e009000600090003e039000ae0290008e
:10774c000342780082017800010178008000780003
:10775c001e0090000803070010002000000f7800a6
:10776c003f0f07001e0078000080fa0000000600a2
:10777c000800fa002007980031079800ae0090002e
:10778c00110798003e0090000000e00002003a0053
:10779c0010002000300798001e009000a000900000
:1077ac003e009000808f5000060036001e009000b6
:1077bc00be0090003100980010002000000f7800ef
:1077cc00020037000000eb00000f78001e0078006c
:1077dc000080fa00000006000800fa00300798004c
:1077ec00be009000110798001e00900090007800d9
:1077fc00210798001e009000a00090001e00900031
:10780c0010007800008f40001e00900010009000c7
:10781c001e0f10001e009000900078002e009000ab
:10782c00808f5000f0ff3a001e0fe9001e00900000
:10783c00200090009e0f500003003e001e009000a0
:10784c00200090001e0f10001e0078000080fa002f
:10785c00000006000600fa0020079800ae00900019
:10786c00010f78001e007800af0207001007980087
:10787c001e0090000080fa00000006001a00fa00ba
:10788c00000f9800110f9800220f9800340f9800e9
:10789c00450f98008e089000210798000000eb001f
:1078ac00000f7800ae089000110798000000eb0064
:1078bc00300798002e009000200090000000e90096
:1078cc00300798002e009000604890000080fb006c
:1078dc0061006000004078000004e0000b00320002
:1078ec001e0090000080e800100798009e00900099
:1078fc003e009000808f50000a0036006000b800f7
:10790c00300f9800410f9800060037009e00900041
:10791c003e009000808f500002003600be009000a8
:10792c00110798003e089000ce089000e00f500020
:10793c00e08f5800240032006a0047004ef2070026
:10794c00ba0e07002e009000a3ff0700000f78006e
:10795c001e0090009e007800808f500018003100af
:10796c008000eb000000eb0078f70700e5f2070061
:10797c00ae009000d0009800b90e07003e089000b1
:10798c00ce0890000003be008000eb006022b8001f
:10799c006011b8000000eb00a1f407002e0090006d
:1079ac008000eb0051009800f60047006a00470089
:1079bc004bf207000000e000e1ff3200020037004c
:1079cc00a70e0700000000001e0078000000e00079
:1079dc0003003a002e0090007fff0700000f780094
:1079ec001e0290009e0178002e0990009e089000c7
:1079fc002e00900055000700400798004e009000a4
:107a0c000000e000160032002e0090004602070035
:107a1c00ae009000b1009000810f500010003900b2
:107a2c009bed07002e009000400090000000e0004d
:107a3c000a0032002e009000400090008002eb0003
:107a4c000002eb006011b8008000eb00ecf40700c2
:107a5c002e0090008000eb004100980092ed070092
:107a6c004e0090000080fa00000006001200fa00a0
:107a7c00500798006107980072079800030f980050
:107a8c00de00900011079800fe009000010f7800b6
:107a9c001e009000604890000080fb0061006000b8
:107aac00004078000004e000010032001e8fe80066
:107abc001e00900048ff0700200798001e02780067
:107acc00ae0190007e019000ee0090001e00900030
:107adc001e000700300798003e0090000000e000f8
:107aec00170032001e0090000f0207009e0090004d
:107afc00b1009000810f5000110039000000eb0024
:107b0c00400798001e009000400090000000e0002c
:107b1c000b0032001e009000400090000e0b9000f5
:107b2c008002eb000002eb006011b8008000eb005b
:107b3c007df507001e0090008000eb0041009800ce
:107b4c003e0090000080fa00000006000e00fa00d3
:107b5c0020079800310798004207980053079800b7
:107b6c00640798002e00900090009000010f7800a0
:107b7c002e009000604890000080fb0061006000c7
:107b8c00004078000004e00011003200ce009000ac
:107b9c0011079800de0090006e009000808f50005e
:107bac00080039000e80e8009e01780022002000b9
:107bbc00800078002e0090007a010700000f7800fa
:107bcc00090037000000eb00400798000600370062
:107bdc00ce0090005e009000810f50000100360036
:107bec0001007800400798004e0090000000e00073
:107bfc00080032003e0090009e0178004e0190007b
:107c0c00800078002e00900066010700ae00900006
:107c1c00900098004e0090000080fa0000000600d2
:107c2c001200fa004007980051079800620798006c
:107c3c0074079800050f9800ce009000310798004b
:107c4c000000eb00000f78003e00900060489000b0
:107c5c000080fb0061006000004078000004e00040
:107c6c00030032002000200020079800020037009b
:107c7c000000eb00200798007e0090008e0890001a
:107c8c00e00f5000e08f580021003200e70d070094
:107c9c003e009000a4010700100798009e00900081
:107cac002e009000808f500006003e008000eb00fc
:107cbc000000eb00a5f6070012f20700be009000d2
:107ccc00c0009800e60d07009e0090002e0090006a
:107cdc00808f500011003e007e0390008e0b9000b0
:107cec008000eb006022b8006011b8000000eb00cf
:107cfc00cbf307003e0090008000eb0041009800a1
:107d0c003e00900088010700100798000300370020
:107d1c003e00900084010700100798009e00900020
:107d2c002e009000808f5000190036009e019000ac
:107d3c006e019000de0090003e0090007400070081
:107d4c00000f78001e0078000000e00010003200e8
:107d5c00cfec07004e009000500090000000e000b7
:107d6c000a0032004e009000500090008002eb00a0
:107d7c000002eb006011b8008000eb0020f407005b
:107d8c004e0090008000eb0051009800c6ec0700fc
:107d9c001e0078000080fa00000006000a00fa00bd
:107dac0040079800ce009000110798001e0090002c
:107dbc00604890000080fb0061006000004078008b
:107dcc000004e000140032001e0090005601070071
:107ddc00200798002e009000e20f50000b00360098
:107dec001e0090009000780066004700810178002a
:107dfc0022002000800078001e009000190107006e
:107e0c00be009000010f7800050037000000eb0069
:107e1c00000f7800020037000000eb00000f780024
:107e2c001e0078000080fa00000006001200fa0024
:107e3c00500798006107980072079800030f98008c
:107e4c00de009000210798000000eb00000f780086
:107e5c002e009000604890000080fb0061006000e4
:107e6c00004078000004e0000300320020002000f5
:107e7c0010079800020037000000eb001007980074
:107e8c002e0090002801070030079800be009000db
:107e9c001e009000808f50001a003600be0190002a
:107eac007e019000ee0090002e009000180007005c
:107ebc00000f78001e0078000000e0001100320076
:107ecc000000eb00400798002e009000500090003e
:107edc000000e0000b0032002e00900050009000db
:107eec000e0b90008002eb000002eb006011b8005a
:107efc008000eb008cf407002e0090008000eb005b
:107f0c00510098001e0078000080fa000000060066
:107f1c001000fa004007980051079800620798007b
:107f2c00730798004e00900090007800110798009d
:107f3c004e009000604890000080fb0061006000e3
:107f4c00004078000004e000130032006600470097
:107f5c009e01900022002000800078004e009000ce
:107f6c00c000070010079800be009000010f7800b9
:107f7c007e0090000080e900700798006e00900071
:107f8c009e007800808f5000050036000000eb004a
:107f9c00000f780002003700ee009000010f78000f
:107fac009e0078007e009000810f5000010036008a
:107fbc0001007800200798002e0090000000e000df
:107fcc00080032005e0090009e0190002e0190008f
:107fdc00800078004e009000a2000700ce009000b8
:107fec00800878002e0090000080fa000000060047
:107ffc000800fa0030079800be00900011079800a6
:10800c001e00900090007800210798001e00900040
:10801c00900090002e009000808f500003003a00da
:10802c0010002000000f7800020037000000eb0069
:10803c00000f78001e0078000080fa000000060097
:10804c000800fa0030079800be0090002107980045
:10805c002e009000604890000080fb0061006000e2
:10806c00004078000004e0000300320020002000f3
:10807c0010079800020037000000eb001007980072
:10808c003e009000d4fd07009e009000810f500030
:10809c0003003e0010002000000f780002003700a3
:1080ac000000eb00000f78001e0078000080fa0042
:1080bc00000006000a00fa003007980041079800fb
:1080cc00be009000110798000000eb0020079800fc
:1080dc001e009000400090000000e0000e003200f6
:1080ec001e009000400090004e0390008002eb00b8
:1080fc000002eb006011b8008000eb000af40700ee
:10810c001e0090008000eb00410098001000200041
:10811c00000f7800020037000000eb00000f780021
:10812c001e0078000080fa00000006000a00fa0029
:10813c003007980041079800be0090001107980086
:10814c000000eb00200798001e00900050009000eb
:10815c000000e0000e0032001e0090005000900065
:10816c004e0390008002eb000002eb006011b8009f
:10817c008000eb00ecf307001e0090008000eb0089
:10818c005100980010002000000f7800020037000a
:10819c000000eb00000f78001e0078000080fa0051
:1081ac00000006000a00fa0010079800210798004a
:1081bc0032079800430798001e009000a000900022
:1081cc004e00900000805000be009000810f5000c7
:1081dc000100360001007800000f78001e009000ae
:1081ec00e00090004e009000008040001e017800de
:1081fc00ae009000eae107003e0090009e0f500098
:10820c00070036003e0090001e0150002e0090002a
:10821c009e0040001e00900060009000e0e107000e
:10822c00ce0090003e009000008040004007980077
:10823c001e009000a00090004e009000808f500017
:10824c0005003e001e00900020009000ce00900023
:10825c0000805000400798004e0090000080fa000b
:10826c00000006000a00fa00100798002107980089
:10827c0032079800430798001e009000a000900061
:10828c004e00900000805000be009000810f500006
:10829c000100360001007800000f78001e009000ed
:1082ac00e00090004e009000008040001e0178001d
:1082bc00800078002e009000b9e107003e0090008d
:1082cc009e0f5000070036003e0090001e0150002b
:1082dc001e009000e00090002e0090001e00400058
:1082ec00afe10700ce0090003e00900000804000ff
:1082fc00400798001e009000a00090004e009000d7
:10830c00808f500005003e001e0090002000900061
:10831c00ce00900000805000400798004e00900066
:10832c000080fa00000006000400fa001007980014
:10833c001e009000a00090001e0090001000900005
:10834c00008f40001e009000100078001e0f1000df
:10835c001e009000200090009e0f500003003e0075
:10836c001e009000200090001e0f10001e007800d0
:10837c000080fa00000006000e00fa00000f7800e2
:10838c00110798002207980033079800044f9800b3
:10839c005507980066079800020120008000eb004a
:1083ac001e00780085e107001e0078009e009000fa
:1083bc00610098001e007800ae009000210098002b
:1083cc001e007800be009000310098001e0078005e
:1083dc008e489000614898000080fa00000006006a
:1083ec000200fa000000eb00000f7800900207007a
:1083fc00404280000000e00008003200a58420000c
:10840c00340020008001eb0002082000813f29008d
:10841c00c0432400fee80700000f78001e0078001f
:10842c000080fa00000006000e00fa001007980009
:10843c0022079800330798004107980054079800ca
:10844c006507980080012000cc050700000f78001c
:10845c001e0078000000e0000b0032001e007800c7
:10846c008040eb00615098001e037800ee029000f3
:10847c005e029000ce0090002e019000be01900094
:10848c001e009000030007001e0078000080fa0018
:10849c00000006000e00fa00000f7800120798008a
:1084ac002307980031079800440798005507980057
:1084bc00660798005e0207006e0090001e087800a8
:1084cc006e0090001e019000ae01900072009800aa
:1084dc00030898006e009000ce01900013089800dd
:1084ec006e009000de009000210898006e00900055
:1084fc000080e8009f0907003e0090000000e000ab
:10850c00060032006e0090006050900080407800b1
:10851c000124a0006e009000615098000080fa00c9
:10852c00000006001a00fa00600798007107980016
:10853c00020f9800130f9800240f9800360f980024
:10854c00470f98000000eb00000f780040428000bd
:10855c000000e00023003200fe009000110798009c
:10856c000e0990009e09900022079800330798008e
:10857c00ee019000430798007e009000e50f50003c
:10858c0012003c00e5ef0700e20f500008003a0033
:10859c00404280008e80e8000002eb003e09900013
:1085ac00ce099000ddf50700000f78000d003700b4
:1085bc00404280008e80e8000002eb006011b800a1
:1085cc00d6f50700000f7800060037004042800007
:1085dc008e80e8008001eb002e0990005bf607000e
:1085ec00000f78001e0078000080fa0000000600e2
:1085fc000000fa00504280000080fa0000000600e3
:10860c000400fa00100798009e009000010f7800fb
:10861c001e00780080089000700090000080fa0026
:10862c00000006000600fa001007980021079800c9
:10863c009e009000010f78007c0b07002e0090002c
:10864c000000e000070032001e007800605090002f
:10865c00804078000124a0001e0078006150980032
:10866c00060037001e0078006050900080407800b3
:10867c000124a1001e00780061509800780b0700bf
:10868c000080fa00000006000600fa00200798009f
:10869c00ae00900011079800640b07001e009000bc
:1086ac00605090000080fb00640060000000e0005f
:1086bc0003003a000000eb00000f780002003700c6
:1086cc0010002000000f7800650b07001e007800da
:1086dc000080fa00000006000200fa00000f78008b
:1086ec001e007800e8ff07000080fa00000006007a
:1086fc000800fa0030079800be009000010f7800c7
:10870c001e00780010019000a00190001207980044
:10871c00230798001e009000ae0090000080fa0025
:10872c00000006000400fa00100798009e0090005c
:10873c00010f78001e007800100078000080fa000d
:10874c00000006000a00fa00000f780012079800db
:10875c002307980034079800450798000d00370050
:10876c001e00780080089000700090001e019000a0
:10877c00ae01900002004000838048001007980072
:10878c00210798001e007800a00890001e007800b9
:10879c00010001001e00780070019000800990001b
:1087ac001e009000ae009000020040008380480044
:1087bc001e039000ae0390003e029000ce0290008b
:1087cc000001be001e007800990007000000e000c8
:1087dc00e3ff3a000080fa00000006000a00fa00ed
:1087ec00100798002107980032079800430798005b
:1087fc00204280004000900040009000000f780064
:10880c001e80e800390907001e00780060509000b7
:10881c000080fb00640060000000e00007003200f4
:10882c003e029000ce0290001e019000ae0190001e
:10883c001e007800c3ff0700060037001e007800fa
:10884c0060509000804078000104a1001e00780068
:10885c00615098001e007800a00890001e0078005f
:10886c00010001000080fa00000006000800fa0078
:10887c0030079800640047003d000700008fbe00e1
:10888c002e009000000178001e00be0002000700c0
:10889c00ac000700f7ff37000c00fa003007980017
:1088ac004107980052079800f9e907006400470057
:1088bc0047000700008fbe002e0090000000e00073
:1088cc0026003a005e0090000000e0000b003a0029
:1088dc003e009000ce009000be0f5000ae8f5800ae
:1088ec0006003e00f0e907001e01be003e009000ad
:1088fc00ce009000b9ff07001b0037005e0090000f
:10890c000000e000070032003042800010007800c8
:10891c0000f0a7000000ea000000e9004f00de00b4
:10892c00500798003e009000ce0090003e01500091
:10893c00ae81580040428000de0090006afa0700c9
:10894c00d9e907000000e00006003a000a5f0200c7
:10895c00000000000000000003003700d2e907000f
:10896c0001003700000000000080fa000000060043
:10897c000600fa00200798002042800010007800c2
:10898c0000f0a7000000ea000000e9004f00de0044
:10899c00ae009000800878002e0090001000780047
:1089ac000000e00005003a002042800040009000ea
:1089bc00301f780020177800020037006000b800e4
:1089cc00008fbe001e00be000080fa0000000600f2
:1089dc000600fa002007980068ea0700008fbe0026
:1089ec0060428000714280001e01be00800f510069
:1089fc00818f590005003100f70007002e00900010
:108a0c001100200001087800030037002e009000b0
:108a1c008000eb00010878001e01be006242880055
:108a2c00734288001e00be000080fa0000000600a1
:108a3c001000fa00100798002207980033079800de
:108a4c004407980055079800660798007707980028
:108a5c000000eb00000f78001e0090002e0190002b
:108a6c00be01900012009800230098001e00900098
:108a7c009e019000530098002e019000be019000c2
:108a8c004e009000de009000800f5100818f590045
:108a9c0014003e004e019000de0190006e0090002c
:108aac00fe00900000015100818159001e009000d1
:108abc008008900070009000800f5100818f590049
:108acc000300390010002000000f78001a00370056
:108adc001e0090008080e800304280004a080700a9
:108aec00150037004e019000de0190006e009000e2
:108afc00fe009000800f5100818f59000a00310058
:108b0c002e019000be0190006e009000fe009000bf
:108b1c00800f5100818f5900030039001000200094
:108b2c00000f7800040037001e0090008080e800e1
:108b3c0020428000340807001e0078000080fa00f4
:108b4c00000006001400fa009b0037004e00900055
:108b5c000000e0000c003d0068004700008fe800ba
:108b6c001e007800900278001e007800b000900083
:108b7c00200090001e017800120290000001be003f
:108b8c0004007800050001004e0090000000e00099
:108b9c0089003500fe009000110798001e0090001f
:108bac00600090000000e000030032001e00900006
:108bbc000080e8004d0807007200470084ff0700a2
:108bcc0020079800310798004e009000e50f5000e8
:108bdc0066003200e50f500007003c00e30f500028
:108bec0041003200e30f500046003c00e10f500002
:108bfc006e00350007003700e80f50003a003200d5
:108c0c00e80f500003003500e90f50003d00320022
:108c1c00690037001e009000605090008040780082
:108c2c000104a0001e009000615098005e019000ad
:108c3c00ee0190005e029000ee0290001e0090008b
:108c4c00800890007000900004004000858048006f
:108c5c000203be002e029000be0290000001be0076
:108c6c001e00900072ff07000000e000510032006f
:108c7c001e009000605090000080fb0064006000bb
:108c8c000000e0000d0032005e019000ee0190004b
:108c9c001e009000800890007000900002004000c0
:108cac00838048002e029000be0290000001be009e
:108cbc001e009000a3fe0700060037001e00900067
:108ccc0060509000804078000104a1001e009000cc
:108cdc00615098001e009000a00890001e009000ab
:108cec0001000100340037001e009000605090001d
:108cfc00804078000104a1001e0090006150980093
:108d0c002d0037001e0090006050900080407800cd
:108d1c000104a0001e009000615098005e009000bd
:108d2c00ee0090001e01900070019800010998005f
:108d3c001e00900070019000800990002e009000a1
:108d4c00be00900002004000838048002e0390007b
:108d5c00be0390002e029000be0290000001be00e7
:108d6c001e00900032ff0700130037001e00900019
:108d7c00605090000080fb00620060000000e0008a
:108d8c0003003a001e009000f80307000a003700a9
:108d9c001e00900060509000804078000104a100fb
:108dac001e00900061509800030037000000000086
:108dbc00010037000000000040428000e80047003e
:108dcc006011b80009f507000000e0005fff3a00f1
:108ddc000080fa00000006000600fa0008003700c8
:108dec002042800040009000301f7800201778004f
:108dfc000081eb008081eb001e00be0077fe0700b7
:108e0c0020428000100078000000e000f4ff3a00df
:108e1c0021428000210798003042800020428800c7
:108e2c00ae009000314288000080fa00000006007d
:108e3c000000fa007d090700404280000000e000bd
:108e4c000d003a00605721002f0707002058210021
:108e5c002d07070060572100204288002058210070
:108e6c00304288000041eb00a100200020032000cc
:108e7c001af3070040428800790907000080fa00c5
:108e8c00000006000600fa0020079800ae009000d3
:108e9c0011079800650907001e00900060509000b3
:108eac000080fb00610060000000e00003003a005d
:108ebc000000eb00000f78000200370010002000cb
:108ecc00000f7800660907001e0078000080fa0089
:108edc00000006000600fa0020079800ae00900083
:108eec00010f7800510907001e00780090089000cf
:108efc00110798005a0907001e0090000080fa0024
:108f0c00000006000600fa001007980021079800e0
:108f1c009e009000010f7800440907001e007800a5
:108f2c00ae009000110898004d0907000080fa006f
:108f3c00000006001600fa00600798007107980000
:108f4c00020f9800130f9800240f9800e0ff2f00d9
:108f5c0010079800ee009000210798007e01900009
:108f6c00320798000e0990009e0990004207980065
:108f7c0053079800404280008e80e8008001eb008f
:108f8c002e099000f1f30700000f78001e00780006
:108f9c000080fa00000006001800fa006007980034
:108fac0071079800020f9800130f9800240f980077
:108fbc00350f98000080eb0010079800ee00900031
:108fcc00210798007e019000320798000e0990004e
:108fdc009e09900042079800530798004042800079
:108fec008e80e8000002eb002e099000be09900074
:108ffc004af30700000f78001e0078000080fa008a
:10900c00000006000200fa0000012000db0207004d
:10901c00000f78001e0078000000e000060032000f
:10902c001e0178006000b8000089be009e00780028
:10903c0064804000b40607001e0078000080fa002f
:10904c00000006002800fa00889fbe008a9fbe0020
:10905c008c9fbe0070079800020f9800130f9800a9
:10906c00240f9800350f9800460f9800570f980062
:10907c00fe009000210798000000eb0030079800dc
:10908c0003e807002e0090001001be004207980074
:10909c00530798000e0990009e0990007e009000e6
:1090ac00910107004e019000de0190000e08900027
:1090bc009e08900000007100818071002e099000c4
:1090cc00be099000800278000102780082007800ce
:1090dc000300780081806200000062008004780048
:1090ec00010478000801be002e089000be08900014
:1090fc00800f5100818f59001c003a004e019000e6
:10910c00de0190000e0890009e089000001f710078
:10911c00019771002e0090001001be002e089000e7
:10912c00be0890000080ea008180ea00020278000c
:10913c000301780080017800810078000300620050
:10914c0081006100710f9800600f98006e0890000c
:10915c00fe0890002e0190000089be006000b8004f
:10916c00400f9800510f98001a0037004e089000dd
:10917c00de089000e00f5000e08f58001000320025
:10918c002e099000be099000000020000150200024
:10919c0000007100818071002e0190006403410079
:1091ac004e0a9000de0a90000001be000600780016
:1091bc00b5ea07006000b800008fbe00050037005c
:1091cc002e009000301f780020177800100020002f
:1091dc0030079800b4e70700600798004e0890002d
:1091ec00de089000e00f5000e08f58004e00320077
:1091fc006e0090000000e00003003a000a5f0200dd
:10920c0000000000000000001bee0700008fbe00f5
:10921c0000002000012020001e01be000202780088
:10922c00030178008001780081007800030062005f
:10923c008100610011179800001798000e10900023
:10924c009e109000e00f5000e08f58002a003a006a
:10925c00760807002e009000301f78002017780049
:10926c002e089000be0890001e01be00020278007d
:10927c00030178008001780081007800030062000f
:10928c008100610031179800201798002e11900072
:10929c00be1190002e089000be089000800f510067
:1092ac00818f590011003a002e0090001001be0071
:1092bc002e089000be0890000080ea008180ea0031
:1092cc0002027800030178008001780081007800a8
:1092dc0003006200810061008106780000067800be
:1092ec000c00be002e0190000089be005c08070037
:1092fc001000200030079800f0ff2f00f10f200025
:10930c001e01be0002027800030178008001780083
:10931c008100780003006200810061008105780003
:10932c00000578000a8fbe001e00be004f06be006e
:10933c004f05be004f04be000080fa00000006007e
:10934c002600fa00889fbe008a9fbe008c9fbe003c
:10935c00200f9800320f9800430f9800510f98007f
:10936c00640f9800760f980007179800ae089000cd
:10937c00410798006000b80020079800310798005a
:10938c000000eb005007980041e707004e009000ea
:10939c001001be0062079800730798006e0a9000d7
:1093ac003e099000ce0990006e009000fe009000e7
:1093bc00bb010700000f98000e0890000000e000b1
:1093cc001c0032006e019000fe019000028fbe0066
:1093dc006000b800700f9800011798005e089000ac
:1093ec000000e0003d0032004e0090001001be0075
:1093fc003e089000ce0890000080ea008180ea00d0
:10940c000202780003017800800178008100780066
:10941c00030062008100610021179800101798006a
:10942c001e109000ae1090004e0190000089be00fe
:10943c002a0037007e0890008e109000e00f50003c
:10944c00e08f580006003a006e019000fe0190007b
:10945c00028fbe0010002000500798001f0037003c
:10946c005e0890000000e000050032002e00900025
:10947c00be0090000180a0002007980031079800e2
:10948c006e0890000000e000050032002e009000f5
:10949c00be00900001a0a0002007980031079800a2
:1094ac003e099000ce0990002e009000be00900066
:1094bc0000007100818071004e0190006403410036
:1094cc007e0a90008e1290000001be00060078000b
:1094dc00ede907006000b800008fbe00f2e607005f
:1094ec00100f98007e0890008e109000e00f500036
:1094fc00e08f5800450032001e0890000000e0008c
:10950c0003003a000a5f02000000000000000000a7
:10951c0059ed0700008fbe00000020000120200044
:10952c001e01be0002027800030178008001780061
:10953c0081007800030062008100610081067800e0
:10954c00000678000c00be00e00f5000e08f5800c1
:10955c0022003a00b50707004e009000301f78003b
:10956c00201778006e0a90003e099000ce099000fa
:10957c001e00be004a0107000000e000140032008b
:10958c005e0890000000e000110032004e009000d8
:10959c001001be003e089000ce0890000080ea004a
:1095ac008180ea00020278000301780080017800d3
:1095bc008100780003006200810061008105780061
:1095cc00000578000a00be004e0190000089be0024
:1095dc001000200050079800a1070700f0ff2f0093
:1095ec00f10f20001e01be0002027800030178007a
:1095fc008001780081007800030062008100610026
:10960c008104780000047800088fbe001e00be00a4
:10961c004f06be004f05be004f04be000080fa008e
:10962c00000006000c00fa00889fbe00300798006e
:10963c004207980053079800be009000010f780075
:10964c007a0707001e0078001001be001207980070
:10965c00230798001e0078001001be004e009000f9
:10966c00de0090000080ea008180ea0002027800af
:10967c00030178008001780081007800030062000b
:10968c008100610081047800000478000800be00ad
:10969c001e0178000089be00710707001e009000b3
:1096ac00ae0090004f04be000080fa0000000600df
:1096bc000a00fa0040079800ce009000010f7800d5
:1096cc000000eb00100798001e0078001001be008f
:1096dc0022079800330798002e009000be009000df
:1096ec000080fa00000006002e00fa00889fbe00e1
:1096fc008a9fbe008c9fbe00400f9800520f9800ae
:10970c00630f98006000b8001007980021079800bc
:10971c00ce089000410798000000eb00300798003d
:10972c004e00900064004000500798005e009000ce
:10973c00640040006007980055e607005e0090004a
:10974c0040019000020f78004e0090001001be0006
:10975c005e089000ee08900000017100818171009c
:10976c004e0090000288be00850037001e00780075
:10977c00a0019000730798001e0078001001be0035
:10978c00020f9800130f98000000eb0030079800b0
:10979c000e0890009e0890000200200003f02f009d
:1097ac0080027800010278008200780003007800c3
:1097bc00818062000000620080057800010578005d
:1097cc000a00be00200f9800310f98000e08900080
:1097dc009e089000f2ff2f00f30f2000800278000b
:1097ec00010278008200780003007800818062001a
:1097fc000000620080067800010678000c00be00b4
:10980c00000f9800110f98002e089000be089000d1
:10981c000200200003402000800278000102780042
:10982c0082007800030078008180620000006200f2
:10983c0000179800710f98007e0890008e10900011
:10984c00e00f5000e08f580014003a004e009000da
:10985c001000be000e0990009e0990008002780056
:10986c000102780082007800030078008180620099
:10987c000000620020179800111798001e1090002d
:10988c00ae109000e00f5000e08f5800180032002e
:10989c001000200030079800150037004e00900093
:1098ac001000be000e0990009e0990008002780006
:1098bc000102780082007800030078008180620049
:1098cc000000620040179800311798003e1190007c
:1098dc00ce1190000e0890009e089000800f510051
:1098ec00818f590002003a001000200030079800c8
:1098fc003e0090000000e0001f0032002e08900097
:10990c00be089000020020000310200080027800a6
:10991c0001027800820078000300780081806200e8
:10992c000000620060179800511798005e109000bc
:10993c00ee109000e00f5000e08f5800080032004d
:10994c001e019000ae0190000e0890009e08900041
:10995c0000007100818071001007980021079800a9
:10996c004e0090001000be000190a0000001be004f
:10997c001e007800bfe90700fe019000030f78007d
:10998c00ee0090001e007800810f500077ff3a0027
:10999c004e0090001001be001e009000ae00900022
:1099ac000080ea008180ea0002027800030178005e
:1099bc008001780081007800030062008100610062
:1099cc0081047800000478000800be004e0190006d
:1099dc000089be00b4e507004e0090001000be00e8
:1099ec004f06be004f05be004f04be000080fa00bb
:1099fc00000006000600fa0020079800ae00900058
:109a0c00010f78009e0078006480400010079800d9
:109a1c009fe50700050037001e00900040009000f5
:109a2c00020020000320200092e907001e00900095
:109a3c00100078000000e000f7ff3a009ae50700fc
:109a4c001e007800c90007000080fa000000060024
:109a5c000600fa00000f7800120798002307980000
:109a6c001e0078001e019000ae0190001eff070042
:109a7c000080fa00000006000600fa00000f7800d3
:109a8c0012079800230798001e0078001e01900012
:109a9c00ae019000e3fe07000080fa000000060013
:109aac000c00fa00889fbe00100798002107980050
:109abc003207980043079800540798000000eb0009
:109acc00000f78005e0090000000e00013003a00e8
:109adc001e019000ae0190003e009000ce00900060
:109aec000202780003017800800178008100780080
:109afc00030062008100610081047800000478009a
:109b0c000800be00e00f5000e08f58001700320034
:109b1c0010002000000f7800140037001e01900088
:109b2c00ae0190003e009000ce0090000202780042
:109b3c000301780080017800810078000300620046
:109b4c008100610081037800000378000601be00eb
:109b5c003e009000ce009000800f5100818f590084
:109b6c0002003a0010002000000f78001e00780060
:109b7c004f04be000080fa00000006000c00fa0042
:109b8c00500798000000eb002007980040e5070004
:109b9c00d04180000000e00001003a00d000070036
:109bac005e0090000000e0001200320061a0840012
:109bbc005e00900061006000008050000080e800b2
:109bcc00300798003e0090008080ea005e00900014
:109bdc00808f500005003900de0090003e009000a0
:109bec000080400050079800020037000000eb0096
:109bfc00500798005e0090000000e0005300350014
:109c0c005e0090000000e00050003200e041800057
:109c1c00de009000808f50004c003e0060832000de
:109c2c0010079800b1418000010f78000400370044
:109c3c009e007800110798001e007800100f780025
:109c4c001e007800900090005e009000808f500005
:109c5c00040031001e007800100078000000e000c5
:109c6c00f3ff3a00d04180009e007800808f5000b6
:109c7c00360032001e0090009000780060a0840036
:109c8c0000804000200798001e00780090007800ab
:109c9c001e009000010878001e00780090009000d3
:109cac005e0090008080500060a0840000004000a6
:109cbc00808f50000e0036005e0090001e004000a9
:109ccc00400798001e007800900090005e00900005
:109cdc00808050004e009000110098001e0078000b
:109cec00de009000110098004e009000d400070098
:109cfc00e14180001e0078001000900000805000b0
:109d0c00e0418800e1418000f0418000808f5000ec
:109d1c0002003100e0418000f04188001e00780014
:109d2c00100090008000780001f0a0001e00780068
:109d3c00110098001e0078008000eb0001087800ec
:109d4c00004280000000e80000428800d6e40700d2
:109d5c002e0090000000e00001003a00810807008e
:109d6c002e0090000080fa00000006000600fa00a9
:109d7c0020079800ae009000010f78002e00900094
:109d8c000000e0001f00320060a084000000ea0028
:109d9c001e0f40009e007800110798001e009000d6
:109dac00100090000000e00016003d001e00900026
:109dbc00100078000000e00012003a001e00900035
:109dcc00100090008000780001f0a1001e009000af
:109ddc0011009800aee407001e0090009000900067
:109dec00e041800000804000e04188001e009000af
:109dfc0093000700104280000000e8001042880029
:109e0c00a9e407000080fa00000006000000fa0038
:109e1c00e04180000080fa00000006000000fa001b
:109e2c00f04180000080fa00000006000000fa00fb
:109e3c000080fa00000006000600fa0010079800e7
:109e4c00210798000000eb00000f78001e00900026
:109e5c000000e0000b0032008080eb001e00900040
:109e6c0000017800110009008280d8008000780081
:109e7c002e009000808f5000020031001000200056
:109e8c00010037000000eb000000e00011003a0078
:109e9c009e0090002e0090000088b9000000780011
:109eac0036ff0700000f78001e0078000000e0006d
:109ebc00080032009e0090002e0090000088b9002f
:109ecc0000007800000178008000eb001e00780094
:109edc00bada07001e0078000080fa0000000600c5
:109eec000a00fa00881f780004c02000240798009c
:109efc00a4852000cfa2de00048fbe001e027800d5
:109f0c0061026200044278000404e0001600320092
:109f1c0012002000030020001e0f41005e97490034
:109f2c00e4ff2f00f5ff2f001e03be00060478008f
:109f3c000703780084037800850278000702640028
:109f4c00850263008501780004017800028fbe0051
:109f5c001e017800ae01900082815100a285200084
:109f6c0002814100220798001e01780032079800f8
:109f7c003e019000b24188003828ef003e0190006d
:109f8c006112b9002e0190008001eb00021f42000b
:109f9c0003974a0062a084008001eb001e1f110091
:109fac001e971900e2ff2f00f3ff2f001e02be00c8
:109fbc00040378000502780082027800830178009f
:109fcc0005016300830162008300780002007800c1
:109fdc00008fbe001e007800d0418800d041800068
:109fec008000eb0011009800d04180008000eb0055
:109ffc0001087800be019000430798009e0078008d
:10a00c004e009000808050004e009000110098008f
:10a01c00d14180004e009000010878004e00900065
:10a02c0010009000f04188004e009000100090004d
:10a03c00e04188004f0478000080fa000000060020
:10a04c000600fa002007980060832000000f7800bb
:10a05c00020037001e007800100f78001e007800f8
:10a06c00900078002e009000808f5000f9ff39008e
:10a07c009e007800110798001e00780010009000d8
:10a08c009e009000808040002e009000808f500039
:10a09c0009003a001e007800900090002e009000fd
:10a0ac0010009000808040001e0078001100980085
:10a0bc009e00780021079800ae00900011079800d0
:10a0cc002e009000100090009e00900080804000b8
:10a0dc001e00780010007800808f500017003a00a6
:10a0ec001e00780090007800d0418000808f5000d6
:10a0fc000e0032002e009000900090001e007800a0
:10a10c001000780010009000808040002e0090001d
:10a11c00110098001e007800100078009000780064
:10a12c002e0090000108780008003700d141800013
:10a13c002e00900001087800040037001e00780003
:10a14c00900078002e009000010878002e009000fe
:10a15c009e007800808f5000030032001e007800b3
:10a16c00ae009000010878000080fa0000000600a4
:10a17c000a00fa00400798000000eb001007980056
:10a18c000000eb00200798000080eb0030079800df
:10a19c00bfe30700b1418000010f78001e0078007a
:10a1ac000000e0001a003200150037001e0090007d
:10a1bc000000e800100798001e0078009000900046
:10a1cc002e009000808f5000030036001e00780097
:10a1dc0090009000210798001e00780090009000dd
:10a1ec003e009000808f5000030031001e0078006c
:10a1fc0090009000310798001e007800100f780036
:10a20c00d04180009e007800808f5000e7ff3a001c
:10a21c00a5e307004e009000ae00900011009800de
:10a22c004e009000be009000210098004e0090005f
:10a23c009e009000310098007c040700e1418000f2
:10a24c004e00900001087800014280004e00900002
:10a25c0051009800114280004e009000610098005f
:10a26c00f14180004e009000410098007c040700f2
:10a27c000080fa00000006000a00fa00200798008f
:10a28c003107980042079800000220003bfe0700af
:10a29c00100798001e0090000000e0004100320002
:10a2ac00304180000000e00003003a009e00900066
:10a2bc0031418800370107003e009000e10f50004b
:10a2cc000200360010002000300798001e0090009d
:10a2dc008000eb00710898001e009000be009000fa
:10a2ec00510898001e009000ce0090006108980064
:10a2fc001e009000ae009000010878001e00900037
:10a30c000080e8001b0207001e0090006e00400059
:10a31c00180207001e0090009e009000510098004b
:10a32c001e0090009e009000310898003e009000a6
:10a33c008000eb00220020000300200000005100f0
:10a34c00818059001e01900070019800010998004d
:10a35c001e009000d008900040418000808f50007b
:10a36c00030036001e009000500890004041880009
:10a37c001e0090000081e8001e0090005008900024
:10a38c006c00b90080007800c04f210000804000b4
:10a39c0082007800fe01070010002000000f7800fa
:10a3ac00020037000080eb00000f78001e007800e0
:10a3bc000080fa00000006000a00fa00200798004e
:10a3cc003107980042079800524180006341800099
:10a3dc002e009000be009000001f41000197490024
:10a3ec00304180000080e8004002070030418000ce
:10a3fc001e01be00120098002300980050418000fe
:10a40c00614180001e01be00800f5100818f5900f8
:10a41c0005003100304180008080e8002041800040
:10a42c00f901070004003700304180008080e8000b
:10a43c0010418000f40107004e0090000000e00085
:10a44c0005003200304180006e0040008000780032
:10a45c004e009000ec0107000080fa00000006009e
:10a46c000200fa002500370011028000f0f12f00e5
:10a47c00008060000050a000100288000000000066
:10a48c0000000000a0a9800040009000000f7800a0
:10a49c009e0078006e8040001402070011028000bc
:10a4ac00f0f12f0000806000100288000000000016
:10a4bc001e80e8000d0207001e007800d0089000f6
:10a4cc0040418000808f5000030036001e00780051
:10a4dc0050089000404188001e81e8001e00780062
:10a4ec00500890006c00b90080007800c04f21002b
:10a4fc000080400082007800a501070060a9800060
:10a50c000000e000d8ff3a000080fa0000000600ce
:10a51c000400fa0099e307000001be0070418000be
:10a52c0081418000000051008180590090418800d9
:10a53c00a1418800540037005041800061418000e7
:10a54c0061004000e0804800504188006141880073
:10a55c0090418000a141800061005000e0805800d3
:10a56c0090418800a14188005041800061418000e9
:10a57c00e00f5000e08f58003c003a001141800081
:10a58c00010f780020418000104188009e00780067
:10a59c0021418800360037001041800040009000b7
:10a5ac0040009000100798001e00900010019000d1
:10a5bc00a00190005041800061418000800f51004b
:10a5cc00818f59002f003e0011028000f0f12f0006
:10a5dc00008060000050a000100288000000000005
:10a5ec00000000001e0090000080e800bf01070082
:10a5fc001e009000400890000000e00003003200b4
:10a60c001e0090006e004000b8010700110280008f
:10a61c00f0f12f00008060001002880000000000a4
:10a62c001e009000d008900040418000808f5000a8
:10a63c00030036001e009000500890004041880036
:10a64c001e0090000081e8001e0090005008900051
:10a65c006c00b90080007800c04f210000804000e1
:10a66c00820078004a01070001003700000000005a
:10a67c0010418000100078000000e000c6ff3a0096
:10a68c00010037000000000090418000a1418000d3
:10a69c00e00f5000e08f5800a7ff3a0050418000b7
:10a6ac006141800070418800814188000080fa007f
:10a6bc00000006000200fa00104180000000e000db
:10a6cc003200320066ff070091ff070006003700da
:10a6dc00404180000000e0002b003200404180002f
:10a6ec000000e90040418800404180006c00b90046
:10a6fc0080007800c04f21000080400010007800de
:10a70c000000e000f2ff3200404180006c00b90014
:10a71c0080007800c04f2100008f40001e007800a0
:10a72c0010009000a00090001e007800110098000e
:10a73c001e007800900090001e017800640041001b
:10a74c00808f500005003a001e0078001000900029
:10a75c00a00090001e007800110098001e007800e8
:10a76c001000900040009000304188003041800083
:10a77c001001780030418000e008900030418000ea
:10a78c000200010001003700000000000080fa0008
:10a79c00000006000200fa000000eb00000f780039
:10a7ac00070037001e0078006c00b90080007800ac
:10a7bc00c04f210000804000d30007001e0fe800ae
:10a7cc001e007800e10f5000f6ff360040512100ca
:10a7dc00cd00070000522100cb000700c052210021
:10a7ec00c90007004051210010418800005221008f
:10a7fc00204188000080fa00000006000600fa00e4
:10a80c00200798002e00900040009000400090001f
:10a81c00100798001e0090006e00400033010700e6
:10a82c001e0090006e00400080007800c052210095
:10a83c00d70007001e009000d00890003041800027
:10a84c0050089000808f5000030039001000200049
:10a85c00000f7800020037000000eb00000f7800ba
:10a86c001e0078000080fa00000006000200fa00ca
:10a87c00000f78008002eb001e0278008001eb00d4
:10a88c000210200081382900c0452500e0df0700b8
:10a89c000080fa00000006000000fa0020002000f2
:10a8ac00f2ff07000080fa00000006000800fa0022
:10a8bc00300798000040eb00004f7800d03829009a
:10a8cc00801f780019d807008f87e9000500370032
:10a8dc0000000000030037000000000001003700fa
:10a8ec00000000002003200001002000c6e007004b
:10a8fc00ab0307000004e000f5ff32008d030700f6
:10a90c00104798001e409000ed4f500016003a0082
:10a91c001e80fb00000047008040eb003140980097
:10a92c000040eb00004f7800630047004400070034
:10a93c000004e000e8ff32006300470021c0b300d0
:10a94c005f000700204798002e4090000080fb001d
:10a95c00801f780090392900801f7800f3d70700fa
:10a96c00e4875700dfff37001e407800e14f5000ae
:10a97c00dbff3e001e80fb00000047009e40900065
:10a98c00314098001e4fe8001e4090000100070067
:10a99c00d4ff37000200fa00004f780000000000de
:10a9ac008b0307000004a2000004e000fcff3a0047
:10a9bc001e4078006e0307000080fa0000000600bd
:10a9cc000200fa00004f78001e00fb00610420001a
:10a9dc00810f500007003c0011042000810f500033
:10a9ec0010003d000003b100e90f500011003e00c3
:10a9fc00040037001006b100e50f50000d003e00ba
:10aa0c00040037009e40780000cdb30000c0400029
:10aa1c00090037009e40780090cab30000c0400087
:10aa2c00050037009e40780090ccb30000c0400079
:10aa3c00010037000040eb000080fa000000060027
:10aa4c000400fa00100798000040eb00004f78005b
:10aa5c00d0c0b300cfff0700a0c0b300cdff0700ec
:10aa6c001e0090009040780000c3b30080cf5000cf
:10aa7c00080032001e00900010407800d0ff070044
:10aa8c000004e00003003a00e03929002fd8070049
:10aa9c00080037009e009000811f7800403b290081
:10aaac00801f780092d70700e487570010c0b300ce
:10aabc00004f78001e4078000080fa00000006006d
:10aacc000600fa0010079800414798000040eb0080
:10aadc00004f78001e00900010407800b8ff07006f
:10aaec004400dd00004f78001e0090000000e800dc
:10aafc0010407800b2ff07001e4f40001e40780047
:10ab0c000080fa00000006000200fa00000f780036
:10ab1c009e00780064804000800078001e00780061
:10ab2c00110098001e0178000080eb008080eb0083
:10ab3c0020019800310198009e007800648040004c
:10ab4c00800078001e007800410098009e0078007c
:10ab5c0064804000800078001e007800510098004e
:10ab6c001e0078008000eb00010878000080fa00dd
:10ab7c00000006000200fa00000f78001e007800aa
:10ab8c008000eb00510098000080fa0000000600e5
:10ab9c000600fa0010079800210798001e0090008c
:10abac0090009000010f78002e0090009e0078001d
:10abbc00210098001e007800b00090002e0090003c
:10abcc00310098001e00780030009000ae0090001c
:10abdc00210098001e007800ae0090003100980013
:10abec002e0090009e009000510098001e009000d6
:10abfc00100078008000e8001e009000010878002a
:10ac0c000080fa00000006000a00fa0030079800e5
:10ac1c00410798004e0090001001be0012079800ea
:10ac2c00230798001e019000ae0190000080eb00fd
:10ac3c008080eb00800f5100818f590004003a0096
:10ac4c003e009000d0019000030f78000f003700f9
:10ac5c003e00900064004000000f780003003700b5
:10ac6c001e007800a0009000010f78001e007800f4
:10ac7c00200090001001be001e009000ae0090005d
:10ac8c00800f5100818f5900f5ff36001e007800af
:10ac9c00a00090004e009000210098004e00900003
:10acac00200090004e019000320098004e00900061
:10acbc009e017800330098001e007800ce009000b2
:10accc00210098004e0090003e0190005200980028
:10acdc003e009000100078008000e8003e009000dc
:10acec00010878000080fa00000006000400fa0059
:10acfc00100798001e009000d0009000010f780003
:10ad0c001e009000200090009e009000b10090006a
:10ad1c00310098001e009000300090009e009000c2
:10ad2c00a1009000210098001e0078009000900077
:10ad3c001e009000808f500004003a001e0090000e
:10ad4c00b00090001e007800110098001e009000ca
:10ad5c008000eb00510098001e0078001000780075
:10ad6c008000e9001e007800010878001e007800c1
:10ad7c00100078000080fa00000006000000fa00c5
:10ad8c006000200010148800c000200020148800ef
:10ad9c008622ef008822ef0010148000004078001b
:10adac00674060000080fb00a04288000080fa0031
:10adbc00000006000000fa000080fa000000060007
:10adcc000000fa00310480000020200000806000a8
:10addc000000e00002003200f6ff07008720a90007
:10adec000080fa00000006000000fa00a04280007b
:10adfc0000407800674060000080fb006700600046
:10ae0c001214800081ff2f0081006100010070008e
:10ae1c00101488000080fa00000006000000fa0000
:10ae2c001114800080ff2f00008060001014880037
:10ae3c000080fa00000006000200fa00000f780003
:10ae4c009e007800311488000080fa000000060093
:10ae5c000200fa00000f78009e0078004114880070
:10ae6c000080fa00000006000000fa0030048000a8
:10ae7c004900de00614060000080fb0000f0a7008c
:10ae8c000000ea000000ea004f00de0000407800fd
:10ae9c000080fa00000006000400fa001007980079
:10aeac001e009000e10f50000f003200e10f500027
:10aebc0003003900e20f5000150032001e0037006d
:10aecc00101480004400de00614060000080fb0034
:10aedc0000f0a7000000ea000000ea004f00de00ce
:10aeec00004f780014003700101480004500de007d
:10aefc00614060000080fb0000f0a7000000ea0049
:10af0c000000ea004f00de00004f78000a00370016
:10af1c00101480004600de00614060000080fb00e1
:10af2c0000f0a7000000ea000000ea004f00de007d
:10af3c00004f7800000000001e4078000080fa00ee
:10af4c00000006000200fa00000f78001e007800d6
:10af5c00e10f500007003200e10f500003003900f0
:10af6c00e20f500005003200060037008282a90073
:10af7c000400370082a2a9000200370082c2a90097
:10af8c00000000000080fa00000006000000fa003b
:10af9c0084c2a8000080fa00000006000000fa003d
:10afac00201480004600de00614060000080fb0041
:10afbc0000f0a7000000ea000000ea004f00de00ed
:10afcc00004078000080fa00000006000000fa0043
:10afdc0084c2a9000080fa00000006000000fa00fc
:10afec0060002000c0138800c0002000d01388002f
:10affc007c22ef007e22ef00c0138000004078001e
:10b00c00674060000080fb00b04288000080fa00be
:10b01c00000006000000fa000080fa0000000600a4
:10b02c000000fa0021048000000420000080600071
:10b03c000000e00002003200f6ff070084c0a90007
:10b04c000080fa00000006000000fa00b042800008
:10b05c0000407800674060000080fb0067006000e3
:10b06c00c213800081ff2f0081006100010070007d
:10b07c00c01388000080fa00000006000000fa00ef
:10b08c00c113800080ff2f0000806000c013880077
:10b09c000080fa00000006000200fa00000f7800a1
:10b0ac009e007800e11388000080fa000000060082
:10b0bc000200fa00000f78009e007800f11388005f
:10b0cc000080fa00000006000000fa002004800056
:10b0dc004600de00614060000080fb0000f0a7002d
:10b0ec000000ea000000ea004f00de00004078009b
:10b0fc000080fa00000006000400fa001007980017
:10b10c001e009000e10f50000f003200e10f5000c4
:10b11c0003003900e20f5000150032001e0037000a
:10b12c00c01380004400de00614060000080fb0022
:10b13c0000f0a7000000ea000000ea004f00de006b
:10b14c00004f780014003700c01380004500de006b
:10b15c00614060000080fb0000f0a7000000ea00e6
:10b16c000000ea004f00de00004f78000a003700b4
:10b17c00c01380004600de00614060000080fb00d0
:10b18c0000f0a7000000ea000000ea004f00de001b
:10b19c00004f7800000000001e4078000080fa008c
:10b1ac00000006000200fa00000f78001e00780074
:10b1bc00e10f500007003200e10f5000030039008e
:10b1cc00e20f500005003200060037007882a9001b
:10b1dc000400370078a2a9000200370078c2a90049
:10b1ec00000000000080fa00000006000000fa00d9
:10b1fc007ac2a8000080fa00000006000000fa00e5
:10b20c00d01380004600de00614060000080fb002f
:10b21c0000f0a7000000ea000000ea004f00de008a
:10b22c00004078000080fa00000006000000fa00e0
:10b23c007ac2a9000080fa00000006002a00fa0079
:10b24c00201798003117980042179800e400470027
:10b25c00c23b29000f000900b2187800be10900004
:10b26c00110798002e1090001e0190000208780023
:10b27c002e1090000080e800201798002e109000ef
:10b28c008000eb00010878002e1090000080e80090
:10b29c00201798002e1090008000eb000108780019
:10b2ac002e1090000080e80020179800ce1090001f
:10b2bc002e109000010878002e1090000080e800fd
:10b2cc00201798000000eb00000f78000a003700f0
:10b2dc001e0078000000400000004700a000900015
:10b2ec002e109000010878002e1090000080e800cd
:10b2fc00201798001e0fe8001e007800ef0f50007a
:10b30c00f3ff3600210280002e1090000108780017
:10b31c002e1090000080e80020179800910180000a
:10b32c002e109000010878002e1090000080e8008c
:10b33c0020179800a10180002e10900001087800c1
:10b34c002e1090000080e800201798002e1090001e
:10b35c008000eb00010878002e1090000080e800bf
:10b36c00201798002e1090000080fa0000000600b4
:10b37c000000fa00190007000040800090077800d8
:10b38c004f007800804288003400f9003200f90048
:10b39c004400f9005400f9003600f9004f0778001a
:10b3ac004f06be004f05be004f04be004f03be004b
:10b3bc004f02be004f01be004f00be004200f9001c
:10b3cc0000000600100020000080fa0000000600bb
:10b3dc000000fa000080fa00000006000400fa00e9
:10b3ec00900f200001002000008fbe005022ef00c3
:10b3fc004c22ef001e00780070128800210580009e
:10b40c00f0ff28000080600000c0a000200588002c
:10b41c008460a9009460a8005082a80050a2a900e2
:10b42c0051e2a8000080fa00000006000000fa00bb
:10b43c0011028000f0f12f00008060000050a0008d
:10b44c001002880000000000000000008042800014
:10b45c000000e800804288000080fa00000006002e
:10b46c000000fa00804280000000e9008042880061
:10b47c00804280000000e00005003a0011028000cc
:10b48c00f0f12f0000806000100288000000000026
:10b49c000080fa00000006000000fa0060002000a6
:10b4ac0070138800c0002000801388007222ef0007
:10b4bc007422ef0070138000004078006740600039
:10b4cc000080fb00c04288000080fa0000000600eb
:10b4dc000000fa000080fa00000006000000fa00ec
:10b4ec0020048000640060000000e00002003200d4
:10b4fc00f7ff07008440a9000080fa000000060056
:10b50c000000fa00c04280000040780067406000f4
:10b51c000080fb00670060007213800081ff2f0029
:10b52c008100610001007000701388000080fa0037
:10b53c00000006000000fa007113800080ff2f004d
:10b54c0000806000701388000080fa000000060084
:10b55c000200fa00000f78009e007800911388001a
:10b56c000080fa00000006000200fa00000f7800cc
:10b57c009e007800a11388000080fa0000000600ed
:10b58c000000fa00200480004200de0061406000f0
:10b59c000080fb0000f0a7000000ea000000ea00b9
:10b5ac004f00de00004078000080fa00000006002a
:10b5bc000400fa00100798001e009000e10f5000e4
:10b5cc000f003200e10f500003003900e20f500071
:10b5dc00150032001e003700701380004400de009e
:10b5ec00614060000080fb0000f0a7000000ea0052
:10b5fc000000ea004f00de00004f78001400370016
:10b60c00701380004500de00614060000080fb008c
:10b61c0000f0a7000000ea000000ea004f00de0086
:10b62c00004f78000a003700701380004600de00df
:10b63c00614060000080fb0000f0a7000000ea0001
:10b64c000000ea004f00de00004f78000000000010
:10b65c001e4078000080fa00000006000200fa008c
:10b66c00000f78001e007800e10f50000700320038
:10b67c00e10f500003003900e20f500005003200ca
:10b68c00060037006e82a900040037006ea2a900e4
:10b69c00020037006ec2a900000000000080fa0012
:10b6ac00000006000000fa0070c2a8000080fa003a
:10b6bc00000006000000fa00801380004600de0047
:10b6cc00614060000080fb0000f0a7000000ea0071
:10b6dc000000ea004f00de00004078000080fa0015
:10b6ec00000006000000fa0070c2a9000080fa00f9
:10b6fc00000006000000fa008000200000288800ee
:10b70c000225ef0090012000402888000a25ef0058
:10b71c000c25ef000e25ef001025ef001225ef0091
:10b72c001425ef0001e5a8000345a8000080fa00ed
:10b73c00000006000000fa00000000001028800045
:10b74c00610060000000e000fcff32001028800067
:10b75c00620060000000e000010032000225a90038
:10b76c0030288000004078000080fa0000000600bd
:10b77c000200fa00004f7800000000001128800041
:10b78c0000202000008060000000e000fbff3a0079
:10b79c001e80fb00202888000080fa0000000600b4
:10b7ac000000fa0010288000004078006140600022
:10b7bc000080fb0000f0a7000000ea000000ea0097
:10b7cc004f00de00004078000080fa000000060008
:10b7dc000000fa001128800000202000008060008a
:10b7ec000000e00007003a00112880000040200013
:10b7fc00008060000000e000020032001000200019
:10b80c00010037000000eb00004078000080fa00d7
:10b81c00000006000000fa00102880004800de003e
:10b82c00614060000080fb0000f0a7000000ea000f
:10b83c000000ea004f00de00004078000080fa00b3
:10b84c00000006000000fa00102880000080fa00ba
:10b85c00000006000000fa0001e5a8000345a8005e
:10b86c000080fa00000006000000fa0001e5a900c3
:0cb87c000345a9000080fa00000006004f
:020000040000fa
:10b88800fc1400003c0000008000000022080000ba
:10b8980014000000800000005a140000600000003e
:10b8a8008000000000080000220000008000000066
:10b8b8007615000018000000800000004408000011
:10b8c8000c000000800000005a080000000c000076
:10b8d80080000000360800000e0000008000000014
:10b8e800500800000200000082000000ef00000085
:10b8f80038150000200000008000000052080000f9
:10b908000200000082000000ffff00005408000051
:10b91800020000008000000056080000020000003d
:10b9280080000000580800000200000080000000ad
:10b938008e1500000200000080000000ba1400000c
:10b948004200000082000000be14c00014c01400b1
:10b9580001000300000000000000000000000000db
:10b96800000016000f0000000000000000c80900d9
:10b97800c6050000000000000000000000000000f4
:10b9880000000000000000000000000000000000af
:10b99800000000000000000000000000000000009f
:10b9a800581500001e00000082000000286e690083
:10b9b8006c29000025006800076c09004c836a00a8
:10b9c8009074a0007ac000008068880000846c0031
:10b9d8008200810090150000020000008000000035
:10b9e8009215000002000000820000000100000023
:04b9f800000000004b
:020000040000fa
:10b9fc000000fa005222ef00f0e72300c01288008a
:10ba0c0000002800e0128800e05821008040eb0084
:10ba1c00014878000080fa00000006000000fa00df
:10ba2c002104800000082000008060000000e0007d
:10ba3c0009003200f0582100104078008040e800e6
:10ba4c00f058210001487800e058210011c0b300e3
:10ba5c000148780084e0a9000080fa00000006008c
:10ba6c000200fa00000f78009e007800c1128800d6
:10ba7c00e05821008040eb00014878000080fa007b
:10ba8c00000006000000fa00c01280000080fa00de
:10ba9c00000006000200fa00000f78009e007800fb
:10baac0091128800e05821008040eb00014878009a
:10babc000080fa00000006000000fa0090128000de
:10bacc000080fa00000006000000fa00e058210097
:10badc008040eb00014878005de2a8000080fa008d
:10baec00000006000000fa005de2a9000080fa00e8
:10bafc00000006000200fa00e0582100104f780008
:10bb0c001e4078000004e00003003200e0582100e1
:10bb1c008040eb00014878001e4078000080fa005d
:10bb2c00000006000000fa00f058210010407800d8
:10bb3c000080fb000080fa00000006000000fa0004
:10bb4c00f05821008040eb00014878000080fa009a
:10bb5c00000006000000fa008421ef008e21ef00a7
:10bb6c0070012000000c880070372e00500c8800eb
:10bb7c005620ef005820ef005a20ef006e20ef0007
:10bb8c007020ef007220ef008621ef009021ef0073
:10bb9c00f0002000400c880000202e00900c880043
:10bbac0001088000f00b2000008160006004200080
:10bbbc00710520000310200080497800814978002d
:10bbcc0082497800111f800000fc2f00008060006b
:10bbdc00f000b300101f8800811d800000fc2f00b6
:10bbec00008060000010a000801d8800c11e800035
:10bbfc00f00f2c00808060000030200001007000ed
:10bc0c00c01e8800011f800000fc2f000080600017
:10bc1c00d000b300001f8800011f8000f00f2c0023
:10bc2c008080600000e0200001007000001f880090
:10bc3c0000088000000178000260a0006004200071
:10bc4c00710520000310200080497800814978009c
:10bc5c00824978000080fa00000006000200fa0019
:10bc6c00000f78008002eb001e0278008001eb00d0
:10bc7c00020820006140290040e52500e4da0700b5
:10bc8c000080fa00000006000000fa0020002000ee
:10bc9c00f2ff07000080fa00000006000600fa0020
:10bcac002007980040002000100798000000eb00cf
:10bcbc00000f78001ffe070000e723002afe070094
:10bccc000ffe0700edfc070000e82300f8fc07005e
:10bcdc00ddfc070051fc070000e823005cfc0700ba
:10bcec0041fc0700700c80004700de0061406000e2
:10bcfc000004a200614060000080fb006100600055
:10bd0c004700dd00710c80000170a1000100700083
:10bd1c00700c88000100370000000000400020007b
:10bd2c0001002000b8db070002fe07001e007800af
:10bd3c000dfe0700f2fd07001e0090001e0f4000d4
:10bd4c00703222009e007800808f5000f2ff360087
:10bd5c00803e2000000f7800f0ff37000000fa0052
:10bd6c00ab000700100020001a000700c6ff0700f8
:10bd7c0097dc0700ffff37000400fa00000f780083
:10bd8c00110798001e007800700890000000e00079
:10bd9c000400320021102000810f500009003200f5
:10bdac000a0037000001eb00803e2000010020005b
:10bdbc0081f907001e0078002110200071089800fe
:10bdcc00020037000b000700f6ff37000080fa0076
:10bddc00000006000200fa00000f78000001eb00e2
:10bdec009e00780020ec250023f907000080fa0063
:10bdfc00000006000000fa008cfd070098fd07000b
:10be0c000080fa00000006004200f800801f780055
:10be1c000002200010028800811f7800829fbe0063
:10be2c00849fbe00869fbe00889fbe008a9fbe0076
:10be3c008c9fbe008e1f78003600f8005400f8006e
:10be4c004400f8003200f8003400f8008042800012
:10be5c00801f7800004080000f087800a81d0200a9
:10be6c000000000000408000900778004f00780030
:10be7c00804288003400f9003200f9004400f900d7
:10be8c005400f9003600f9004f0778004f06be0049
:10be9c004f05be004f04be004f03be004f02be0054
:10beac004f01be004f00be004200f900000006002a
:10bebc000000fa0000102300100888000621ef0093
:10becc006821ef006a21ef006e21ef007021ef0076
:10bedc007221ef007421ef007621ef007a21ef0040
:10beec007c21ef007e21ef007200200080072000f3
:10befc00a1092000131020008049780081497800a6
:10bf0c00824978000001eb006004200071052000dc
:10bf1c00031020008049780081497800824978001c
:10bf2c000080fa00000006000000fa00e1f90700aa
:10bf3c000080fa00000006000400fa00000f7800f0
:10bf4c001107980011028000f0f12f0000806000b2
:10bf5c000050a0001002880000000000000000004b
:10bf6c00ffff37000000fa0011028000f0f12f00f3
:10bf7c00008060000050a00010028800000000004b
:10bf8c0000000000ffff37000200fa00000f7800ed
:10bf9c008002eb001e0278008001eb0002042000fe
:10bfac0001402900a0fe250019da07000080fa00e4
:10bfbc00000006000000fa0010002000f2ff07004d
:10bfcc000080fa00000006000200fa00000f780062
:10bfdc00803e2000010020000bdb0700fcff370037
:10bfec000200fa00000f78009e0078009142880051
:10bffc00ffff37000000fa00805321008007780013
:10c00c0000552100000188000080fa0000000600a5
:10c01c000000fa00cffe070008000700a4ff07008d
:10c02c00b4fd07001cfd0700ecfb070053fb0700e9
:10c03c006ffe07000080fa00000006000000fa0006
:08c04c000080fa00000006006c
:020000040000fa
:020000040002f8
:04aff000ffff00005f
:020000040000fa
:020000040002f8
:04aff400fffe00005c
:020000040000fa
:020000040002f8
:04aff8009f3700007f
:020000040000fa
:020000040002f8
:04affc003f3f0000d3
:00000001FF
