:020000040000fa
:080000000001040000000000f3
:020000040000fa
:0400080052020000a0
:020000040000fa
:04000c009a02000054
:020000040000fa
:04001000de0200000c
:020000040000fa
:040014007402000072
:020000040000fa
:04001800bc02000026
:020000040000fa
:04001c0000030000dd
:020000040000fa
:0400200000030000d9
:020000040000fa
:0400240000030000d5
:020000040000fa
:0400280000030000d1
:020000040000fa
:04002c0000030000cd
:020000040000fa
:0400300000030000c9
:020000040000fa
:0400340018020000ae
:020000040000fa
:0400380000030000c1
:020000040000fa
:04003c0000030000bd
:020000040000fa
:0400400000030000b9
:020000040000fa
:0400440000030000b5
:020000040000fa
:0400480000030000b1
:020000040000fa
:04004c0000030000ad
:020000040000fa
:0400500000030000a9
:020000040000fa
:0400540000030000a5
:020000040000fa
:0400580000030000a1
:020000040000fa
:04005c00000300009d
:020000040000fa
:040060000003000099
:020000040000fa
:040064000003000095
:020000040000fa
:040068000003000091
:020000040000fa
:04006c00000300008d
:020000040000fa
:040070000003000089
:020000040000fa
:040074000003000085
:020000040000fa
:040078000003000081
:020000040000fa
:04007c00000300007d
:020000040000fa
:040080000003000079
:020000040000fa
:040084000003000075
:020000040000fa
:040088000003000071
:020000040000fa
:04008c00000300006d
:020000040000fa
:040090000003000069
:020000040000fa
:040094000003000065
:020000040000fa
:040098000003000061
:020000040000fa
:04009c00000300005d
:020000040000fa
:0400a0000003000059
:020000040000fa
:0400a4000003000055
:020000040000fa
:0400a8000003000051
:020000040000fa
:0400ac00000300004d
:020000040000fa
:0400b0000003000049
:020000040000fa
:0400b4000003000045
:020000040000fa
:0400b8000003000041
:020000040000fa
:0400bc00000300003d
:020000040000fa
:0400c0000003000039
:020000040000fa
:0400c4000003000035
:020000040000fa
:0400c8000003000031
:020000040000fa
:0400cc00000300002d
:020000040000fa
:0400d0000003000029
:020000040000fa
:0400d4000003000025
:020000040000fa
:0400d8000003000021
:020000040000fa
:0400dc00000300001d
:020000040000fa
:0400e0000003000019
:020000040000fa
:0400e4000003000015
:020000040000fa
:0400e8000003000011
:020000040000fa
:0400ec00000300000d
:020000040000fa
:0400f0000003000009
:020000040000fa
:0400f4000003000005
:020000040000fa
:0400f8000003000001
:020000040000fa
:0400fc0000030000fd
:020000040000fa
:0401000000030000f8
:020000040000fa
:0401040000030000f4
:020000040000fa
:0401080000030000f0
:020000040000fa
:04010c0000030000ec
:020000040000fa
:0401100000030000e8
:020000040000fa
:0401140000030000e4
:020000040000fa
:0401180000030000e0
:020000040000fa
:04011c0000030000dc
:020000040000fa
:0401200000030000d8
:020000040000fa
:0401240000030000d4
:020000040000fa
:0401280000030000d0
:020000040000fa
:04012c0000030000cc
:020000040000fa
:0401300000030000c8
:020000040000fa
:0401340000030000c4
:020000040000fa
:0401380000030000c0
:020000040000fa
:04013c0000030000bc
:020000040000fa
:0401400000030000b8
:020000040000fa
:0401440000030000b4
:020000040000fa
:0401480000030000b0
:020000040000fa
:04014c0000030000ac
:020000040000fa
:0401500000030000a8
:020000040000fa
:0401540000030000a4
:020000040000fa
:0401580000030000a0
:020000040000fa
:04015c00000300009c
:020000040000fa
:040160000003000098
:020000040000fa
:040164000003000094
:020000040000fa
:040168000003000090
:020000040000fa
:04016c00000300008c
:020000040000fa
:040170000003000088
:020000040000fa
:040174000003000084
:020000040000fa
:040178000003000080
:020000040000fa
:04017c00000300007c
:020000040000fa
:040180000003000078
:020000040000fa
:040184000003000074
:020000040000fa
:040188000003000070
:020000040000fa
:04018c00000300006c
:020000040000fa
:040190000003000068
:020000040000fa
:040194000003000064
:020000040000fa
:040198000003000060
:020000040000fa
:04019c00000300005c
:020000040000fa
:0401a0000003000058
:020000040000fa
:0401a4000003000054
:020000040000fa
:0401a8000003000050
:020000040000fa
:0401ac00000300004c
:020000040000fa
:0401b0000003000048
:020000040000fa
:0401b4000003000044
:020000040000fa
:0401b8000003000040
:020000040000fa
:0401bc00000300003c
:020000040000fa
:0401c0000003000038
:020000040000fa
:0401c4000003000034
:020000040000fa
:0401c8000003000030
:020000040000fa
:0401cc00000300002c
:020000040000fa
:0401d0000003000028
:020000040000fa
:0401d4000003000024
:020000040000fa
:0401d8000003000020
:020000040000fa
:0401dc00000300001c
:020000040000fa
:0401e0000003000018
:020000040000fa
:0401e4000003000014
:020000040000fa
:0401e8000003000010
:020000040000fa
:0401ec00000300000c
:020000040000fa
:0401f0000003000008
:020000040000fa
:0401f4000003000004
:020000040000fa
:0401f8000003000000
:020000040000fa
:0401fc0000030000fc
:020000040000fa
:100200000f5321000e7f24000e0188000000000023
:10021000000020000000e000020032000001200089
:100220002002880014000700f70007000000e0002b
:1002300003003a00400425000100200002003700be
:100240000000200001002000810f7000010032003a
:1002500014000700000020000000e000020032004f
:100260000000020000000000a84e02000000000094
:100270000040da000000fe004440a90020052000f4
:100280000000e00003003200002020009001880000
:100290004440a800000006008a1f78008b1f7800e9
:1002a00000000600a1028800800478000000eb0036
:1002b0001f003700e284440054a0b4009905ba003e
:1002c000e284440054a0b4009906ba00e2844400d9
:1002d00054a0b4000006eb00476fde00fd07b2003b
:1002e000ae018800636ce10003003a00eaff0700fa
:1002f0000000eb000e003700606ce10008003a00df
:10030000004deb000a05e800020039003420ec0043
:100310000af0a0008b05e900f9ff3e000400370059
:100320006168e100010032000086eb000b0007006d
:1003300019c7ba001905ba000e04e00003003a001c
:100340000a00e000dbff3a0000000600fe07b200f2
:10035000ae0288008a047800f5ff37000cd0a300b5
:10036000e20f4d001c00390089027800354dba00bb
:100370000a05e800020039003420ec000af0a00071
:100380008b05e9000f003200254dba000a05e80090
:10039000020039003420ec000af0a0008b05e900cf
:1003a000080032000c00e0000600320015cdba0053
:1003b0000a05e800020039003420ec000af0a00031
:1003c0008b05e9008984e80054a0b4000b00e0002c
:1003d000e2ff3a00000006009902ba00055d7800cd
:1003e0008b05e900f7ff3200c82ade00055d7800c2
:1003f0008b05e900f3ff32000c00e000f1ff320052
:1004000019ddba00eeff3700e050040000000000e4
:100410004a4f040000000000a81204000000000081
:100420003e36040000000000c04e04000000000042
:100430003600f800809fbe00829fbe00849fbe00f1
:10044000869fbe003200f8003400f8001000200043
:10045000a001880000202000900188000000fa0020
:100460008860a9008a0c0200000000000000e00083
:1004700003003200f04f0200000000000000000006
:100480000080fa003400f9003200f9004f03be008a
:100490004f02be004f01be004f00be003600f90003
:1004a000004006003600f800809fbe00829fbe001c
:1004b000849fbe00869fbe000000fa008020a90035
:1004c0000000eb0014510200000000000080fa0060
:1004d0004f03be004f02be004f01be004f00be00e2
:1004e0003600f900004006003600f800809fbe008c
:1004f000829fbe00849fbe00869fbe000000fa005f
:100500001e510200000000008040a90010002000e1
:1005100014510200000000000080fa004f03be00ea
:100520004f02be004f01be004f00be003600f90072
:10053000004006003600f800809fbe00829fbe008b
:10054000849fbe00869fbe000000fa008060a90064
:100550002000200014510200000000000080fa007a
:100560004f03be004f02be004f01be004f00be0051
:100570003600f900004006003600f800809fbe00fb
:10058000829fbe00849fbe00869fbe000000fa00ce
:100590008080a900300020001451020000000000fb
:1005a0000080fa004f03be004f02be004f01be00a4
:1005b0004f00be003600f900004006003600f8008b
:1005c000809fbe00829fbe00849fbe00869fbe00ab
:1005d0000000fa008600a9007000200014510200fb
:1005e000000000000080fa004f03be004f02be0072
:1005f0004f01be004f00be003600f900004006006b
:100600000040da000000fe00000005000100370095
:100610000201e9000200e0000500320030427800eb
:10062000b1417800834f5200f9ff320001003700da
:10063000000005000480fb008381fb0003005000e4
:10064000000006008001780002003700b1597800f0
:100650000201e9000200e000fcff3a000000060091
:10066000889fbe008a9fbe00800478000200e000e0
:100670005b00320001407800814c780082814400a8
:10068000f1f99f00e20f51005500360091449800a7
:10069000a1449800e1f99f00d1f99f00e60f5100b5
:1006a0004f003600b1449800c1f99f00e80f510097
:1006b0004b0036000905ea00630565000a84440022
:1006c0000a055100c1ff2f00010565000080fb00f5
:1006d0008000eb00121020001310200044000700df
:1006e000008cbe000a01440060b99f0071b99f00f0
:1006f000e80f55003a0036002004980031049800b5
:10070000400498005104980020b99f0031b99f001f
:1007100040b99f0051b99f00f80f550030003600d6
:100720006004980071049800000c9800110c980067
:10073000200c9800310c9800400c9800510c980047
:1007400020b19f0031b19f0040b19f0051b19f0087
:1007500060b19f0071b19f0000b99f0011b99f0067
:100760006401640078014100020444000205550060
:100770006011b8000203be000002be000403be0008
:100780006022b800000072008180720002017300d4
:100790008381730010003700009cbe000294be00ed
:1007a0004004980051049800620498007304980073
:1007b000000c9800110c9800220c9800330c980043
:1007c000400c9800510c9800620c9800730c980033
:1007d0000a02b1000802b000ff0f5500eeff3e0014
:1007e000090078004f05be004f04be00000006005f
:1007f000020ab900001bb9000200b80081004200e3
:08080000810043000000060026
:020000040000fa
:10080800111100002222000033330000444400008c
:10081800555500006666000077770000888800005c
:1008280099990000aaaa0000bbbb0000cccc00002c
:10083800dddd0000eeee0000cecd0000acab000028
:1008480004000000494400004c45000000a50000d9
:10085800a5a50000a5a50000a5a50000a5a5000068
:10086800a5a50000a5a50000a5a50000a5a5000058
:10087800a5a50000a5000000546d0000722000002e
:100888005376000063000000626c0000696e00008f
:100898006b00000075610000727400000000000029
:0408a8000400000048
:020000040000fa
:1008ac001000fa00200798003107980042079800c2
:1008bc00530798006407980075079800a003200060
:1008cc002440020000000000000f78001e00780099
:1008dc000000e00015003200a20320008000eb00b5
:1008ec001e00780030030200000000004e00900053
:1008fc00000040002440020000000000800078004e
:10090c001e007800610898001e00780060089000b6
:10091c000000e00005003a001e00780022410200b1
:10092c00000000000000eb00000f78001e007800b3
:10093c000000e000120032004e0090008000eb003e
:10094c000001eb00821f78009e0378007e0390006c
:10095c00ee0290005e0290000001be00be0090000e
:10096c002e0090000b0007008f87e9001e00780016
:10097c0073000700100020001007980002003700d9
:10098c000080eb00100798001e0090000080fa0019
:10099c00000006001400fa002007980031079800a8
:1009ac004207980053079800640798007507980051
:1009bc00060f9800170f98004e00900000004000a2
:1009cc00800078001e0890006008900001017800fb
:1009dc00510a200030030200000000001e089000a5
:1009ec00e0089000110798001e089000e0089000a5
:1009fc004e019000f0ff2700000041000000400075
:100a0c00808040001e089000711098003e009000fd
:100a1c000000e000180032000000eb00000f78002e
:100a2c000d0037003e0090001e0040009040780002
:100a3c001e0890001e0040007e0040000148780017
:100a4c003e0090001e004000104078000004e000c2
:100a5c00050032001e0fe8001e007800ef0f50005a
:100a6c00f0ff360001003700000000001e08900067
:100a7c008040eb00516898007e009000e40f50001d
:100a8c000200360040002000700798001e089000fd
:100a9c00fe009000510898001e089000fe00900087
:100aac00011898001e0890000080e8001047020012
:100abc00000000001e0890006e004000104702006d
:100acc00000000001e0890009e0890005100980045
:100adc007e0090008000eb005200200003002000fc
:100aec0000005100818059001e099000700198008f
:100afc00010998001e0890009e089000310898008b
:100b0c006e019000ae0090001e009000784a02002a
:100b1c0000000000800078001e089000010878009a
:100b2c000e0890000000e000030032000e08900058
:100b3c009e089000010878000080fa000000060072
:100b4c000400fa0010079800724b0200000000002d
:100b5c00a0a380000000e800a0a3880070a0800083
:100b6c000000e00007003a009e00900071a0880091
:100b7c00a0a38000e10f50000d003a007d06070095
:100b8c000b003700e0a380000000e00008003a00f2
:100b9c0070a08000d00890001e00900050089000bb
:100bac00808f500002003e009e00900071a08800d3
:100bbc0030a480000000e80030a488001e009000e3
:100bcc00d0089000d0a38000808f50000300360026
:100bdc001e00900050089000d0a388001e009000ca
:100bec00500890006c00b900800078000041210092
:100bfc000080400090009000010f78001e009000d3
:100c0c009e007800310098001e007800b000900023
:100c1c001e009000410098001e00780030009000eb
:100c2c009e0090008180e800210098001e0090003a
:100c3c008080e8001e007800310098001e009000b3
:100c4c00500890006c00b900800078000041210031
:100c5c00808040001e009000610098001e009000f3
:100c6c00500890006c00b900800078000041210011
:100c7c0000804000900078008100e80001087800b6
:100c8c008c4b020000000000e0a380000000e0009c
:100c9c000900320070a08000d00890001e00900067
:100cac0050089000808f500003003100f04f02007c
:100cbc0000000000000000000080fa0000000600a8
:100ccc000600fa0010079800210798000000eb00be
:100cdc00000f78001e009000ae009000e00f500056
:100cec00e08f580007003200210107000001eb00e3
:100cfc001e009000ae009000480b07002201070078
:100d0c00000f78001e0078000000e00003003a009d
:100d1c00f04f020000000000000000000080fa000c
:100d2c00000006000c00fa0050079800de0090004e
:100d3c001107980070a080009e009000808f5000da
:100d4c0003003a000000eb00000f78001800370099
:100d5c00724b0200000000001e009000e0009000aa
:100d6c002107980021a380003107980031a380004f
:100d7c00410798008c4b020000000000ae00900070
:100d8c003e009000808f500004003200ae009000b6
:100d9c004e009000808f500003003a00200020008d
:100dac00000f78000200370010002000000f7800c0
:100dbc001e0078000080fa00000006000600fa0011
:100dcc0020079800724b0200000000002e009000db
:100ddc000000e00002003a0070a080000100370023
:100dec002e009000000f78001e007800d0089000b4
:100dfc00110798008c4b0200000000001e009000b0
:100e0c000080fa00000006000800fa003007980085
:100e1c000000eb00000f78003e0090000000e000a6
:100e2c0002003a0070a08000010037003e009000e4
:100e3c00100798001e009000d00890002107980021
:100e4c002e0090000080fa00000006000e00fa0050
:100e5c0050079800610798000000eb00000f780025
:100e6c006e009000e40f500002003600400020009d
:100e7c0060079800724b0200000000005e009000ba
:100e8c000000e00002003a0070a080000100370072
:100e9c005e009000100798001e00900080189000d3
:100eac0021079800ae0090006e009000808f5000db
:100ebc0078003200ee0090002e009000808f5000e1
:100ecc000c00360070a080009e009000808f5000b7
:100edc000e00320070a08000d00890006e009000d0
:100eec00808f500009003e0010002000000f780099
:100efc000600370070a080009e009000808f50008c
:100f0c0002003a0010002000000f78001e00900034
:100f1c00d0089000310798001e00900080189000b7
:100f2c001e00900050089000808f500003003a0083
:100f3c001e009000ee009000510898001e009000da
:100f4c00ee009000011898001e00900080089000a0
:100f5c0070009000e00f5000e08f58000900350041
:100f6c006e0090008000eb00520020000300200077
:100f7c0000005100818059001e0190007001980002
:100f8c00010998001e009000600190003e00900046
:100f9c006c00b90080007800004121000080400006
:100fac00800f510035003a001e0090000080e800d0
:100fbc00cc470200000000001e009000d0089000fa
:100fcc00d0a38000808f5000030036001e009000dc
:100fdc0050089000d0a388001e009000500890008c
:100fec006c00b900800078000041210000804000b6
:100ffc0090009000410798001e009000ce009000d9
:10100c00310098004e009000b00090001e0090003f
:10101c00410098004e009000300090009e0090001f
:10102c008180e800210098001e0090008080e8007c
:10103c004e009000310098001e0090005008900067
:10104c006c00b900800078000041210080804000d5
:10105c001e009000610098001e0090005008900047
:10106c006c00b90080007800004121000080400035
:10107c00900078008100e800010878001e007800dc
:10108c000000e00003003200f04f020000000000fe
:10109c00000000008c4b0200000000000080fa00f1
:1010ac00000006000200fa00c54821000002eb0017
:1010bc008001eb000208200061422800802a2100f8
:1010cc00f7fd0700000f78001e007800e10f5000bc
:1010dc0003003a00e033020000000000000f78002b
:1010ec001e007800e10f500011003a001102800040
:1010fc00f0f12f00008060000050a000100288006a
:10110c0000000000000000000080eb008080eb007d
:10111c0040a4880051a4880010002000e0a388009f
:10112c007634ef007834ef00124b02000000000020
:10113c00202184000080fa00000006000000fa0064
:10114c0011028000f0f12f00008060000050a00020
:10115c001002880000000000000000007c34ef004a
:10116c00444b0200000000000080fa000000060062
:10117c000000fa0070a480000000e80070a4880051
:10118c000080fa00000006000e00fa000000eb00e0
:10119c00000f78000000eb0010079800724b020063
:1011ac000000000070a480000000e90070a488001a
:1011bc0070a480000000e000a5003a00a0a380000d
:1011cc000000e000a20032007700370080a380000e
:1011dc0040009000000f78001e007800c0089000be
:1011ec00410798001e007800100890009e007800bf
:1011fc00a1089000310098001e0078002008900093
:10120c009e00780091089000210098004e009000fc
:10121c00900090001e0178006e004100808f5000fd
:10122c0004003a001e007800a00890004e009000c8
:10123c00110098001e0078008000eb004108980017
:10124c004e009000100078008000e9004e009000e5
:10125c00010878001e007800e00190005307980008
:10126c001e007800300090009e007800c1009000b5
:10127c00310098001e007800400090009e0078001d
:10128c00b1009000210098005e009000900090004a
:10129c001e80e800808f500004003a001e00780089
:1012ac00c00090005e009000110098001e007800b5
:1012bc008000eb00610098005e0090001000780048
:1012cc008000e9005e009000010878001e007800a4
:1012dc00d0089000d0a38000808f5000030036000f
:1012ec001e00780050089000d0a388001e007800e3
:1012fc00500890006c00b90080007800004121007b
:10130c000080400090009000610798001e0078005b
:10131c006e019000320098006e009000b0009000ba
:10132c001e007800410098006e0090003000900084
:10133c009e80e800210098009e80e8006e009000de
:10134c00310098001e007800500890006c00b90025
:10135c008000780000412100808040001e00780051
:10136c00610098001e007800500890006c00b900d5
:10137c00800078000041210000804000900078003f
:10138c008100e800010878001e007800d008900069
:10139c0070a0800050089000808f5000020039002f
:1013ac001000200010a4880040a380000000e00082
:1013bc0086ff3a001e0078000000e00001003200b9
:1013cc008d040700f2a3800003a48000220798007c
:1013dc00330798002e009000be009000e00f5000e4
:1013ec00e08f580012003200470107000000e000b7
:1013fc00020032001000200010a488002e00900083
:10140c00be00900061005000e0805800200798005a
:10141c00310798002e009000be009000e00f5000a5
:10142c00e08f5800f0ff3a007e34ef008034ef007c
:10143c0010a480000000e000050032001000200025
:10144c0010079800f04f02000000000000000000a0
:10145c008c4b0200000000001e0090000080fa007f
:10146c00000006000400fa00724b020000000000ad
:10147c00b2a38000c3a38000028fbe008c4b02007d
:10148c00000000001e00be000080fa0000000600f4
:10149c000600fa000000eb00000f7800b2a38000f9
:1014ac00c3a3800012079800230798001e00900029
:1014bc00ae0090000080fa00000006000000fa0068
:1014cc00a0a380000080fa00000006000400fa00cf
:1014dc00100798001e0090000000e00002003a0087
:1014ec0070a08000010037001e009000000f7800f3
:1014fc009e0078007e8040000080fa00000006000c
:10150c001400fa00000f9800110f98000000eb0077
:10151c00000f78000e089000100078000000e0002a
:10152c005b0032008e089000310798003e0090005e
:10153c0010009000a00090003e0090001100980058
:10154c003e009000900090003e009000640040002f
:10155c00808f500005003a003e0090001000900073
:10156c00a00090003e009000110098003e009000fa
:10157c001000900040009000400798000e09900069
:10158c00520798005e00900010009000a0009000a0
:10159c005e009000110098005e009000900090009a
:1015ac005e00900064004000808f500005003a00ff
:1015bc005e00900010009000a00090005e00900073
:1015cc00110098005e009000100090004000900008
:1015dc00600798000000eb00200798000000eb006b
:1015ec00100798001c003700ee0090001e009000c1
:1015fc007e00400061417800624f98009e08900088
:10160c001e00900000804000904078006e489000d2
:10161c0080cf5000030032001000200020079800fb
:10162c00070037006e4890000004e00004003a0008
:10163c00ee009000010f78001000200020079800a9
:10164c002e0090000000e00007003a001e00900001
:10165c000000e800100798001e009000ef0f5000eb
:10166c00e1ff360001003700000000001e0078008a
:10167c000000e00005003a00ee0090004e009000e3
:10168c00808f5000bdff3a000100370000000000c1
:10169c001e0078000080fa00000006000600fa0028
:1016ac002007980050002000000f7800b0fe0700c3
:1016bc001e0fe9001e0078006c00b9008000780055
:1016cc000041210000804000ae0090008cff07001c
:1016dc00100798001e0090000000e00004003a0083
:1016ec001e0078000000e000f1ff3a000100370016
:1016fc00000000001e0090000000e00004003a0012
:10170c0020a38000ae0090007dff0700100798001a
:10171c001e0090000000e00004003a0030a380009e
:10172c00ae00900076ff07001007980096fe0700a9
:10173c001e0090000080fa00000006000600fa006f
:10174c00100798002107980089fe0700724b0200d1
:10175c0000000000f2a3800003a480001e00900093
:10176c00ae0090000200400083804800f0a3880087
:10177c0001a488008c4b02000000000082fe0700d0
:10178c00000f78001e0078000080fa0000000600b0
:10179c000800fa0030079800be009000110798006e
:1017ac0073fe07003e0090005efd0700e20f500044
:1017bc004f003a0010002000000f78001e0090002f
:1017cc000080e800cc47020000000000724b0200d1
:1017dc00000000001e009000400890000000e00097
:1017ec00070032001e0090006e004000cc47020043
:1017fc00000000001e00900011c0b300117898008a
:10180c008c4b0200000000001e009000d0089000dd
:10181c00d0a38000808f5000030036001e00900083
:10182c0050089000d0a388001e0090005008900033
:10183c006c00b9008000780000412100008040005d
:10184c0090009000210798001e009000ae009000c0
:10185c00310098002e009000b00090001e00900007
:10186c00410098002e009000300090009e009000e7
:10187c008180e800210098001e0090008080e80024
:10188c002e009000310098001e009000500890002f
:10189c006c00b9008000780000412100808040007d
:1018ac001e009000610098001e00900050089000ef
:1018bc006c00b900800078000041210000804000dd
:1018cc00900078008100e800010878001e0090006c
:1018dc00d008900070a0800050089000808f5000bd
:1018ec00050036001000200010a48800020037000c
:1018fc000000eb00000f780023fe07001e007800ac
:10190c000080fa00000006001400fa000000eb0052
:10191c00000f780070a480000000e000c2003a00c4
:10192c00b0a38000c1a3800061004000e0804800ab
:10193c0010079800210798001e019000ae0190003e
:10194c00b2a38800c3a388001e009000ae009000d4
:10195c00e00f5000e08f58000a003a0023a38000eb
:10196c003307980030a3800020a38800be009000ad
:10197c0031a3880020a480000000e80020a4880087
:10198c001d03070040a4800051a480001e0190009c
:10199c00ae019000800f5100818f59009c003900de
:1019ac00010037000000000020a380001000780028
:1019bc000000e00005003a000080eb008080eb00a6
:1019cc0040a4880051a488009100370020a3800017
:1019dc004000900040009000400798004e0090009e
:1019ec0010019000a0019000520798006307980026
:1019fc001e019000ae0190005e009000ee00900081
:101a0c00800f5100818f5900050031005e0190005c
:101a1c00ee01900042a4880053a488007c0037009b
:101a2c004e009000e0019000730798004e0090006b
:101a3c0030009000ce009000c10090003100980062
:101a4c004e00900040009000ce009000b10090003d
:101a5c00210098007e009000900090004e009000b5
:101a6c000080e800808f500004003a004e00900087
:101a7c00c00090007e009000110098004e00900075
:101a8c008000eb00610098007e0090001000780050
:101a9c008000e9007e009000010878004e00900064
:101aac00400890000000e0001f0032004e00900043
:101abc00c0089000010f98004e0090001008900094
:101acc00ce009000a1089000310098004e009000cc
:101adc0020089000ce009000910890002100980002
:101aec000e089000900090004e0090006e00400098
:101afc00808f500004003a004e009000a008900027
:101b0c000e089000110098004e0090008000eb0031
:101b1c00410898000e089000100078008000e90041
:101b2c000e089000010878004e009000d00890003c
:101b3c00d0a38000808f5000030036004e00900030
:101b4c0050089000d0a388004e00900050089000e0
:101b5c006c00b9008000780000412100008040003a
:101b6c0010019000120f98004e0090009e099000fa
:101b7c00330098001e089000b00090004e009000ba
:101b8c00410098001e08900030009000ce0090009c
:101b9c008180e800210098004e0090008080e800d1
:101bac001e089000310098004e00900050089000e4
:101bbc006c00b9008000780000412100808040005a
:101bcc004e009000610098004e009000500890006c
:101bdc006c00b900800078000041210000804000ba
:101bec00900078008100e800010878004e00900019
:101bfc00d008900070a0800050089000808f50009a
:101c0c0068ff360010002000000f780066ff3700d8
:101c1c0010a480000000e000090032001000200039
:101c2c00000f780006003700f0a3800001a48000ac
:101c3c0061004000e0804800f0a3880001a4880007
:101c4c001e0078000080fa00000006000600fa0072
:101c5c0070a480000000e00003003200100020009f
:101c6c0010a488003b0037008234ef0070a0800085
:101c7c0070109000100798001e0090007400500027
:101c8c001007980042012000b14228001e0090006d
:101c9c0006030200000000000000e0000500320016
:101cac0070a08000fe00400070a0800096500200e2
:101cbc0000000000d1a38000010f78000100370064
:101ccc001e0fe9001e0078006c00b900800078003f
:101cdc000041210000804000100078000000e0006e
:101cec00f7ff32001e0078006c00b900800078000d
:101cfc000041210000804000200798002e00900039
:101d0c0010009000a00090002e0090001100980090
:101d1c002e009000900090002e0090006400400077
:101d2c00808f500005003a002e00900010009000ab
:101d3c00a00090002e009000110098002e00900042
:101d4c00100090004000900070a088009e00780069
:101d5c00d1a388000080fa00000006000600fa00fb
:101d6c00000f7800120798002307980070a08000dd
:101d7c006e004000800078001e0078005a47020078
:101d8c0000000000120020001e009000ae00900029
:101d9c00220707000080fa00000006000c00fa0081
:101dac001007980022079800330798004407980002
:101dbc005507980072a080002e009000be00900085
:101dcc0001f0a00070019800010998001e0090001d
:101ddc0090009000010f780070a080009e007800a9
:101dec001108980070a080009e007800b10090004f
:101dfc00210898001e0078003000900071a080002f
:101e0c00ee8040002100980070a08000ee004000a1
:101e1c001e0078003100980070a080009e00900099
:101e2c00410898001e009000100078008000e80027
:101e3c001e00900001087800120020004e00900057
:101e4c00de009000f50607000080fa000000060096
:101e5c000a00fa0010079800220798003307980030
:101e6c00410798001e00900090009000010f780030
:101e7c0070a080009e0078001108980070a080006f
:101e8c009e007800b1009000210898001e00780098
:101e9c003000900071a08000ee804000210098007e
:101eac0070a08000ee0040001e0078003100980009
:101ebc0070a080009e009000410898001e009000c9
:101ecc00100078008000e8001e00900001087800e7
:101edc004e0090000000e000040032000080eb0097
:101eec008080eb0020079800310798004e0190008d
:101efc002e009000be009000c80607000080fa007b
:101f0c00000006000e00fa00600798006e009000ba
:101f1c004000900040009000100798001e009000b8
:101f2c00c0089000210798001e0090001008900037
:101f3c009e009000a1089000310098001e009000b7
:101f4c00200890009e0090009108900021009800bd
:101f5c002e009000900090001e0090006e0040003b
:101f6c00808f500004003a001e009000a0089000e2
:101f7c002e009000110098001e0090008000eb00d5
:101f8c00410898002e009000100078008000e900b5
:101f9c002e0090000108780070a480000000e00082
:101fac0051003a001e009000e000900031079800ac
:101fbc001e009000300090009e009000c100900028
:101fcc00310098001e009000400090009e00900090
:101fdc00b1009000210098003e009000900090000d
:101fec001e0090000080e800808f500004003a0032
:101ffc001e009000c00090003e0090001100980060
:10200c001e0090008000eb00610098003e009000e4
:10201c00100078008000e9003e0090000108780074
:10202c001e009000d0089000d0a38000808f50003c
:10203c00030036001e00900050089000d0a38800ca
:10204c001e009000500890006c00b90080007800d1
:10205c000041210000804000900090004107980052
:10206c001e009000ce009000310098004e009000b1
:10207c00b00090001e009000410098004e009000af
:10208c00300090009e0090008180e80021009800b4
:10209c001e0090008080e8004e00900031009800f7
:1020ac001e009000500890006c00b9008000780071
:1020bc0000412100808040001e00900061009800cb
:1020cc001e009000500890006c00b9008000780051
:1020dc000041210000804000900078008100e80061
:1020ec00010878001800370051a3800051079800b0
:1020fc001e009000de009000110898005e00900019
:10210c00b00090001e009000210898005e00900026
:10211c00300090009e009000ee804000210098005e
:10212c001e009000ee0040005e0090003100980010
:10213c001e009000814621004108980040a38000b9
:10214c000000e80040a388001e009000d00890001a
:10215c0070a0800050089000808f50000500360061
:10216c0010002000000f78001000200010a4880040
:10217c00020037000000eb00000f78001e00780012
:10218c000080fa00000006000e00fa0040079800dc
:10219c0052079800630798005e009000ee009000d4
:1021ac0001f0a0004e0190000089be004e0090008e
:1021bc0040009000000f78004e009000d00090007e
:1021cc00110798004e00900020009000ce00900067
:1021dc00b1009000310098004e009000300090004b
:1021ec00ce009000a1009000210098001e009000ed
:1021fc00900090004e009000808f500004003a0038
:10220c004e009000b00090001e009000110098004d
:10221c004e0090008000eb00510098001e009000d2
:10222c00100078008000e9001e0090000108780082
:10223c001e007800e0009000210798001e00780036
:10224c00300090009e007800c10090003100980092
:10225c001e007800400090009e007800b1009000b5
:10226c00210098002e009000900090001e80e80045
:10227c00808f500004003a001e007800c0009000cf
:10228c002e009000110098001e0078008000eb00da
:10229c00610098002e009000100078008000e9008a
:1022ac002e009000010878001e007800d0089000e5
:1022bc00d0a38000808f5000030036001e007800f1
:1022cc0050089000d0a388001e00780050089000a1
:1022dc006c00b900800078000041210000804000b3
:1022ec0090009000310798001e007800be0090000e
:1022fc00310098003e009000b00090001e00780065
:10230c00410098003e009000300090009e80e80054
:10231c00210098009e80e8003e009000310098005b
:10232c001e007800500890006c00b9008000780006
:10233c0000412100808040001e0078006100980060
:10234c001e007800500890006c00b90080007800e6
:10235c000041210000804000900078008100e800de
:10236c00010878001e007800d008900070a0800052
:10237c0050089000808f50000200360010002000a2
:10238c0010a488000080fa00000006000200fa0089
:10239c00000f7800724b02000000000021a48000a6
:1023ac001e00780001087800b0a38000c1a3800053
:1023bc001e01780010019800210198008c4b02003e
:1023cc00000000000080fa00000006000200fa0085
:1023dc00000f780021a480001e007800010878000e
:1023ec00b0a38000c1a380001e01780010019800ea
:1023fc00210198000080fa00000006000e00fa008f
:10240c005007980061079800724b02000000000012
:10241c00b2a38000c3a38000120798002307980082
:10242c005e009000a0009000100090001e01900033
:10243c00ae019000000051008180590030079800d7
:10244c004107980070a08000107890000004e00014
:10245c000600320070a080008040eb0011789800dc
:10246c0010002000000f78002c0037005e00900058
:10247c009000780020a48000808f50000e00320065
:10248c005e00900010019000a00190001e009000d2
:10249c00ae009000800f5100818f590006003e0065
:1024ac0010002000000f78006e0190006000b80052
:1024bc000089be00190037006e0090001001be00ac
:1024cc003e009000ce009000800f5100818f59008b
:1024dc000d0036006e0090001001be003e00900012
:1024ec00ce00900000005100818059006e019000d8
:1024fc000089be005e009000b4ff07000000eb00f6
:10250c00000f7800050037006e0190006000b800e5
:10251c000089be0010002000000f78008c4b0200d8
:10252c00000000001e0078000080fa000000060089
:10253c000000fa001000200010a488000080fa00af
:10254c00000006000200fa00000f780027000700c8
:10255c0080a08000e10f500003003600f04f020015
:10256c0000000000000000008c5002000000000081
:10257c00f6ff37000200fa000000eb00000f7800b5
:10258c00080037001e0078006c00b900800078004d
:10259c000041210000804000da46020000000000eb
:1025ac001e0fe8001e007800e40f5000f5ff360007
:1025bc00c0442100da4602000000000080452100e2
:1025cc00da4602000000000080462100da460200d4
:1025dc0000000000c044210020a388008045210099
:1025ec0030a388000080fa00000006000000fa000a
:1025fc000080fa00000006000000fa0020a3800012
:10260c00100078000000e00005003a000080eb00ac
:10261c008080eb0040a4880051a48800050037009e
:10262c0020a38000400090001000be0040a4880051
:10263c0051a488000080fa00000006000200fa0095
:10264c0071a08000010f78001e0078000080fa0055
:10265c00000006000200fa00e0a380000000e00089
:10266c0003003a0010002000000f7800080037002b
:10267c0070a480000000e00003003a00200020005d
:10268c00000f7800020037000000eb00000f78000c
:10269c001e0078000080fa00000006000800fa0016
:1026ac0030079800be009000110798000000eb0066
:1026bc00000f78003e0090000000e000690032003e
:1026cc001e009000d008900070a080005008900070
:1026dc00808f50005b0031001e009000800890003d
:1026ec0070009000e00f5000e08f58000a00350099
:1026fc0070a08000500890008000eb005200200079
:10270c000300200000005100818059001e01900040
:10271c0070019800010998001e0090006001900063
:10272c001e009000500890006c00b90080007800ea
:10273c000041210000804000800f51003a003a0017
:10274c001e0090000080e800cc4702000000000052
:10275c0070a08000d00890001e00900051089800d6
:10276c001e009000d0089000d0a38000808f5000f5
:10277c00030036001e00900050089000d0a3880083
:10278c001e009000500890006c00b900800078008a
:10279c00004121000080400090009000210798002b
:1027ac001e009000ae009000310098002e009000aa
:1027bc00b00090001e009000410098002e00900088
:1027cc00300090009e0090008180e800210098006d
:1027dc001e0090008080e8002e00900031009800d0
:1027ec001e009000500890006c00b900800078002a
:1027fc0000412100808040001e0090006100980084
:10280c001e009000500890006c00b9008000780009
:10281c000041210000804000900078008100e80019
:10282c00010878000400370070a08000d0089000e8
:10283c001e0090005108980010002000000f780036
:10284c00080037001e0090008018900070a08000d7
:10285c0050089000808f50000200310010002000c2
:10286c00000f78001e0078000080fa0000000600bf
:10287c000800fa0030079800be009000110798007d
:10288c000000eb00000f78003e0090000000e0001c
:10289c00540032001e009000101890008000e900d7
:1028ac001e009000111898001e009000d008900097
:1028bc001e00900000189000808f500049003200dc
:1028cc001e009000101890000000e00045003a0037
:1028dc001e0090000080e800cc47020000000000c1
:1028ec001e009000801890001e0090005108980067
:1028fc001e009000500890008000eb005200200059
:10290c000300200000005100818059001e0190003e
:10291c0070019800010998001e009000d0089000ea
:10292c00d0a38000808f5000030036001e00900062
:10293c0050089000d0a388001e0090005008900012
:10294c006c00b9008000780000412100008040003c
:10295c0090009000210798001e009000ae0090009f
:10296c00310098002e009000b00090001e009000e6
:10297c00410098002e009000300090009e009000c6
:10298c008180e800210098001e0090008080e80003
:10299c002e009000310098001e009000500890000e
:1029ac006c00b9008000780000412100808040005c
:1029bc001e009000610098001e00900050089000ce
:1029cc006c00b900800078000041210000804000bc
:1029dc00900078008100e8000108780010002000c9
:1029ec00000f78001e0078000080fa00000006003e
:1029fc000e00fa005007980061079800de00900066
:102a0c001107980010002000200798005e0090002d
:102a1c000000e000670032001e009000801890005b
:102a2c006e009000808f500003003100ee0090008b
:102a3c00010f7800030037001e00900080189000f2
:102a4c00010f78001e009000500890009e0f50005f
:102a5c00580032001e009000901890002e0090003c
:102a6c00808f500053003a001e009000d008900058
:102a7c00310798001e0090009e00780051089800c5
:102a8c001e0090008008900070009000e00f500035
:102a9c00e08f5800090035001e0078008000eb0024
:102aac0052002000030020000000510081805900da
:102abc001e01900070019800010998001e00900002
:102acc00600190003e0090006c00b900800078001e
:102adc000041210000804000800f510035003a0079
:102aec001e0090000080e800cc47020000000000af
:102afc001e009000d0089000d0a38000808f500062
:102b0c00030036001e00900050089000d0a38800ef
:102b1c001e009000500890006c00b90080007800f6
:102b2c000041210000804000900090004107980077
:102b3c001e009000ce009000310098004e009000d6
:102b4c00b00090001e009000410098004e009000d4
:102b5c00300090009e0090008180e80021009800d9
:102b6c001e0090008080e8004e009000310098001c
:102b7c001e009000500890006c00b9008000780096
:102b8c0000412100808040001e00900061009800f0
:102b9c001e009000500890006c00b9008000780076
:102bac000041210000804000900078008100e80086
:102bbc00010878000080fa00000006000400fa000a
:102bcc0070a080007001900080099000028fbe0000
:102bdc0074a0800070a08000500890008000eb0072
:102bec005200200003002000000051008180590099
:102bfc0070029800010a98001e00be000080fa00c6
:102c0c00000006000000fa0070a080000000e00048
:102c1c000400320070a08000901890008100e80041
:102c2c001118980070a080000080fa0000000600c7
:102c3c000c00fa0020079800310798004207980012
:102c4c0053079800724b02000000000071a0800036
:102c5c002e0090006d0040004200dd00008040001e
:102c6c001000be00e00f5000e08f580012003a0038
:102c7c0071a080002e009000008040008003b00006
:102c8c0011c0b300014878004e009000de009000a7
:102c9c00e00f5000e08f58000700320012002000b7
:102cac004e009000de0090005c030700f04f020025
:102cbc0000000000000000008c4b0200000000002f
:102ccc00724b02000000000071a080002e009000ea
:102cdc006d0040004200dd0000804000301f780095
:102cec00201778001e00be00e00f5000e08f580047
:102cfc00150032003e0090000000e0000800320099
:102d0c0071a080002e0090006d0040004200dd009c
:102d1c00008140006000b8000089be000a00370046
:102d2c0073a080000082eb008082eb003e0042002a
:102d3c00ae804a002e0190006d0141004211dd0071
:102d4c00028141000089be0071a080002e0090001d
:102d5c00008040008003b0008040eb000148780008
:102d6c008c4b0200000000001e00be000080fa0028
:102d7c00000006001200fa00889fbe008a9fbe0069
:102d8c001007980022079800330798004407980012
:102d9c00550798006107980076079800070f980070
:102dac00724b02000000000071a080001e00900019
:102dbc008003b00061407800e24f50002a003200de
:102dcc0074a080001e0090006d0040004200dd00e9
:102ddc00000042001001be002e009000be009000ca
:102dec000080ea008180ea0082027800030178000a
:102dfc00800178008100780003806200810061000e
:102e0c0081057800000578000a00be001e019000c4
:102e1c006d0141004211dd00020142000089be003b
:102e2c0071a080001e009000008040008003b00064
:102e3c0011c0b300014878007e0090008e0890000d
:102e4c00e00f5000e08f5800070032001200200005
:102e5c007e0090008e089000f0020700f04f0200f8
:102e6c0000000000000000008c4b0200000000007d
:102e7c00724b0200000000006e0090000000e000a9
:102e8c000800320071a080001e0090006d00400010
:102e9c004200dd00008040001000be006e0190007a
:102eac000089be0071a080001e0090008003b0005d
:102ebc0061407800e24f5000030032000000eb004c
:102ecc00000f78001a00370074a080001e009000dc
:102edc006d0040004200dd00000042001001be0009
:102eec004e009000de0090000080ea008180ea0035
:102efc00820278000301780080017800810078005c
:102f0c000380620081006100810478000004780075
:102f1c000800be001e0190006d0141004211dd0051
:102f2c00020142000089be0010002000000f780052
:102f3c0071a080001e009000008040008003b00053
:102f4c008040eb00014878008c4b02000000000030
:102f5c001e0078004f05be004f04be000080fa0032
:102f6c00000006001600fa00500798006107980050
:102f7c0072079800030f9800140f9800250f980003
:102f8c0010002000000f7800de0090001107980060
:102f9c00724b0200000000002e0890000000e000c0
:102fac00080032009e0090006e0090006d00400002
:102fbc004200dd00008040001000be002e09900091
:102fcc000089be009e0090006e0090008003b0004f
:102fdc0061417800424798009e0090006e0090007e
:102fec00008040008003b00021c0b300014878008d
:102ffc001e089000e20f50001d003200e20f50003e
:10300c0005003e000000e00040003200e10f5000df
:10301c00060032003e003700e30f50002300320060
:10302c00e40f50002a003200390037009e00900057
:10303c006e0090006d0040004200dd0000804000fa
:10304c001001be007e0090008e0890000000710000
:10305c00818071009e0190006e0190006d01410015
:10306c004211dd00028141000089be0028003700ba
:10307c009e0090006e0090006d0040004200dd004c
:10308c00008040001000be0061004000e08048005d
:10309c009e0190006e0190006d0141004211dd0017
:1030ac00028141000089be00190037009e0090008b
:1030bc006e0090006d0040004200dd00008040007a
:1030cc007e0190008e0990000288be00100037002f
:1030dc004e409000e24f5000090032009e009000dc
:1030ec006e0090006d0040004200dd00008040004a
:1030fc007e0190008e0990000288be00040037000b
:10310c000000eb00000f7800010037000000000009
:10311c004e409000e14f500059003a001e009000c4
:10312c00e0019000330798001e00900030009000e2
:10313c009e009000c1009000310098001e0090008d
:10314c00400090009e009000b1009000210098007b
:10315c003e009000900090001e0090000080e8005f
:10316c00808f500004003a001e009000c0009000b8
:10317c003e009000110098001e0090008000eb00b3
:10318c00610098003e009000100078008000e9007b
:10319c003e009000010878001e009000d0089000be
:1031ac00d0a38000808f5000030036001e009000da
:1031bc0050089000d0a388001e009000500890008a
:1031cc006c00b900800078000041210000804000b4
:1031dc0090009000410798001e0090004e01900056
:1031ec00320098004e009000b00090001e0090003d
:1031fc00410098004e009000300090009e0090001e
:10320c008180e800210098001e0090008080e8007a
:10321c004e009000310098001e0090005008900065
:10322c006c00b900800078000041210080804000d3
:10323c001e009000610098001e0090005008900045
:10324c006c00b90080007800004121000080400033
:10325c00900078008100e800010878001e009000c2
:10326c00d008900070a0800050089000808f500013
:10327c0003003600f04f02000000000000000000c8
:10328c008c4b0200000000001e0078000080fa0049
:10329c00000006001c00fa0070079800010f98004f
:1032ac00120f9800230f9800340f9800450f9800c8
:1032bc00560f980010002000000f7800fe009000c0
:1032cc00110798000000eb00200798004e089000b2
:1032dc000000e000080032009e0090000e089000f4
:1032ec006d0040004200dd00008040001000be0078
:1032fc004e0990000089be009e0090000e089000c0
:10330c008003b00061417800624798009e009000f5
:10331c000e089000008040008003b00021c0b30074
:10332c00014878003e089000e20f50001d0032006a
:10333c00e20f500005003e000000e00040003200ab
:10334c00e10f5000060032003e003700e30f500042
:10335c0023003200e40f50002a00320039003700fd
:10336c009e0090000e0890006d0040004200dd00b1
:10337c00008040001001be001e089000ae089000b6
:10338c0000007100818071009e0190000e09900078
:10339c006d0141004211dd00028141000089be0037
:1033ac00280037009e0090000e0890006d00400031
:1033bc004200dd00008040001000be0061004000b3
:1033cc00e08048009e0190000e0990006d014100c4
:1033dc004211dd00028141000089be001900370056
:1033ec009e0090000e0890006d0040004200dd0031
:1033fc00008040001e099000ae0990000288be00bb
:10340c00100037006e409000e24f5000090032006f
:10341c009e0090000e0890006d0040004200dd0000
:10342c00008040001e099000ae0990000288be008a
:10343c00040037000000eb00000f7800010037009b
:10344c00000000006e409000e14f50007a003a00fe
:10345c0070a480000000e00051003a001e009000b3
:10346c00e0019000430798001e009000300090008f
:10347c009e009000c1009000310098001e0090004a
:10348c00400090009e009000b10090002100980038
:10349c004e009000900090001e0090000080e8000c
:1034ac00808f500004003a001e009000c000900075
:1034bc004e009000110098001e0090008000eb0060
:1034cc00610098004e009000100078008000e90028
:1034dc004e009000010878001e009000d00890006b
:1034ec00d0a38000808f5000030036001e00900097
:1034fc0050089000d0a388001e0090005008900047
:10350c006c00b90080007800004121000080400070
:10351c0090009000510798001e0090005e019000f2
:10352c00320098005e009000b00090001e009000e9
:10353c00410098005e009000300090009e009000ca
:10354c008180e800210098001e0090008080e80037
:10355c005e009000310098001e0090005008900012
:10356c006c00b90080007800004121008080400090
:10357c001e009000610098001e0090005008900002
:10358c006c00b900800078000041210000804000f0
:10359c00900078008100e8000108780018003700de
:1035ac0053a38000630798001e009000ee0090006b
:1035bc00110898006e009000b00090001e00900062
:1035cc00210898006e009000300090009e00900042
:1035dc00ee804000210098001e009000ee0040009c
:1035ec006e009000310098001e0090008146210072
:1035fc004108980040a380000000e80040a3880028
:10360c001e009000d008900070a080005008900020
:10361c00808f5000080036005e0890000000e0002b
:10362c00030032005e0890001100200001087800b1
:10363c001000200010a488001e0078000080fa0002
:10364c00000006001200fa0060079800710798004d
:10365c00020f9800ee009000010f78000000eb00c4
:10366c00100798009e0078007e0090008003b00048
:10367c0061417800424798009e0078007e009000df
:10368c00008040008003b00021c0b30001487800e6
:10369c009e0078007e0090006d0040004200dd002e
:1036ac00008040001000be0061004000e080480037
:1036bc009e0178007e0190006d0141004211dd00f9
:1036cc00028141000089be004e409000e14f500045
:1036dc0077003a0070a480000000e0004e003a0031
:1036ec001e007800e0009000310798001e00780062
:1036fc00300090009e007800c100900031009800ce
:10370c001e007800400090009e007800b1009000f0
:10371c00210098003e009000900090001e80e80070
:10372c00808f500004003a001e007800c00090000a
:10373c003e009000110098001e0078008000eb0005
:10374c00610098003e009000100078008000e900b5
:10375c003e009000010878001e007800d008900010
:10376c00d0a38000808f5000030036001e0078002c
:10377c0050089000d0a388001e00780050089000dc
:10378c006c00b900800078000041210000804000ee
:10379c0010019000420798001e007800ce009000a7
:1037ac00310098004e009000b00090001e00780090
:1037bc00410098004e009000300090009e80e80080
:1037cc00210098009e80e8004e0090003100980087
:1037dc001e007800500890006c00b9008000780042
:1037ec0000412100808040001e007800610098009c
:1037fc001e007800500890006c00b9008000780022
:10380c000041210000804000900078008100e80019
:10381c00010878001800370052a380005207980066
:10382c001e007800de009000110898005e009000e9
:10383c00b00090001e007800210898005e009000f7
:10384c00300090001e017800ee004100210098002d
:10385c001e017800ee0041005e00900031009800df
:10386c001e007800814621004108980040a380008a
:10387c000000e80040a388001e007800d0089000eb
:10388c0070a0800050089000808f50000800360017
:10389c000e0890000000e000030032000e089000bb
:1038ac0011002000010878001000200010a48800ee
:1038bc000080fa00000006000800fa0020079800bb
:1038cc00310798002e0090000000e00002003a0042
:1038dc0070a08000010037002e00900010079800a7
:1038ec00724b0200000000009e0090003e00900011
:1038fc008003b00061407800e24f500009003a00ac
:10390c009e0090003e009000008040008003b000bc
:10391c008040eb000148780010002000000f780078
:10392c00020037000000eb00000f78008c4b020007
:10393c00000000001e0078000080fa000000060065
:10394c000e00fa00889fbe003007980041079800cf
:10395c0052079800630798003e0090000000e000ba
:10396c0002003a0070a08000010037003e00900079
:10397c00000f7800724b0200000000009e007800df
:10398c004e0090006d0040004200dd0000804000c1
:10399c001001be0012079800230798009e007800c3
:1039ac004e0090006d0040004200dd0000804000a1
:1039bc001001be005e009000ee0090000080ea0056
:1039cc008180ea000202780003017800800178000f
:1039dc00810078000300620081006100810478009e
:1039ec00000478000800be009e0178004e01900093
:1039fc006d0141004211dd00028141000089be00d1
:103a0c008c4b0200000000001e009000ae009000e5
:103a1c004f04be000080fa00000006000e00fa0001
:103a2c00400798005107980062079800b2a38000e5
:103a3c00c3a38000028fbe0070a080008040eb000a
:103a4c001178980070a080000080e800cc4702003c
:103a5c00000000004e009000de0090003e0140008f
:103a6c00ae8148000200be00200798003107980084
:103a7c0070a080002e019000be01900012009800f2
:103a8c00230098002e009000be009000be0f500046
:103a9c00ae8f58000600310070a080008080e800d6
:103aac0030a380005a4702000000000010003700cd
:103abc0070a080008080e80020a380005a4702009c
:103acc000000000040a4800051a480002e01900052
:103adc00be019000800f5100818f5900040031000d
:103aec002e019000be01900042a4880053a48800cf
:103afc000080fa00000006000800fa002007980079
:103b0c003107980010002000000f7800ae009000e4
:103b1c00110798001e0090000000e00051003200d8
:103b2c001e009000101090000000e0004d003200cc
:103b3c001e009000101090008080eb0000017800b7
:103b4c00110009008280d800800078001e009000cf
:103b5c0020109000808f500042003900724b020000
:103b6c00000000001e009000100178001e00900064
:103b7c00901090001e009000201090000088b9005a
:103b8c0000007800800041001e0090002100980089
:103b9c001e0090008000eb00011098001e009000a9
:103bac00900078001e009000110098001e009000fc
:103bbc00100178001e009000101090008000e900a9
:103bcc001e009000201090000088b90000007800c2
:103bdc00800041001e009000310098001e009000f3
:103bec0080c0eb00616098001e00900080c0eb006c
:103bfc00716098003e0090000000e0000e003a005a
:103c0c001e009000400090000000e0001200320006
:103c1c001e00900068004000880f020000000000a9
:103c2c000000e0000c003200f04f02000000000029
:103c3c0000000000080037001e00900068004000e3
:103c4c00da460200000000001e00900074004000e4
:103c5c00da460200000000008c4b0200000000005d
:103c6c00020037000000eb00000f78001e00780007
:103c7c000080fa00000006000c00fa0030079800e3
:103c8c0041079800224f98000000eb00000f7800cd
:103c9c003e0090000000e000280032008080eb0025
:103cac003e00900000017800110009008280d800cd
:103cbc00800078004e009000808f50001f0039006b
:103ccc00be0090004e0090000088b9008000780083
:103cdc0050fd2f00808f500018003e00be00900059
:103cec004e0090000088b900000078001007980082
:103cfc001e009000a002b000244002000000000052
:103d0c00000f78001e0078000000e0000b0032006d
:103d1c009e007800210798002e009000a002b000b1
:103d2c00200798001e027800ae4990002e019000ea
:103d3c00ce0090003e009000030007001e007800ab
:103d4c000080fa00000006000a00fa00000f78005c
:103d5c0011079800220798006347980044079800c1
:103d6c001e0090000000e00004003a00ce0090001d
:103d7c004e0090000108780003003700ae00900060
:103d8c004e009000010878004e0090009e007800d4
:103d9c00111098004e0090009e0090002110980089
:103dac00110020004e00900053ff07004e009000c1
:103dbc008000eb00411098000080fa000000060023
:103dcc000200fa00000f78001e0078000000e000ee
:103ddc000e0032001e0078008000eb0021009800dd
:103dec001e0078008000eb00010878001e007800af
:103dfc008000eb00310098000002eb006011b8006d
:103e0c008000eb001e0078002c0007000080fa00f8
:103e1c00000006000800fa0060479800100020001f
:103e2c00000f78000000eb00100798006e41900026
:103e3c009e0090001e0078008fff0700200798005e
:103e4c002e009000deff07002e0090000080fa008c
:103e5c00000006000600fa001007980021079800e1
:103e6c000000eb00000f78001e0090000000e00046
:103e7c000f003200ae0090001e009000808f5000aa
:103e8c000b003e0022c0b3008000eb001e0090002f
:103e9c0079ff0700000f78001e0078000000e0009a
:103eac00030032001e007800ae0090000110980054
:103ebc001e0078000080fa00000006001800fa00ce
:103ecc0070079800010f9800120f9800230f9800ac
:103edc00340f98000000eb00000f7800fe009000fb
:103eec00110798000100370000000000724b02001f
:103efc00000000001e009000801090001e0090003a
:103f0c0010109000808f5000030039003e08900084
:103f1c00e20f500034003a001e0090008010900018
:103f2c00210798003e0990008e0890001e0090001a
:103f3c006a030700300798001e00900040109000a4
:103f4c000000e0000e0032003e089000e20f50002e
:103f5c0003003a002e0090000000e0001e003a0022
:103f6c001e009000330607000000e000190032002c
:103f7c00f04f0200000000000000000016003700a7
:103f8c001e009000200890000000e0000a003200a3
:103f9c001e00900074004000880f0200000000001a
:103fac000000e0000c003200f04f020000000000a6
:103fbc0000000000080037003e0090000000e00008
:103fcc0005003200f04f020000000000000000006d
:103fdc0001003700000000008c4b020000000000c4
:103fec00100020004d0037001e089000ae08900015
:103ffc00e00f5000e08f580004003a008c4b020098
:10400c00000000000000eb00440037001e007800a8
:10401c000000e00005003a0068004700ec110200c7
:10402c000000000010002000000f78008c4b0200f4
:10403c0000000000be08020000000000724b0200ed
:10404c00000000001e00900060609000e14f4000f6
:10405c0003003a001e0090008040eb006160980065
:10406c001e00900070609000e14f400003003a0089
:10407c001e0090008040eb00716098008c4b020099
:10408c0000000000f2004700680047000412020024
:10409c00000000000000e0001b003a001e00900031
:1040ac00030407000000e000120032001e0890001c
:1040bc00ae0890001e019000680241000001be0095
:1040cc0004007800b40e0200000000001e009000f6
:1040dc008a030700ca080200000000000000e0008c
:1040ec0081ff3a00f04f02000000000000000000c9
:1040fc007eff37001e00900080030700ca080200f4
:10410c000000000079ff37001e0090007b030700c1
:10411c00ca080200000000000000eb000080fa005a
:10412c00000006001400fa00600798007107980060
:10413c00020f9800130f9800ee00900011079800e2
:10414c000000eb00200798001e00900080109000eb
:10415c001e00900010109000808f5000030039005a
:10416c001e089000e20f500047003a001e0090001d
:10417c00f0609000614798001e0090008010900045
:10418c00410798001e099000fe0090001e00900050
:10419c00d20207006e409000e14f400026003a002a
:1041ac001e009000401090000000e0001100320052
:1041bc001e089000e20f500003003a004e009000e1
:1041cc000000e0002d003a001e0090009905070049
:1041dc000000e000260032000e0890000000e00015
:1041ec00250032000e089000110020000108780014
:1041fc00220037001e009000200890000000e00014
:10420c001e0032001e00900074004000880f020057
:10421c00000000000000e000180032000e089000c2
:10422c000000e000150032000e0890001100200084
:10423c000108780011003700640a02000000000039
:10424c00500798006e4090008000fb005e009000cc
:10425c00808f5000090031006e4090000040e80053
:10426c00804078001e0090007160980003003700b9
:10427c0000000000010037000000000010002000ca
:10428c00000f7800020037000000eb00000f7800f0
:10429c001e0078000080fa00000006001000fa00f2
:1042ac006007980071079800ee00900011079800c5
:1042bc000000eb00200798001e009000801090007a
:1042cc00310798001e009000901090003e00900066
:1042dc00808f50003a0036001e009000f060900075
:1042ec00014f98003e0090008000e8001e009000f6
:1042fc00011098000e489000e14f400020003a0059
:10430c001e009000401090000000e0000b003200f6
:10431c001e009000470507000000e0002500320059
:10432c007e0090000000e000220032007e00900031
:10433c0011002000010878001e0037001e009000bc
:10434c00200890000000e0001a0032001e009000cf
:10435c0074004000880f0200000000000000e00024
:10436c00140032007e0090000000e00011003200ca
:10437c007e00900011002000010878000d0037002d
:10438c00640a020000000000500798000e489000dc
:10439c008000fb005e009000808f50000500310013
:1043ac000e4890000040e800804078001e0090000d
:1043bc007160980010002000000f78000200370098
:1043cc000000eb00000f78001e0078000080fa005f
:1043dc00000006001400fa006007980071079800ae
:1043ec00020f9800130f98000000eb00000f7800ec
:1043fc00ee00900011079800030037000000000049
:10440c000100370000000000724b020000000000a9
:10441c001e00900080109000210798002e00900044
:10442c000000e00018003200fe0090001e0090001a
:10443c008f0207002e0090008000e9001e00900003
:10444c00011098001e009000400090000000e00059
:10445c00090032001e00900068004000880f020026
:10446c00000000000000e00003003200f04f0200ea
:10447c0000000000000000008c4b02000000000057
:10448c0010002000510037000e0890009e0890008c
:10449c00e00f5000e08f580004003a008c4b0200f3
:1044ac00000000000000eb00480037001e00780000
:1044bc000000e00005003a0066004700ec11020025
:1044cc000000000010002000000f78008c4b020050
:1044dc0000000000be08020000000000724b020049
:1044ec00000000001e00900060609000e14f400052
:1044fc0003003a001e0090008040eb0061609800c1
:10450c001e00900070609000e14f400003003a00e4
:10451c001e0090008040eb00716098008c4b0200f4
:10452c0000000000f0004700660047000412020083
:10453c00000000000000e0001b003a001e0090008c
:10454c00b90207000000e000120032000e089000d3
:10455c009e0890001e019000740241000001be00f4
:10456c0004007800b40e0200000000001e00900051
:10457c0062020700ca080200000000000000e00010
:10458c009eff3a00f04f0200000000000000000007
:10459c009dff37001e00900058020700ca08020059
:1045ac000000000098ff37001e0090005302070027
:1045bc00ca080200000000001e0090009a020700ca
:1045cc000000e0008fff32000000eb000080fa00da
:1045dc00000006001600fa00000f9800120f980059
:1045ec00230f98000000eb00000f78008e0890005d
:1045fc00210798000000eb0010079800030037001b
:10460c00000000000100370000000000724b0200a7
:10461c00000000002e0090008010900031079800e0
:10462c003e0090000000e0001d0032003e009000b3
:10463c008000e9002e009000011098002e009000e0
:10464c00100078000000e00004003a000816020098
:10465c0000000000ae009000a00098002e0090001a
:10466c00400090000000e000090032002e00900095
:10467c0068004000880f0200000000000000e0000d
:10468c0003003200f04f02000000000000000000a8
:10469c008c4b020000000000100020006d00370061
:1046ac001e089000ae089000e00f5000e08f5800fc
:1046bc0004003a008c4b0200000000000000eb00ec
:1046cc00640037001e0078000000e00005003a008e
:1046dc006a004700ec1102000000000010002000ee
:1046ec00000f78008c4b020000000000be08020096
:1046fc0000000000724b0200000000002e00900031
:10470c0060609000e14f400003003a002e009000e2
:10471c008040eb00616098002e009000706090006b
:10472c00e14f400003003a002e0090008040eb0067
:10473c00716098008c4b020000000000f2004700f2
:10474c006a00470004120200000000000000e000b4
:10475c0028003a002e009000330207000000e00011
:10476c001f0032002e009000100078000000e000c6
:10477c0009003a00724b0200000000002e0090006d
:10478c002000900054130200000000001007980055
:10479c008c4b0200000000001e089000ae08900038
:1047ac002e019000740241000001be00040078004c
:1047bc00b40e0200000000002e009000cf01070094
:1047cc00ca080200000000000000e0008cff3a0064
:1047dc00f04f020000000000000000008bff3700cb
:1047ec002e009000c5010700ca080200000000005e
:1047fc0086ff37002e009000c0010700ca08020097
:10480c00000000002e009000070207000000e000ee
:10481c007dff32001e0090000000e0000c00320012
:10482c00724b0200000000002e0090001a010700dd
:10483c00400798002e00900020009000ce009000c1
:10484c00fe140200000000008c4b0200000000006f
:10485c000000eb000080fa00000006001600fa00d1
:10486c0070079800010f9800120f9800230f980002
:10487c000000eb00000f7800fe009000110798007c
:10488c0003003700000000000100370000000000aa
:10489c00724b0200000000001e009000801090007f
:1048ac00210798002e0090000000e0001a00320052
:1048bc001e009000b0009000310798008e08900008
:1048cc001e0090006a0107001e009000be009000c0
:1048dc00310098001e009000200890000000e000bd
:1048ec00090032001e00900074004000880f020086
:1048fc00000000000000e00003003200f04f020056
:10490c0000000000000000008c4b020000000000c2
:10491c0010002000510037001e089000ae089000d7
:10492c00e00f5000e08f580004003a008c4b02005e
:10493c00000000000000eb00480037001e0078006b
:10494c000000e00005003a0068004700ec1102008e
:10495c000000000010002000000f78008c4b0200bb
:10496c0000000000be08020000000000724b0200b4
:10497c00000000001e00900060609000e14f4000bd
:10498c0003003a001e0090008040eb00616098002c
:10499c001e00900070609000e14f400003003a0050
:1049ac001e0090008040eb00716098008c4b020060
:1049bc0000000000f20047006800470004120200eb
:1049cc00000000000000e0001b003a001e009000f8
:1049dc00950107000000e000120032001e08900054
:1049ec00ae0890001e019000740241000001be0050
:1049fc0004007800b40e0200000000001e009000bd
:104a0c003e010700ca080200000000000000e000a0
:104a1c009cff3a00f04f0200000000000000000074
:104a2c009bff37001e00900034010700ca080200eb
:104a3c000000000096ff37001e0090002f010700b9
:104a4c00ca080200000000001e009000760107005a
:104a5c000000e0008dff32000000eb000080fa0047
:104a6c00000006001200fa00600798007107980019
:104a7c00020f9800ee009000110798000000eb0068
:104a8c00200798001e0090008010900031079800bd
:104a9c003e0090000000e0002e0032001e0090004e
:104aac00e0609000014f9800fe0090001e00900006
:104abc00ef0007003e0090008000e9001e0090000f
:104acc00011098000e489000e14f400011003a0090
:104adc001e009000400090000000e0001a00320020
:104aec001e00900068004000880f020000000000cb
:104afc000000e000140032000e0890000000e000fe
:104b0c00110032000e0890001100200001087800fe
:104b1c000d003700640a02000000000050079800e6
:104b2c000e4890008000fb005e009000808f5000cb
:104b3c00050031000e4890000040e80080407800ed
:104b4c001e0090006160980010002000000f78009b
:104b5c00020037000000eb00000f78001e00780008
:104b6c000080fa00000006000c00fa0040079800d4
:104b7c0051079800ce009000110798000000eb0040
:104b8c00200798001e009000001090000000e0002c
:104b9c000c0032001e009000b0009000310798000d
:104bac00de0090001e009000b10007001e00900077
:104bbc00be0090003100980010002000000f78001b
:104bcc00020037000000eb00000f78001e00780098
:104bdc000080fa00000006000400fa00100798009c
:104bec00724b0200000000001e009000801090002c
:104bfc00010f78008c4b0200000000001e007800b2
:104c0c000080fa00000006000600fa002007980059
:104c1c00ae009000010f7800724b02000000000003
:104c2c001e007800901090001e007800001090007c
:104c3c0000805000100798008c4b02000000000010
:104c4c001e0090000080fa00000006000600fa002a
:104c5c0020079800ae009000010f78001e0078002d
:104c6c0080109000110798001e0090000080fa0040
:104c7c00000006000400fa00100798009e00900047
:104c8c00010f78001e007800224102000000000095
:104c9c000080fa00000006000400fa0010079800db
:104cac001e009000200890000000e000060032007a
:104cbc001e009000600890001000be0000007800fc
:104ccc00650f1000020037000000eb00000f7800a9
:104cdc001e0078000080fa00000006000a00fa00ae
:104cec002007980031079800420798000000eb005d
:104cfc00000f78002e009000801090001107980093
:104d0c002e009000201090000000e0000d003a00f2
:104d1c002e009000100078000000e0004d003a00da
:104d2c002e009000200090003e14020000000000b5
:104d3c00000f78002e0090008000eb0021009800fe
:104d4c00440037004e0090000000e0001a003a00ca
:104d5c002e009000a01090002e00900010009000eb
:104d6c0001017800be009000220302000000000048
:104d7c002e009000900090002e00900020109000cb
:104d8c00808040002e009000110098002e009000b2
:104d9c00900090002e00900020009000808f50001a
:104dac002c0039002e009000900078002e0090000e
:104dbc0011009800270037002e009000a0109000e2
:104dcc002e0090003000900001017800be00900091
:104ddc0022030200000000002e009000b0009000a2
:104dec002e009000201090000000ea00808040000f
:104dfc002e009000310098002e009000b000900022
:104e0c002e00900010007800808f500008003100b8
:104e1c002e009000a00090002e009000201090001a
:104e2c000000ea00808040002e00900031009800c5
:104e3c004e009000e20f500006003a001e00900059
:104e4c000000e000030032001e0090000000e900aa
:104e5c00100798001e0090008000e8002e009000c3
:104e6c00011098001e0078000080fa000000060077
:104e7c000400fa00000f7800110798001e0078005b
:104e8c00201090000000e0001a0032001e00780094
:104e9c00b00090001e007800201090008080400030
:104eac001e007800310098001e007800b0009000c1
:104ebc001e00780020009000808f50000400390004
:104ecc001e007800900078001e00780031009800d9
:104edc001e007800a01090001e007800300090009a
:104eec0001017800800078001e009000220302006f
:104efc00000000000080fa00000006000400fa0028
:104f0c0010079800724b0200000000001e00900079
:104f1c00f0609000014f7800180037001e009000e0
:104f2c00401090000000e000070032001e009000ce
:104f3c00400207000000e0000f0032009e12020049
:104f4c00000000000c0037001e00900020089000ac
:104f5c000000e0000d0032001e00900074004000c4
:104f6c00880f0200000000000000e0000200320088
:104f7c009e120200000000001e4fe9001e40780047
:104f8c000004e000e5ff3c000100370000000000d9
:104f9c001e00900080c0eb00716098008c4b0200ea
:104fac0000000000724b0200000000001e00900088
:104fbc00e0609000114798000f0037001e00900031
:104fcc00400090000000e0000f0032001e00900036
:104fdc0068004000880f0200000000000000e000a4
:104fec00020032009e120200000000001e409000e1
:104ffc000040e900104798001e4090000004e000bb
:10500c00eeff3c0001003700000000001e00900085
:10501c0080c0eb00616098008c4b02000000000027
:10502c000080fa00000006000400fa001007980047
:10503c00724b0200000000001e0090000010900057
:10504c000000e00003003a0010002000000f780080
:10505c00020037000000eb00000f78008c4b0200c0
:10506c00000000001e0078000080fa00000006001e
:10507c000600fa0020079800ae0090001107980077
:10508c001e009000001090000000e00003003a00a9
:10509c0010002000000f7800020037000000eb0029
:1050ac00000f78001e0078000080fa000000060057
:1050bc000400fa0010079800724b02000000000078
:1050cc001e009000801090001e00900010109000a8
:1050dc00808f500003003a0010002000000f780071
:1050ec00020037000000eb00000f78008c4b020030
:1050fc00000000001e0078000080fa00000006008e
:10510c000600fa0020079800ae00900011079800e6
:10511c001e009000801090001e0090001010900057
:10512c00808f500003003a0010002000000f780020
:10513c00020037000000eb00000f78001e00780022
:10514c000080fa00000006000c00fa00200798000e
:10515c00310798004207980053079800ae00900062
:10516c001107980011028000f0f12f000080600000
:10517c000050a00010028800000000000000000099
:10518c001e009000caff07000000e0001a00320069
:10519c004e009000de009000e00f5000e08f5800b1
:1051ac000e0032001e0090006800400000017800e4
:1051bc004e009000de0090005e44020000000000f3
:1051cc0011028000f0f12f000080600010028800b6
:1051dc0000000000c0ff2f003400370011028000d7
:1051ec00f0f12f0000806000100288000000000029
:1051fc000000eb002d00370011028000f0f12f00b1
:10520c000080600010028800000000001102800085
:10521c00f0f12f00008060000050a0001002880008
:10522c0000000000000000001e00900080109000a4
:10523c001e00900010109000808f50001300310061
:10524c000001eb00be0090001e009000a3fe0700c2
:10525c0010002000000f78001e0090002008900025
:10526c000000e0000b0032001e00900074004000b3
:10527c009e460200000000000000e0000500320025
:10528c00b0ff2f00000f7800020037000000eb0089
:10529c00000f780011028000f0f12f0000806000f8
:1052ac0010028800000000001e0078000080fa0048
:1052bc00000006000c00fa00200798003107980047
:1052cc004207980053079800ae0090001107980011
:1052dc0011028000f0f12f00008060000050a0004f
:1052ec001002880000000000000000001e0090006a
:1052fc00001090000000e0001a003a004e009000f0
:10530c00de009000e00f5000e08f58000e003200dd
:10531c001e00900074004000000178004e009000c8
:10532c00de0090005e4402000000000011028000cc
:10533c00f0f12f00008060001002880000000000d7
:10534c00c0ff2f004d00370011028000f0f12f003c
:10535c000080600010028800000000000000eb00dc
:10536c004600370011028000f0f12f000080600031
:10537c00100288000000000011028000f0f12f00e4
:10538c00008060000050a0001002880000000000a7
:10539c00000000001e009000001090000000e000d3
:1053ac002e0032001e009000b00090001e009000f5
:1053bc0020109000808040001e009000310098006a
:1053cc001e009000b00090001e0090002000900085
:1053dc00808f5000040039001e009000900078006f
:1053ec001e009000310098001e00900000109000ec
:1053fc008000e9001e009000011098001e00900033
:10540c00a01090001e009000300090000101780068
:10541c00800078003e009000220302000000000093
:10542c0010002000000f78001e009000400090003b
:10543c000000e0000b0032001e00900068004000ed
:10544c009e460200000000000000e0000500320053
:10545c00b0ff2f00000f7800020037000000eb00b7
:10546c00000f780011028000f0f12f000080600026
:10547c0010028800000000001e0078000080fa0076
:10548c00000006000800fa00100798002107980099
:10549c00320798009e009000010f78001e007800e3
:1054ac00801090001e00780010109000808f50002b
:1054bc00130031000001eb00ae0090001e007800dc
:1054cc0006fe07003e0090000000e0000c003a00d1
:1054dc001e007800200890000000e0000800320058
:1054ec009e007800748040009e4602000000000080
:1054fc000000e00002003200100020000100370024
:10550c003e0090000080fa00000006000a00fa003d
:10551c00200798003107980042079800ae009000d1
:10552c00110798001e009000001090000000e00091
:10553c00330032001e009000b00090001e0090005e
:10554c0020109000808040001e00900031009800d8
:10555c001e009000b00090001e00900020009000f3
:10556c00808f5000040039001e00900090007800dd
:10557c001e009000310098001e009000001090005a
:10558c008000e9001e009000011098001e009000a1
:10559c00a01090001e0090003000900001017800d7
:1055ac00800078003e009000220302000000000002
:1055bc004e009000100078000000e0000d003a0052
:1055cc001e009000400090000000e0000900320036
:1055dc001e009000680040009e4602000000000083
:1055ec000000e000030032004e009000110020008b
:1055fc000108780010002000000f7800020037002e
:10560c000000eb00000f78001e0078000080fa000c
:10561c00000006000a00fa00100798002207980004
:10562c0033079800410798009e009000010f780006
:10563c00724b0200000000001e00780060609000b9
:10564c00e14f400003003a001e0078008040eb0060
:10565c00616098001e00780070609000e14f40007f
:10566c0003003a001e0078008040eb007160980047
:10567c008c4b0200000000001e007800001090000f
:10568c000000e00007003a009e00780074804000a3
:10569c00ce0090002e019000be0190002e0f020053
:1056ac00000000001e00780014fe07000080fa00c5
:1056bc00000006000400fa00100798000041eb00ff
:1056cc00210020001e0090006bf90700000f7800ed
:1056dc001e0078000080fa00000006000600fa00a8
:1056ec001007980021079800724b02000000000080
:1056fc001e009000401090000000e00003003200fb
:10570c000000eb00000f78000c0037001e0090002a
:10571c00001090000000e000030032000000eb00dd
:10572c00000f7800050037001e009000ae009000be
:10573c004110980010002000000f78008c4b0200e4
:10574c00000000001e0078000080fa000000060037
:10575c000800fa002007980031079800ae0090006e
:10576c00110798001e009000c01090003e009000a1
:10577c00808f5000030032000000eb00000f780017
:10578c00100037001e009000001090000000e00098
:10579c00030032000000eb00000f78000900370016
:1057ac00724b0200000000001e0090008000eb0015
:1057bc00411098008c4b02000000000010002000eb
:1057cc00000f78001e0078000080fa000000060030
:1057dc000800fa0010079800220798003307980079
:1057ec000000eb00000f78002e019000be0190002d
:1057fc008e0078001e009000f6fa07001e0078005c
:10580c000080fa00000006000400fa00100798005f
:10581c000000eb00000f78000001eb008e00780018
:10582c001e0090008ffc07001e0078000080fa001c
:10583c00000006000a00fa00400798004e00900095
:10584c00c0109000110798000000eb00000f7800ca
:10585c001e009000801090001e0090001010900010
:10586c00808f5000260031001e009000f0609000e8
:10587c0041479800680047000001eb008000780069
:10588c001e00900015fd0700000f78004e409000a0
:10589c00e14f40000d003a001e00900020089000df
:1058ac000000e000160032001e0090007400400062
:1058bc00880f0200000000000000e0001000320021
:1058cc0010002000000f78000d003700640a020061
:1058dc0000000000300798004e4090008000fb0054
:1058ec003e009000808f5000050031004e4090002b
:1058fc000040e800804078001e0090007160980025
:10590c001e0078000080fa00000006000e00fa006d
:10591c002007980031079800420798005307980019
:10592c00640798004e009000e10f500003003a000d
:10593c0010c0b30020479800020037000040eb0075
:10594c00204798003e0090000000e00002003a0062
:10595c0010002000300798002e009000f10040004d
:10596c002e009000808f5000090036002e00900011
:10597c000000e800200798002e0090007000400006
:10598c002440020000000000000f780002003700e5
:10599c000000eb00000f78001e0078000000e00013
:1059ac00090032001e017800f00041001e00780052
:1059bc006e039000de0290002e429000be0190001b
:1059cc002e019000600307001e0078000080fa0092
:1059dc00000006000400fa00100798009e009000da
:1059ec00010f78001e007800604890000080fb00da
:1059fc00620060000000e00004003a001e00780025
:105a0c0022410200000000000500370002012000c6
:105a1c008000eb001e007800300302000000000044
:105a2c000080fa00000006000a00fa004007980007
:105a3c00ce009000110798000000eb00000f7800da
:105a4c000000eb00200798000000eb0030079800e6
:105a5c00724b0200000000001e00900040009000fd
:105a6c000000e00016003a001e009000500090006c
:105a7c000000e00012003a001e009000e049900087
:105a8c001e009000300190001e009000a0009000bd
:105a9c001e009000600090003e039000ae0290004b
:105aac0003427800820178000101780080007800c0
:105abc001e0090002403070010002000000f780047
:105acc008c4b0200000000001e0078000080fa00e1
:105adc00000006000800fa00200798003107980023
:105aec00ae009000110798003e0090000000e0000e
:105afc0002003a0010002000300798001e009000b1
:105b0c00a00090003e009000808f500006003600f0
:105b1c001e009000be009000310098001000200084
:105b2c00000f7800020037000000eb00000f780037
:105b3c001e0078000080fa00000006000800fa0041
:105b4c0030079800be009000110798001e009000ce
:105b5c0090007800210798001e009000a000900093
:105b6c001e00900010007800008f40001e00900076
:105b7c00100090001e0f10001e0090009000780086
:105b8c002e009000808f5000f0ff3a001e0fe900ad
:105b9c001e009000200090009e0f500003003e005d
:105bac001e009000200090001e0f10001e007800b8
:105bbc000080fa00000006000600fa00200798009a
:105bcc00ae009000010f78001e007800ca0207009a
:105bdc00100798001e0090000080fa0000000600dc
:105bec001a00fa00000f9800110f9800220f98006d
:105bfc00340f9800450f98008e08900021079800ec
:105c0c000000eb00000f7800ae0890001107980020
:105c1c000000eb00300798002e0090002000900050
:105c2c000000e900300798002e00900060489000ba
:105c3c000080fb0061006000004078000004e00080
:105c4c000b0032001e0090000080e8001007980046
:105c5c009e0090003e009000808f50000a0036009d
:105c6c006000b800300f9800410f98000600370014
:105c7c009e0090003e009000808f50000200360085
:105c8c00be009000110798003e089000ce089000ce
:105c9c00e00f5000e08f58002c0032006a004700e3
:105cac00cc11020000000000724b0200000000004a
:105cbc002e009000a1ff0700000f78001e0090003e
:105ccc009e007800808f50001d0031008000eb009a
:105cdc000000eb00621c0200000000002413020014
:105cec0000000000ae009000d00098008c4b020029
:105cfc00000000003e089000ce0890000003be009b
:105d0c008000eb006022b8006011b8000000eb00ce
:105d1c00c0160200000000002e0090008000eb0076
:105d2c0051009800f60047006a0047000412020078
:105d3c00000000000000e000dbff32000300370031
:105d4c008c4b020000000000000000001e007800d8
:105d5c000000e00003003a002e00900077ff0700df
:105d6c00000f78001e0290009e0178002e09900012
:105d7c009e0890002e0090005900070040079800e4
:105d8c004e0090000000e000190032002e00900040
:105d9c0059020700ae009000b1009000810f500036
:105dac0013003900be080200000000002e00900015
:105dbc00400090000000e0000b0032002e0090002c
:105dcc00400090008002eb000002eb006011b80074
:105ddc008000eb00b8170200000000002e009000bd
:105dec008000eb0041009800ca080200000000008f
:105dfc004e0090000080fa00000006001200fa002d
:105e0c00500798006107980072079800030f9800dc
:105e1c00de00900011079800fe009000010f780042
:105e2c001e009000604890000080fb006100600044
:105e3c00004078000004e000010032001e8fe800f2
:105e4c001e0090003dff0700200798001e027800fe
:105e5c00ae0190007e019000ee0090001e009000bc
:105e6c001f000700300798003e0090000000e00083
:105e7c00180032001e0090001f0207009e009000c8
:105e8c00b1009000810f5000120039000000eb00af
:105e9c00400798001e009000400090000000e000b9
:105eac000c0032001e009000400090000e0b900081
:105ebc008002eb000002eb006011b8008000eb00e8
:105ecc0050190200000000001e0090008000eb0042
:105edc00410098003e0090000080fa00000006008f
:105eec000e00fa002007980031079800420798002e
:105efc0053079800640798002e00900090009000c3
:105f0c00010f78002e009000604890000080fb008c
:105f1c0061006000004078000004e00011003200d5
:105f2c00ce00900011079800de0090006e009000eb
:105f3c00808f5000080039000e80e8009e01780028
:105f4c0022002000800078002e00900085010700c0
:105f5c00000f7800090037000000eb0040079800a4
:105f6c0006003700ce0090005e009000810f5000bc
:105f7c000100360001007800400798004e009000a8
:105f8c000000e000080032003e0090009e01780006
:105f9c004e019000800078002e00900071010700e7
:105fac00ae009000900098004e0090000080fa0027
:105fbc00000006001200fa004007980051079800f4
:105fcc006207980074079800050f9800ce009000a7
:105fdc00310798000000eb00000f78003e009000a5
:105fec00604890000080fb00610060000040780079
:105ffc000004e0000300320020002000200798007d
:10600c00020037000000eb00200798007e00900093
:10601c008e089000e00f5000e08f580026003200f0
:10602c00724b0200000000003e009000b20107001d
:10603c00100798009e0090002e009000808f50005a
:10604c0008003e008000eb000000eb00621c020028
:10605c00000000002413020000000000be009000ad
:10606c00c00098008c4b0200000000009e009000c5
:10607c002e009000808f500012003e007e03900096
:10608c008e0b90008000eb006022b8006011b8000d
:10609c000000eb00c0160200000000003e00900063
:1060ac008000eb00410098003e0090009201070038
:1060bc0010079800030037003e0090008e01070087
:1060cc00100798009e0090002e009000808f5000ca
:1060dc001c0036009e0190006e019000de009000c6
:1060ec003e00900078000700000f78001e0078003a
:1060fc000000e00013003200be08020000000000a7
:10610c004e009000500090000000e0000b003200a8
:10611c004e009000500090008002eb000002eb005b
:10612c006011b8008000eb00b817020000000000fe
:10613c004e0090008000eb0051009800ca0802004d
:10614c00000000001e0078000080fa00000006002d
:10615c000a00fa0040079800ce0090001107980042
:10616c001e009000604890000080fb006100600001
:10617c00004078000004e000140032001e00900083
:10618c005d010700200798002e009000e20f5000e0
:10619c000b0036001e00900090007800660047004f
:1061ac008101780022002000800078001e00900001
:1061bc001e010700be009000010f7800050037009b
:1061cc000000eb00000f7800020037000000eb002d
:1061dc00000f78001e0078000080fa000000060016
:1061ec001200fa0050079800610798007207980097
:1061fc00030f9800de009000210798000000eb00d0
:10620c00000f78002e009000604890000080fb008a
:10621c0061006000004078000004e00003003200e0
:10622c002000200010079800020037000000eb004f
:10623c00100798002e0090002f01070030079800df
:10624c00be0090001e009000808f50001b00360096
:10625c00be0190007e019000ee0090002e00900098
:10626c0019000700000f78001e0078000000e00005
:10627c00120032000000eb00400798002e00900046
:10628c00500090000000e0000c0032002e00900046
:10629c00500090000e0b90008002eb000002eb000f
:1062ac006011b8008000eb005019020000000000e3
:1062bc002e0090008000eb00510098001e0078002a
:1062cc000080fa00000006001000fa004007980059
:1062dc005107980062079800730798004e009000d1
:1062ec0090007800110798004e00900060489000d4
:1062fc000080fb0061006000004078000004e000ba
:10630c0013003200660047009e019000220020001e
:10631c00800078004e009000c40007001007980021
:10632c00be009000010f78007e0090000080e90014
:10633c00700798006e0090009e007800808f5000cf
:10634c00050036000000eb00000f7800020037005b
:10635c00ee009000010f78009e0078007e00900007
:10636c00810f5000010036000100780020079800d2
:10637c002e0090000000e000080032005e0090004b
:10638c009e0190002e019000800078004e0090003d
:10639c00a6000700ce009000800878002e00900028
:1063ac000080fa00000006000800fa003007980090
:1063bc00be009000110798001e009000900078001d
:1063cc00210798001e009000900090002e00900075
:1063dc00808f500003003a0010002000000f78005e
:1063ec00020037000000eb00000f78001e00780060
:1063fc000080fa00000006000800fa003007980040
:10640c00be009000210798002e009000604890007c
:10641c000080fb0061006000004078000004e00098
:10642c000300320020002000100798000200370003
:10643c000000eb00100798003e009000bffd070025
:10644c009e009000810f500003003e0010002000c1
:10645c00000f7800020037000000eb00000f7800fe
:10646c001e0078000080fa00000006000a00fa0006
:10647c003007980041079800be0090001107980063
:10648c000000eb00200798001e00900040009000d8
:10649c000000e0000f0032001e0090004000900051
:1064ac004e0390008002eb000002eb006011b8007c
:1064bc008000eb0050190200000000001e0090004c
:1064cc008000eb004100980010002000000f7800c5
:1064dc00020037000000eb00000f78001e0078006f
:1064ec000080fa00000006000a00fa00300798004d
:1064fc0041079800be009000110798000000eb00c7
:10650c00200798001e009000500090000000e00052
:10651c000f0032001e009000500090004e039000bf
:10652c008002eb000002eb006011b8008000eb0071
:10653c0050190200000000001e0090008000eb00cb
:10654c005100980010002000000f78000200370066
:10655c000000eb00000f78001e0078000080fa00ad
:10656c00000006000a00fa001007980021079800a6
:10657c0032079800430798001e009000a00090007e
:10658c004e00900000805000be009000810f500023
:10659c000100360001007800000f78001e0090000a
:1065ac00e00090004e009000008040001e0178003a
:1065bc00ae00900022030200000000003e0090009c
:1065cc009e0f5000080036003e0090001e01500047
:1065dc002e0090009e0040001e0090006000900075
:1065ec002203020000000000ce0090003e0090004c
:1065fc0000804000400798001e009000a000900012
:10660c004e009000808f500005003e001e00900050
:10661c0020009000ce0090000080500040079800b1
:10662c004e0090000080fa00000006000a00fa00fc
:10663c00100798002107980032079800430798002c
:10664c001e009000a00090004e00900000805000b2
:10665c00be009000810f5000010036000100780050
:10666c00000f78001e009000e00090004e0090009b
:10667c00008040001e017800800078002e00900001
:10668c0022030200000000003e0090009e0f50000c
:10669c00080036003e0090001e0150001e009000c5
:1066ac00e00090002e0090001e004000220302002b
:1066bc0000000000ce0090003e00900000804000e2
:1066cc00400798001e009000a00090004e00900023
:1066dc00808f500005003e001e00900020009000ae
:1066ec00ce00900000805000400798004e009000b3
:1066fc000080fa00000006000400fa001007980061
:10670c001e009000a00090001e0090001000900051
:10671c00008f40001e009000100078001e0f10002b
:10672c001e009000200090009e0f500003003e00c1
:10673c001e009000200090001e0f10001e0078001c
:10674c000080fa00000006000e00fa00000f78002e
:10675c00110798002207980033079800044f9800ff
:10676c005507980066079800020120008000eb0096
:10677c001e00780030030200000000001e007800ac
:10678c009e009000610098001e007800ae00900002
:10679c00210098001e007800be0090003100980087
:1067ac001e0078008e489000614898000080fa0026
:1067bc00000006000200fa000000eb00000f780059
:1067cc00a7020700e0a780000000e00009003200eb
:1067dc00e54f2100340020008001eb00020820006e
:1067ec0001442800e063230056040200000000006e
:1067fc00000f78001e0078000080fa0000000600f0
:10680c000e00fa0010079800220798003307980032
:10681c0041079800540798006507980080012000f4
:10682c002440020000000000000f78001e007800d9
:10683c000000e0000b0032001e0078008040eb00ee
:10684c00615098001e037800ee0290005e029000ea
:10685c00ce0090002e019000be0190001e00900012
:10686c00030007001e0078000080fa0000000600fc
:10687c000e00fa00000f780012079800230798000a
:10688c003107980044079800550798006607980050
:10689c00730207006e0090001e0878006e009000d6
:1068ac001e019000ae019000720098000308980041
:1068bc006e009000ce019000130898006e009000be
:1068cc00de009000210898006e0090000080e80027
:1068dc0010470200000000003e0090000000e000a5
:1068ec00060032006e0090006050900080407800ee
:1068fc000124a0006e009000615098000080fa0006
:10690c00000006001a00fa00600798007107980052
:10691c00020f9800130f9800240f9800360f980060
:10692c00470f98000000eb00000f7800e0a78000f4
:10693c000000e00027003200fe00900011079800d4
:10694c000e0990009e0990002207980033079800ca
:10695c00ee019000430798007e009000e50f500078
:10696c0015003c003013020000000000e20f500044
:10697c0009003a00e0a780008e80e8000002eb00de
:10698c003e099000ce099000641f02000000000038
:10699c00000f78000f003700e0a780008e80e80021
:1069ac000002eb006011b800641f02000000000040
:1069bc00000f780007003700e0a780008e80e80009
:1069cc008001eb002e0990009820020000000000ce
:1069dc00000f78001e0078000080fa00000006000e
:1069ec000000fa00f0a780000080fa00000006000a
:1069fc000400fa00100798009e009000010f780028
:106a0c001e00780080089000700090000080fa0052
:106a1c00000006000600fa001007980021079800f5
:106a2c009e009000010f7800724b020000000000e5
:106a3c002e0090000000e000070032001e007800dd
:106a4c0060509000804078000124a0001e00780067
:106a5c0061509800060037001e00780060509000ce
:106a6c00804078000124a1001e007800615098003d
:106a7c008c4b0200000000000080fa0000000600b1
:106a8c000600fa0020079800ae009000110798004d
:106a9c00724b0200000000001e009000605090003d
:106aac000080fb00640060000000e00003003a007e
:106abc000000eb00000f78000200370010002000ef
:106acc00000f78008c4b0200000000001e007800c4
:106adc000080fa00000006000200fa00000f7800a7
:106aec001e007800e6ff07000080fa000000060098
:106afc000800fa0030079800be009000010f7800e3
:106b0c001e00780010019000a00190001207980060
:106b1c00230798001e009000ae0090000080fa0041
:106b2c00000006000400fa00100798009e00900078
:106b3c00010f78001e007800100078000080fa0029
:106b4c00000006000a00fa00000f780012079800f7
:106b5c002307980034079800450798000d0037006c
:106b6c001e00780080089000700090001e019000bc
:106b7c00ae0190000200400083804800100798008e
:106b8c00210798001e007800a00890001e007800d5
:106b9c00010001001e007800700190008009900037
:106bac001e009000ae009000020040008380480060
:106bbc001e039000ae0390003e029000ce029000a7
:106bcc000001be001e007800a00007000000e000dd
:106bdc00e3ff3a000080fa00000006000a00fa0009
:106bec001007980021079800320798004307980077
:106bfc00c0a780004000900040009000000f78007b
:106c0c001e80e800cc470200000000001e00780047
:106c1c00605090000080fb00640060000000e00009
:106c2c00070032003e029000ce0290001e01900040
:106c3c00ae0190001e007800c2ff0700060037006e
:106c4c001e00780060509000804078000104a10084
:106c5c001e007800615098001e007800a00890007b
:106c6c001e007800010001000080fa000000060000
:106c7c000800fa0030079800640047004200070043
:106c8c00008fbe002e009000000178001e00be0098
:106c9c0002000700b4000700f7ff37000c00fa00f1
:106cac00300798004107980052079800be08020070
:106cbc0000000000640047004b000700008fbe007e
:106ccc002e0090000000e00029003a005e009000c9
:106cdc000000e0000c003a003e009000ce00900056
:106cec00be0f5000ae8f580007003e00ca080200cd
:106cfc00000000001e01be003e009000ce0090007f
:106d0c00b6ff07001e0037005e0090000000e00098
:106d1c0007003200d0a780001000780000f0a70018
:106d2c000000ea000000e9004f00de005007980068
:106d3c003e009000ce0090003e015000ae81580005
:106d4c00e0a78000de009000102b02000000000085
:106d5c00ca080200000000000000e00007003a0032
:106d6c00f04f02000000000000000000040037009b
:106d7c00ca080200000000000100370000000000fb
:106d8c000080fa00000006000600fa0020079800b8
:106d9c00c0a780001000780000f0a7000000ea00f7
:106dac000000e9004f00de00ae0090008008780083
:106dbc002e009000100078000000e00005003a0062
:106dcc00c0a7800040009000301f7800201778008a
:106ddc00020037006000b800008fbe001e00be002d
:106dec000080fa00000006000600fa002007980058
:106dfc00380a020000000000008fbe0000a88000ce
:106e0c0011a880001e01be00800f5100818f590017
:106e1c0005003100fc0007002e009000110020003e
:106e2c0001087800030037002e0090008000eb0072
:106e3c00010878001e01be0002a8880013a8880073
:106e4c001e00be000080fa00000006001000fa00d0
:106e5c001007980022079800330798004407980001
:106e6c005507980066079800770798000000eb001c
:106e7c00000f78001e0090002e019000be019000c3
:106e8c0012009800230098001e0090009e019000b4
:106e9c00530098002e019000be0190004e0090000f
:106eac00de009000800f5100818f590015003e00cc
:106ebc004e019000de0190006e009000fe009000ec
:106ecc0000015100818159001e0090008008900043
:106edc0070009000800f5100818f59000300390021
:106eec0010002000000f78001c0037001e009000de
:106efc008080e800d0a780005a4702000000000004
:106f0c00160037004e019000de0190006e009000dc
:106f1c00fe009000800f5100818f59000a00310053
:106f2c002e019000be0190006e009000fe009000bb
:106f3c00800f5100818f5900030039001000200090
:106f4c00000f7800050037001e0090008080e800dc
:106f5c00c0a780005a470200000000001e00780005
:106f6c000080fa00000006001400fa009d003700b3
:106f7c004e0090000000e0000c003d00680047004f
:106f8c00008fe8001e007800900278001e00780048
:106f9c00b0009000200090001e01780012029000ba
:106fac000001be0004007800050001004e009000b6
:106fbc000000e0008b003500fe00900011079800e7
:106fcc001e009000600090000000e0000400320001
:106fdc001e0090000080e800cc470200000000007a
:106fec007200470080ff07002007980031079800c7
:106ffc004e009000e50f500066003200e50f500087
:10700c0007003c00e30f500041003200e30f50003a
:10701c0046003c00e10f50006f00350007003700c0
:10702c00e80f50003a003200e80f50000300350022
:10703c00e90f50003d0032006a0037001e0090003e
:10704c0060509000804078000104a0001e00900069
:10705c00615098005e019000ee0190005e0290007d
:10706c00ee0290001e0090008008900070009000ce
:10707c0004004000858048000203be002e029000f0
:10708c00be0290000001be001e0090006fff0700c2
:10709c000000e000520032001e0090006050900092
:1070ac000080fb00640060000000e0000d00320076
:1070bc005e019000ee0190001e0090008008900090
:1070cc007000900002004000838048002e02900067
:1070dc00be0290000001be001e00900099fe070049
:1070ec00060037001e009000605090008040780031
:1070fc000104a1001e009000615098001e00900039
:10710c00a00890001e00900001000100350037001f
:10711c001e00900060509000804078000104a10097
:10712c001e009000615098002e0037001e00900049
:10713c0060509000804078000104a0001e00900078
:10714c00615098005e009000ee0090001e019000cf
:10715c0070019800010998001e00900070019000c9
:10716c00800990002e009000be00900002004000ac
:10717c00838048002e039000be0390002e029000e6
:10718c00be0290000001be001e0090002fff070001
:10719c00140037001e009000605090000080fb002f
:1071ac00620060000000e00004003a001e00900045
:1071bc0022410200000000000a0037001e0090006f
:1071cc0060509000804078000104a1001e009000e7
:1071dc0061509800030037000000000001003700e8
:1071ec0000000000e0a78000e80047006011b80034
:1071fc00f0210200000000000000e0005cff3a00fb
:10720c000080fa00000006000600fa0008003700b3
:10721c00c0a7800040009000301f78002017780035
:10722c000081eb008081eb001e00be006bfe0700ae
:10723c00c0a78000100078000000e000f4ff3a00c6
:10724c00c1a7800021079800d0a78000c0a78800a4
:10725c00ae009000d1a788000080fa000000060064
:10726c000000fa00724b020000000000e0a7800052
:10727c000000e00010003a00004e2100da46020047
:10728c0000000000c04e2100da46020000000000a1
:10729c00004e2100c0a78800c04e2100d0a7880056
:1072ac000041eb00a100200020032000421e020040
:1072bc0000000000e0a788008c4b020000000000da
:1072cc000080fa00000006000600fa002007980073
:1072dc00ae00900011079800724b020000000000f5
:1072ec001e009000605090000080fb006100600068
:1072fc000000e00003003a000000eb00000f7800f3
:10730c000200370010002000000f78008c4b0200a8
:10731c00000000001e0078000080fa00000006004b
:10732c000600fa0020079800ae009000010f7800cc
:10733c00724b0200000000001e00780090089000c4
:10734c00110798008c4b0200000000001e009000fa
:10735c000080fa00000006000600fa0010079800f2
:10736c00210798009e009000010f7800724b0200dc
:10737c00000000001e007800ae009000110898007c
:10738c008c4b0200000000000080fa000000060098
:10739c001600fa006007980071079800020f980019
:1073ac00130f9800240f9800e0ff2f00100798008f
:1073bc00ee009000210798007e01900032079800a3
:1073cc000e0990009e099000420798005307980000
:1073dc00e0a780008e80e8008001eb002e09900071
:1073ec009820020000000000000f78001e007800ba
:1073fc000080fa00000006001800fa0060079800f0
:10740c0071079800020f9800130f9800240f980032
:10741c00350f98000080eb0010079800ee009000ec
:10742c00210798007e019000320798000e09900009
:10743c009e0990004207980053079800e0a780002f
:10744c008e80e8000002eb002e099000be0990002f
:10745c00641f020000000000000f78001e0078007e
:10746c000080fa00000006000200fa000001200073
:10747c002440020000000000000f78001e0078007d
:10748c000000e000070032001e0178006000b80028
:10749c000089be009e00780064804000da4602003d
:1074ac00000000001e0078000080fa0000000600ba
:1074bc002800fa00889fbe008a9fbe008c9fbe00e9
:1074cc0070079800020f9800130f9800240f980073
:1074dc00350f9800460f9800570f9800fe0090004b
:1074ec00210798000000eb0030079800be0802004e
:1074fc00000000002e0090001001be004207980012
:10750c00530798000e0990009e0990007e00900091
:10751c009e0107004e019000de0190000e089000c5
:10752c009e08900000007100818071002e0990006f
:10753c00be09900080027800010278008200780079
:10754c0003007800818062000000620080047800f3
:10755c00010478000801be002e089000be089000bf
:10756c00800f5100818f59001c003a004e01900091
:10757c00de0190000e0890009e089000001f710024
:10758c00019771002e0090001001be002e08900093
:10759c00be0890000080ea008180ea0002027800b8
:1075ac0003017800800178008100780003006200fc
:1075bc0081006100710f9800600f98006e089000b8
:1075cc00fe0890002e0190000089be006000b800fb
:1075dc00400f9800510f98001b0037004e08900088
:1075ec00de089000e00f5000e08f580011003200d0
:1075fc002e099000be0990000000200001502000d0
:10760c0000007100818071002e0190006403410024
:10761c004e0a9000de0a90000001be0006007800c1
:10762c00d40e0200000000006000b800008fbe0005
:10763c00050037002e009000301f780020177800ce
:10764c001000200030079800ca080200000000005b
:10765c00600798004e089000de089000e00f500084
:10766c00e08f5800510032006e0090000000e000e6
:10767c0003003a00f04f0200000000000000000080
:10768c00e415020000000000008fbe000000200086
:10769c00012020001e01be000202780003017800c8
:1076ac008001780081007800030062008100610095
:1076bc0011179800001798000e1090009e10900063
:1076cc00e00f5000e08f58002c003a00724b020083
:1076dc00000000002e009000301f7800201778006a
:1076ec002e089000be0890001e01be000202780019
:1076fc0003017800800178008100780003006200ab
:10770c008100610031179800201798002e1190000d
:10771c00be1190002e089000be089000800f510002
:10772c00818f590011003a002e0090001001be000c
:10773c002e089000be0890000080ea008180ea00cc
:10774c000202780003017800800178008100780043
:10775c000300620081006100810678000006780059
:10776c000c00be002e0190000089be008c4b020064
:10777c00000000001000200030079800f0ff2f00e0
:10778c00f10f20001e01be000202780003017800f8
:10779c0080017800810078000300620081006100a4
:1077ac0081057800000578000a8fbe001e00be001f
:1077bc004f06be004f05be004f04be000080fa000d
:1077cc00000006002600fa00889fbe008a9fbe00bb
:1077dc008c9fbe00200f9800320f9800430f98002a
:1077ec00510f9800640f9800760f980007179800b7
:1077fc00ae089000410798006000b8002007980080
:10780c00310798000000eb0050079800be080200fa
:10781c00000000004e0090001001be0062079800ae
:10782c00730798006e0a90003e099000ce099000f4
:10783c006e009000fe009000c9010700000f980038
:10784c000e0890000000e0001c0032006e01900059
:10785c00fe019000028fbe006000b800700f98000f
:10786c00011798005e0890000000e0003e00320016
:10787c004e0090001001be003e089000ce08900013
:10788c000080ea008180ea0002027800030178009f
:10789c0080017800810078000300620081006100a3
:1078ac0021179800101798001e109000ae10900031
:1078bc004e0190000089be002b0037007e0890001e
:1078cc008e109000e00f5000e08f580006003a0038
:1078dc006e019000fe019000028fbe00100020008f
:1078ec0050079800200037005e0890000000e00070
:1078fc00050032002e009000be0090000180a00018
:10790c0020079800310798006e0890000000e000f6
:10791c00050032002e009000be00900001a0a000d7
:10792c0020079800310798003e099000ce0990007e
:10793c002e009000be00900000007100818071004c
:10794c004e019000640341007e0a90008e1290005c
:10795c000001be0006007800d40e020000000000fa
:10796c006000b800008fbe00ca08020000000000d2
:10797c00100f98007e0890008e109000e00f5000c1
:10798c00e08f5800480032001e0890000000e00014
:10799c0003003a00f04f020000000000000000005d
:1079ac00e415020000000000008fbe000000200063
:1079bc00012020001e01be000202780003017800a5
:1079cc008001780081007800030062008100610072
:1079dc0081067800000678000c00be00e00f500015
:1079ec00e08f580024003a00724b020000000000a7
:1079fc004e009000301f7800201778006e0a90001f
:107a0c003e099000ce0990001e00be0054010700f4
:107a1c000000e000140032005e0890000000e0005e
:107a2c00110032004e0090001001be003e08900084
:107a3c00ce0890000080ea008180ea000202780003
:107a4c000301780080017800810078000300620057
:107a5c008100610081057800000578000a00be00f5
:107a6c004e0190000089be001000200050079800c5
:107a7c008c4b020000000000f0ff2f00f10f2000e3
:107a8c001e01be000202780003017800800178001c
:107a9c00810078000300620081006100810478009d
:107aac0000047800088fbe001e00be004f06be000a
:107abc004f05be004f04be000080fa000000060017
:107acc000c00fa00889fbe0030079800420798000f
:107adc0053079800be009000010f7800724b020013
:107aec00000000001e0078001001be001207980074
:107afc00230798001e0078001001be004e00900075
:107b0c00de0090000080ea008180ea00020278002a
:107b1c000301780080017800810078000300620086
:107b2c008100610081047800000478000800be0028
:107b3c001e0178000089be008c4b02000000000082
:107b4c001e009000ae0090004f04be000080fa00b2
:107b5c00000006000a00fa0040079800ce009000d2
:107b6c00010f78000000eb00100798001e00780051
:107b7c001001be0022079800330798002e009000d9
:107b8c00be0090000080fa00000006002e00fa00f3
:107b9c00889fbe008a9fbe008c9fbe00400f98003d
:107bac00520f9800630f98006000b80010079800ff
:107bbc0021079800ce089000410798000000eb00c8
:107bcc00300798004e009000640040005007980069
:107bdc005e0090006400400060079800be08020040
:107bec00000000005e00900040019000020f780041
:107bfc004e0090001001be005e089000ee08900050
:107c0c0000017100818171004e0090000288be005d
:107c1c00860037001e007800a001900073079800c2
:107c2c001e0078001001be00020f9800130f980080
:107c3c000000eb00300798000e0890009e089000a2
:107c4c000200200003f02f0080027800010278006f
:107c5c0082007800030078008180620000006200de
:107c6c0080057800010578000a00be00200f9800fe
:107c7c00310f98000e0890009e089000f2ff2f0024
:107c8c00f30f200080027800010278008200780057
:107c9c00030078008180620000006200800678009a
:107cac00010678000c00be00000f9800110f980020
:107cbc002e089000be089000020020000340200017
:107ccc0080027800010278008200780003007800be
:107cdc00818062000000620000179800710f98000c
:107cec007e0890008e109000e00f5000e08f58003e
:107cfc0014003a004e0090001000be000e099000d7
:107d0c009e099000800278000102780082007800c1
:107d1c000300780081806200000062002017980048
:107d2c00111798001e109000ae109000e00f50003c
:107d3c00e08f580018003200100020003007980027
:107d4c00150037004e0090001000be000e09900088
:107d5c009e09900080027800010278008200780071
:107d6c0003007800818062000000620040179800d8
:107d7c00311798003e119000ce1190000e08900023
:107d8c009e089000800f5100818f590002003a002c
:107d9c0010002000300798003e0090000000e0002a
:107dac00200032002e089000be0890000200200037
:107dbc000310200080027800010278008200780015
:107dcc000300780081806200000062006017980058
:107ddc00511798005e109000ee109000e00f5000cc
:107dec00e08f5800080032001e019000ae01900098
:107dfc000e0890009e0890000000710081807100b8
:107e0c0010079800210798004e0090001000be004b
:107e1c000190a0000001be001e007800ca100200f4
:107e2c0000000000fe019000030f7800ee009000af
:107e3c001e007800810f500076ff3a004e00900033
:107e4c001001be001e009000ae0090000080ea0001
:107e5c008180ea000202780003017800800178003a
:107e6c0081007800030062008100610081047800c9
:107e7c00000478000800be004e0190000089be008e
:107e8c00ca080200000000004e0090001000be0066
:107e9c004f06be004f05be004f04be000080fa0026
:107eac00000006000600fa0020079800ae009000c3
:107ebc00010f78009e007800648040001007980045
:107ecc00be08020000000000060037001e009000f3
:107edc00400090000200200003202000ca10020085
:107eec00000000001e009000100078000000e00070
:107efc00f6ff3a00ca080200000000001e007800dd
:107f0c0022410200000000000080fa000000060080
:107f1c000600fa00000f780012079800230798005b
:107f2c001e0078001e019000ae01900017ff0700a4
:107f3c000080fa00000006000600fa00000f78002e
:107f4c0012079800230798001e0078001e0190006d
:107f5c00ae019000dafe07000080fa000000060077
:107f6c000c00fa00889fbe001007980021079800ab
:107f7c003207980043079800540798000000eb0064
:107f8c00000f78005e0090000000e00013003a0043
:107f9c001e019000ae0190003e009000ce009000bb
:107fac0002027800030178008001780081007800db
:107fbc0003006200810061008104780000047800f5
:107fcc000800be00e00f5000e08f58001700320090
:107fdc0010002000000f7800140037001e019000e4
:107fec00ae0190003e009000ce009000020278009e
:107ffc0003017800800178008100780003006200a2
:10800c008100610081037800000378000601be0046
:10801c003e009000ce009000800f5100818f5900df
:10802c0002003a0010002000000f78001e007800bb
:10803c004f04be000080fa00000006000c00fa009d
:10804c00500798000000eb0020079800be080200c3
:10805c000000000020a080000000e00001003a00b9
:10806c00d50007005e0090000000e0001200320016
:10807c00a12284005e00900061006000008050002e
:10808c000080e800300798003e0090008080ea00f5
:10809c005e009000808f500005003900de009000db
:1080ac003e0090000080400050079800020037000e
:1080bc000000eb00500798005e0090000000e0000c
:1080cc00530035005e0090000000e00050003200cc
:1080dc0030a08000de009000808f50004c003e00ed
:1080ec00004021001007980001a08000010f7800cb
:1080fc00040037009e007800110798001e007800dd
:10810c00100f78001e007800900090005e00900028
:10811c00808f5000040031001e00780010007800a1
:10812c000000e000f3ff3a0020a080009e007800e1
:10813c00808f5000360032001e00900090007800b6
:10814c00a022840000804000200798001e007800c8
:10815c00900078001e009000010878001e00780046
:10816c00900090005e00900080805000a02284005f
:10817c0000004000808f50000e0036005e00900022
:10818c001e004000400798001e00780090009000f0
:10819c005e009000808050004e009000110098000e
:1081ac001e007800de009000110098004e00900038
:1081bc00d900070031a080001e007800100090004c
:1081cc000080500030a0880031a0800040a08000ca
:1081dc00808f50000200310030a0800040a0880049
:1081ec001e007800100090008000780001f0a000c4
:1081fc001e007800110098001e0078008000eb0033
:10820c000108780050a080000000e80050a0880011
:10821c00ca080200000000002e0090000000e000e0
:10822c0002003a00ac500200000000002e0090004a
:10823c000080fa00000006000600fa0020079800f3
:10824c00ae009000010f78002e0090000000e000be
:10825c0021003200a02284000000ea001e0f400022
:10826c009e007800110798001e00900010009000ee
:10827c000000e00018003d001e0090001000780087
:10828c000000e00014003a001e0090001000900066
:10829c008000780001f0a1001e00900011009800f1
:1082ac00be080200000000001e009000900090002c
:1082bc0030a080000080400030a088001e0090009c
:1082cc009500070060a080000000e80060a0880016
:1082dc00ca080200000000000080fa00000006003e
:1082ec000000fa0030a080000080fa0000000600b8
:1082fc000000fa0040a080000080fa000000060098
:10830c000000fa000080fa00000006000600fa00e7
:10831c0010079800210798000000eb00000f780070
:10832c001e0090000000e0000b0032008080eb008b
:10833c001e00900000017800110009008280d80016
:10834c00800078002e009000808f500002003100d9
:10835c0010002000010037000000eb000000e000de
:10836c0012003a009e0090002e0090000088b90088
:10837c000000780031ff0700000f78001e00780025
:10838c000000e000090032009e0090002e009000da
:10839c000088b90000007800000178008000eb0034
:1083ac001e00780030030200000000001e00780060
:1083bc000080fa00000006000a00fa00881f78000e
:1083cc0004c020002407980004802000cfa2de0007
:1083dc00048fbe001e027800610262000442780025
:1083ec000404e000160032001200200003002000fc
:1083fc001e0f41005e974900e4ff2f00f5ff2f0090
:10840c001e03be000604780007037800840378007e
:10841c0085027800070264008502630085017800fc
:10842c0004017800028fbe001e017800ae0190009e
:10843c0082815100028020000281410022079800b5
:10844c001e017800320798003e01900002a08800bf
:10845c000234ef003e0190006112b9002e01900031
:10846c008001eb00021f420003974a00a222840005
:10847c008001eb001e1f11001e971900e2ff2f0058
:10848c00f3ff2f001e02be000403780005027800e3
:10849c008202780083017800050163008301620089
:1084ac008300780002007800008fbe001e00780068
:1084bc0020a0880020a080008000eb001100980014
:1084cc0020a080008000eb0001087800be01900025
:1084dc00430798009e0078004e009000808050006a
:1084ec004e0090001100980021a080004e009000da
:1084fc00010878004e0090001000900040a0880009
:10850c004e0090001000900030a088004f047800be
:10851c000080fa00000006000600fa002007980010
:10852c0000402100000f7800020037001e00780088
:10853c00100f78001e007800900078002e0090003c
:10854c00808f5000f9ff39009e00780011079800c9
:10855c001e007800100090009e009000808040006b
:10856c002e009000808f500009003a001e00780009
:10857c00900090002e009000100090008080400031
:10858c001e007800110098009e00780021079800ca
:10859c00ae009000110798002e0090001000900083
:1085ac009e009000808040001e0078001000780033
:1085bc00808f500017003a001e0078009000780061
:1085cc0020a08000808f50000e0032002e00900002
:1085dc00900090001e0078001000780010009000b1
:1085ec00808040002e009000110098001e00780042
:1085fc0010007800900078002e00900001087800a0
:10860c000800370021a080002e009000010878009f
:10861c00040037001e007800900078002e009000b7
:10862c00010878002e0090009e007800808f50008a
:10863c00030032001e007800ae00900001087800a4
:10864c000080fa00000006000a00fa0040079800bb
:10865c000000eb00100798000000eb0020079800ca
:10866c000080eb0030079800be08020000000000fc
:10867c0001a08000010f78001e0078000000e000cf
:10868c001a003200150037001e0090000000e800b0
:10869c00100798001e007800900090002e009000ab
:1086ac00808f5000030036001e0078009000900070
:1086bc00210798001e007800900090003e0090006a
:1086cc00808f5000030031001e0078009000900055
:1086dc00310798001e007800100f780020a0800051
:1086ec009e007800808f5000e7ff3a00ca08020015
:1086fc00000000004e009000ae00900011009800a9
:10870c004e009000be009000210098004e0090009a
:10871c009e00900031009800724b02000000000097
:10872c0031a080004e0090000108780051a080001c
:10873c004e0090005100980061a080004e00900007
:10874c006100980041a080004e009000410098000c
:10875c008c4b0200000000000080fa0000000600b4
:10876c000a00fa0020079800310798004207980089
:10877c0000022000244002000000000010079800b6
:10878c001e0090000000e0004400320080a6800033
:10879c000000e00003003a009e00900081a68800d3
:1087ac00450107003e009000e10f5000020036002a
:1087bc0010002000300798001e0090008000eb0095
:1087cc00710898001e009000be009000510898009f
:1087dc001e009000ce009000610898001e009000d2
:1087ec00ae009000010878001e0090000080e800a8
:1087fc0010470200000000001e0090006e004000b8
:10880c0010470200000000001e0090009e00900027
:10881c00510098001e0090009e00900031089800b6
:10882c003e0090008000eb0022002000030020009e
:10883c0000005100818059001e01900070019800c9
:10884c00010998001e009000d008900090a68000ae
:10885c00808f5000030036001e00900050089000de
:10886c0090a688001e0090000081e8001e00900079
:10887c00500890006c00b90080007800004921007d
:10888c0000804000820078001e47020000000000bb
:10889c0010002000000f7800020037000080eb0071
:1088ac00000f78001e0078000080fa00000006001f
:1088bc000a00fa0020079800310798004207980038
:1088cc00a2a68000b3a680002e009000be009000ef
:1088dc00001f41000197490080a680000080e8003d
:1088ec00cc4702000000000080a680001e01be00e4
:1088fc001200980023009800a0a68000b1a680006a
:10890c001e01be00800f5100818f590006003100fe
:10891c0080a680008080e80010a680005a470200e4
:10892c00000000000500370080a680008080e80071
:10893c0000a680005a470200000000004e00900084
:10894c000000e0000600320080a680006e004000af
:10895c00800078004e0090005a4702000000000092
:10896c000080fa00000006000200fa002800370020
:10897c0011028000f0f12f00008060000050a00078
:10898c0010028800000000000000000060a68000bb
:10899c0040009000000f78009e0078006e80400030
:1089ac00cc4702000000000011028000f0f12f0003
:1089bc000080600010028800000000001e80e800ab
:1089cc00cc470200000000001e007800d008900088
:1089dc0090a68000808f5000030036001e007800a7
:1089ec005008900090a688001e81e8001e007800b8
:1089fc00500890006c00b9008000780000492100fc
:108a0c0000804000820078001e4702000000000039
:108a1c0020a680000000e000d5ff3a000080fa009c
:108a2c00000006000400fa00380a020000000000f2
:108a3c000001be00c0a68000d1a68000000051003d
:108a4c0081805900e0a68800f1a688005700370005
:108a5c00a0a68000b1a6800061004000e080480024
:108a6c00a0a68800b1a68800e0a68000f1a6800030
:108a7c0061005000e0805800e0a68800f1a6880054
:108a8c00a0a68000b1a68000e00f5000e08f580037
:108a9c003f003a0001a68000010f780010a680006c
:108aac0000a688009e00780011a6880039003700c7
:108abc0000a6800040009000400090001007980035
:108acc001e00900010019000a0019000a0a6800054
:108adc00b1a68000800f5100818f590032003e00fa
:108aec0011028000f0f12f00008060000050a00007
:108afc001002880000000000000000001e00900022
:108b0c000080e800cc470200000000001e0090002e
:108b1c00400890000000e000040032001e009000ad
:108b2c006e004000cc4702000000000011028000e3
:108b3c00f0f12f000080600010028800000000009f
:108b4c001e009000d008900090a68000808f5000ee
:108b5c00030036001e0090005008900090a688007c
:108b6c001e0090000081e8001e009000500890004c
:108b7c006c00b900800078000049210000804000a2
:108b8c00820078001e470200000000000100370040
:108b9c000000000000a68000100078000000e0003b
:108bac00c3ff3a000100370000000000e0a680007f
:108bbc00f1a68000e00f5000e08f5800a4ff3a00af
:108bcc00a0a68000b1a68000c0a68800d1a688000f
:108bdc000080fa00000006000200fa0000a68000e7
:108bec000000e000320032005fff07008dff07003d
:108bfc000600370090a680000000e0002b00320039
:108c0c0090a680000000e90090a6880090a6800045
:108c1c006c00b90080007800004921000080400001
:108c2c00100078000000e000f2ff320090a68000f7
:108c3c006c00b9008000780000492100008f4000d2
:108c4c001e00780010009000a00090001e0078001c
:108c5c00110098001e007800900090001e01780012
:108c6c0064004100808f500005003a001e0078001f
:108c7c0010009000a00090001e00780011009800d9
:108c8c001e007800100090004000900080a6880024
:108c9c0080a680001001780080a68000e00890007b
:108cac0080a68000020001000100370000000000d7
:108cbc000080fa00000006000200fa000000eb0041
:108ccc00000f7800080037001e0078006c00b90017
:108cdc00800078000049210000804000da46020044
:108cec00000000001e0fe8001e007800e10f50008d
:108cfc00f5ff3600804a2100da4602000000000031
:108d0c00404b2100da46020000000000404c2100dc
:108d1c00da46020000000000804a210000a688000c
:108d2c00404b210010a688000080fa0000000600cd
:108d3c000600fa00200798002e00900040009000da
:108d4c0040009000100798001e0090006e0040003c
:108d5c00cc470200000000001e0090006e00400096
:108d6c0080007800404c21001e47020000000000eb
:108d7c001e009000d008900080a680005008900043
:108d8c00808f50000300390010002000000f780085
:108d9c00020037000000eb00000f78001e00780086
:108dac000080fa00000006000200fa00000f7800b4
:108dbc009e00780064804000800078001e007800df
:108dcc00110098001e0178000080eb008080eb0001
:108ddc0020019800310198009e00780064804000ca
:108dec00800078001e007800410098009e007800fa
:108dfc0064804000800078001e00780051009800cc
:108e0c001e0078008000eb00010878000080fa005a
:108e1c00000006000200fa00000f78001e00780027
:108e2c008000eb00510098000080fa000000060062
:108e3c000600fa0010079800210798001e00900009
:108e4c0090009000010f78002e0090009e0078009a
:108e5c00210098001e007800b00090002e009000b9
:108e6c00310098001e00780030009000ae00900099
:108e7c00210098001e007800ae0090003100980090
:108e8c002e0090009e009000510098001e00900053
:108e9c00100078008000e8001e00900001087800a7
:108eac000080fa00000006000a00fa003007980063
:108ebc00410798004e0090001001be001207980068
:108ecc00230798001e019000ae0190000080eb007b
:108edc008080eb00800f5100818f590004003a0014
:108eec003e009000d0019000030f78000f00370077
:108efc003e00900064004000000f78000300370033
:108f0c001e007800a0009000010f78001e00780071
:108f1c00200090001001be001e009000ae009000da
:108f2c00800f5100818f5900f5ff36001e0078002c
:108f3c00a00090004e009000210098004e00900080
:108f4c00200090004e019000320098004e009000de
:108f5c009e017800330098001e007800ce0090002f
:108f6c00210098004e0090003e01900052009800a5
:108f7c003e009000100078008000e8003e00900059
:108f8c00010878000080fa00000006000400fa00d6
:108f9c00100798001e009000d0009000010f780080
:108fac001e009000200090009e009000b1009000e8
:108fbc00310098001e009000300090009e00900040
:108fcc00a1009000210098001e00780090009000f5
:108fdc001e009000808f500004003a001e0090008c
:108fec00b00090001e007800110098001e00900048
:108ffc008000eb00510098001e00780010007800f3
:10900c008000e9001e007800010878001e0078003e
:10901c00100078000080fa00000006000000fa0042
:10902c0070c0210020128800c0002000301288007f
:10903c004822ef004a22ef00201280000040780006
:10904c00674060000080fb0040a988000080fa00a7
:10905c00000006000000fa000080fa000000060084
:10906c000000fa0051048000002020000080600005
:10907c000000e00003003200304802000000000055
:10908c008b20a9000080fa00000006000000fa0006
:10909c0040a9800000407800674060000080fb0021
:1090ac00670060002212800081ff2f0081006100a8
:1090bc0001007000201288000080fa0000000600f9
:1090cc000000fa002112800080ff2f000080600059
:1090dc00201288000080fa00000006000200fa004e
:1090ec00000f78009e007800411288000080fa0082
:1090fc00000006000200fa00000f78009e007800c5
:10910c00511288000080fa00000006000000fa00ee
:10911c00500480004900de00614060000080fb00cc
:10912c0000f0a7000000ea000000ea004f00de009b
:10913c00004078000080fa00000006000400fa00ed
:10914c00100798001e009000e10f50000f00320035
:10915c00e10f500003003900e20f500015003200ff
:10916c001e003700201280004400de0061406000c9
:10917c000080fb0000f0a7000000ea000000ea00fd
:10918c004f00de00004f78001400370020128000e2
:10919c004500de00614060000080fb0000f0a7008d
:1091ac000000ea000000ea004f00de00004f7800eb
:1091bc000a003700201280004600de00614060008b
:1091cc000080fb0000f0a7000000ea000000ea00ad
:1091dc004f00de00004f7800000000001e407800b9
:1091ec000080fa00000006000200fa00000f780070
:1091fc001e007800e10f500007003200e10f500014
:10920c0003003900e20f5000050032000600370061
:10921c004482a9000400370044a2a90002003700d0
:10922c0044c2a900000000000080fa000000060003
:10923c000000fa0046c2a8000080fa0000000600f8
:10924c000000fa00301280004600de006140600031
:10925c000080fb0000f0a7000000ea000000ea001c
:10926c004f00de00004078000080fa00000006008d
:10927c000000fa0046c2a9000080fa0000000600b7
:10928c000000fa0070c02100d0118800c00020003e
:10929c00e01188003e22ef004022ef00d011800048
:1092ac0000407800674060000080fb0050a98800f7
:1092bc000080fa00000006000000fa000080fa00ae
:1092cc00000006000000fa004104800000042000a9
:1092dc00008060000000e0000300320062490200e0
:1092ec000000000088c0a9000080fa000000060001
:1092fc000000fa0050a98000004078006740600030
:10930c000080fb0067006000d211800081ff2f00fd
:10931c008100610001007000d01188000080fa000b
:10932c00000006000000fa00d111800080ff2f0021
:10933c0000806000d01188000080fa000000060058
:10934c000200fa00000f78009e007800f1118800ee
:10935c000080fa00000006000200fa00000f7800fe
:10936c009e007800011288000080fa0000000600c0
:10937c000000fa00400480004600de0061406000fe
:10938c000080fb0000f0a7000000ea000000ea00eb
:10939c004f00de00004078000080fa00000006005c
:1093ac000400fa00100798001e009000e10f500016
:1093bc000f003200e10f500003003900e20f5000a3
:1093cc00150032001e003700d01180004400de0072
:1093dc00614060000080fb0000f0a7000000ea0084
:1093ec000000ea004f00de00004f78001400370048
:1093fc00d01180004500de00614060000080fb0061
:10940c0000f0a7000000ea000000ea004f00de00b8
:10941c00004f78000a003700d01180004600de00b3
:10942c00614060000080fb0000f0a7000000ea0033
:10943c000000ea004f00de00004f78000000000042
:10944c001e4078000080fa00000006000200fa00be
:10945c00000f78001e007800e10f5000070032006a
:10946c00e10f500003003900e20f500005003200fc
:10947c00060037003a82a900040037003aa2a9007e
:10948c00020037003ac2a900000000000080fa0078
:10949c00000006000000fa003cc2a8000080fa00a0
:1094ac00000006000000fa00e01180004600de001b
:1094bc00614060000080fb0000f0a7000000ea00a3
:1094cc000000ea004f00de00004078000080fa0047
:1094dc00000006000000fa003cc2a9000080fa005f
:1094ec00000006002a00fa00201798003117980097
:1094fc0042179800e4004700424028000f00090082
:10950c00b2187800be109000110798002e10900031
:10951c001e019000020878002e1090000080e800d8
:10952c00201798002e1090008000eb0001087800a6
:10953c002e1090000080e800201798002e1090004c
:10954c008000eb00010878002e1090000080e800ed
:10955c0020179800ce1090002e1090000108780073
:10956c002e1090000080e800201798000000eb00ff
:10957c00000f78000a0037001e0078000000400041
:10958c0000004700a00090002e1090000108780009
:10959c002e1090000080e800201798001e0fe800a5
:1095ac001e007800ef0f5000f3ff36002102800000
:1095bc002e109000010878002e1090000080e8001a
:1095cc0020179800910180002e109000010878005f
:1095dc002e1090000080e80020179800a101800058
:1095ec002e109000010878002e1090000080e800ea
:1095fc00201798002e1090008000eb0001087800d6
:10960c002e1090000080e800201798002e1090007b
:10961c000080fa00000006000000fa004a4b02002d
:10962c000000000070a08000900778004f007800c8
:10963c0020a988003400f9003200f9004400f90038
:10964c005400f9003600f9004f0778004f06be00b1
:10965c004f05be004f04be004f03be004f02be00bc
:10966c004f01be004f00be004200f9000000060092
:10967c00100020000080fa00000006000000fa0034
:10968c000080fa00000006000400fa00f07c2000c4
:10969c0001002000008fbe009421ef009021ef000c
:1096ac001e007800900c880041058000f0ff280017
:1096bc000080600000c0a000400588008860a90000
:1096cc009860a8009481a80094a1a90095e1a80035
:1096dc000080fa00000006000000fa001102800071
:1096ec00f0f12f00008060000050a00010028800f4
:1096fc00000000000000000020a980000000e8002d
:10970c0020a988000080fa00000006000000fa0082
:10971c0020a980000000e90020a9880020a9800071
:10972c000000e00005003a0011028000f0f12f006b
:10973c000080600010028800000000000080fa0029
:10974c00000006000000fa0070c0210080118800a3
:10975c00c0002000901188003422ef003622ef0068
:10976c008011800000407800674060000080fb00a2
:10977c0060a988000080fa00000006000000fa00d2
:10978c000080fa00000006000000fa00400480008f
:10979c00640060000000e00003003200c44b0200d3
:1097ac00000000008840a9000080fa0000000600bc
:1097bc000000fa0060a9800000407800674060005b
:1097cc000080fb00670060008211800081ff2f0089
:1097dc008100610001007000801188000080fa0097
:1097ec00000006000000fa008111800080ff2f00ad
:1097fc0000806000801188000080fa0000000600e4
:10980c000200fa00000f78009e007800a111880079
:10981c000080fa00000006000200fa00000f780039
:10982c009e007800b11188000080fa00000006004c
:10983c000000fa00400480004200de00614060003d
:10984c000080fb0000f0a7000000ea000000ea0026
:10985c004f00de00004078000080fa000000060097
:10986c000400fa00100798001e009000e10f500051
:10987c000f003200e10f500003003900e20f5000de
:10988c00150032001e003700801180004400de00fd
:10989c00614060000080fb0000f0a7000000ea00bf
:1098ac000000ea004f00de00004f78001400370083
:1098bc00801180004500de00614060000080fb00ec
:1098cc0000f0a7000000ea000000ea004f00de00f4
:1098dc00004f78000a003700801180004600de003f
:1098ec00614060000080fb0000f0a7000000ea006f
:1098fc000000ea004f00de00004f7800000000007e
:10990c001e4078000080fa00000006000200fa00f9
:10991c00000f78001e007800e10f500007003200a5
:10992c00e10f500003003900e20f50000500320037
:10993c00060037003082a9000400370030a2a900cd
:10994c000200370030c2a900000000000080fa00bd
:10995c00000006000000fa0032c2a8000080fa00e5
:10996c00000006000000fa00901180004600de00a6
:10997c00614060000080fb0000f0a7000000ea00de
:10998c000000ea004f00de00004078000080fa0082
:10999c00000006000000fa0032c2a9000080fa00a4
:1099ac00000006000000fa0080002000c01c8800a7
:1099bc009a23ef0020022000001d8800a223ef0054
:1099cc0099e3a8009b43a8000080fa000000060061
:1099dc000000fa0000000000d01c80006100600054
:1099ec000000e000fcff3200d01c80006200600030
:1099fc000000e000010032009a23a900f01c800056
:109a0c00004078000080fa00000006000200fa0016
:109a1c00004f780000000000d11c800000202000c6
:109a2c00008060000000e000fbff3a001e80fb009d
:109a3c00e01c88000080fa00000006000000fa001c
:109a4c00d01c800000407800614060000080fb006a
:109a5c0000f0a7000000ea000000ea004f00de0062
:109a6c00004078000080fa00000006000000fa00b8
:109a7c00d11c800000202000008060000000e0006d
:109a8c0007003a00d11c80000040200000806000dc
:109a9c000000e0000200320010002000010037003e
:109aac000000eb00004078000080fa000000060087
:109abc000000fa00d01c80004800de00614060000d
:109acc000080fb0000f0a7000000ea000000ea00a4
:109adc004f00de00004078000080fa000000060015
:109aec000000fa00d01c80000080fa000000060084
:109afc000000fa0099e3a8009b43a8000080fa003c
:109b0c00000006000000fa0099e3a9009b43a9009d
:109b1c000080fa00000006000000fa009621ef0019
:109b2c00f0c32900e00c880000002800000d88001c
:109b3c002e75ef000080fa00000006000000fa000d
:109b4c004104800000082000008060000000e0005c
:109b5c00060032002fd5bf000040e8002ff5b700fb
:109b6c0010c0b3002ef5b70088e0a9000080fa0001
:109b7c00000006000200fa00000f78009e0078003a
:109b8c00e10c88002e75ef000080fa000000060042
:109b9c000000fa00e00c80000080fa0000000600d3
:109bac000200fa00000f78009e007800b10c8800cb
:109bbc002e75ef000080fa00000006000000fa008d
:109bcc00b00c80000080fa00000006000000fa00d3
:109bdc002e75ef00a1e1a8000080fa00000006003d
:109bec000000fa00a1e1a9000080fa0000000600c4
:109bfc000200fa00e152210091407800014f7800f8
:109c0c001e4078000004e000010032002e75ef00c9
:109c1c001e4078000080fa00000006000000fa00e8
:109c2c002fd5bf000080fb000080fa00000006006a
:109c3c000000fa002f75ef000080fa00000006000b
:109c4c000000fa0020002000303388007a26ef0054
:109c5c00500120001033880070392e00b03388007a
:109c6c007426ef008826ef007226ef008626ef00a0
:109c7c006826ef007c26ef00d000200050338800cf
:109c8c0000202e00f033880001088000f00b20002b
:109c9c00008160006004200071052000031020008a
:109cac00804978008149780082497800a13d800084
:109cbc0000fc2f00008060000010a000a03d880078
:109ccc00013f800000f82f0000806000f000b3001e
:109cdc00003f8800f13e8000f00f2800808060007b
:109cec0000e0200001007000f03e8800f13e800092
:109cfc0000f82f0000806000d000b300f03e880018
:109d0c00b13e8000f00f2800808060000030200001
:109d1c0001007000b03e880000088000000178004f
:109d2c000260a000600420007105200003102000d8
:109d3c008049780081497800824978000080fa00d7
:109d4c00000006000000fa00ee50020000000000c7
:109d5c00100020001f000700d65002000000000079
:109d6c00404f0200000000005808020000000000f4
:109d7c00ffff37000400fa00000f7800110798006d
:109d8c001e007800700890000000e0000400320013
:109d9c00c10f2000810f50000a0032000b00370069
:109dac000001eb00803e2000010020005e44020018
:109dbc00000000001e007800c10f20007108980000
:109dcc00020037000c000700f5ff37000080fa0096
:109ddc00000006000200fa00000f78000001eb0002
:109dec009e00780000ec2400b64302000000000046
:109dfc000080fa00000006000000fa00724b02001e
:109e0c0000000000d03380004500de00614060009f
:109e1c000004a200614060000080fb006100600053
:109e2c004500dd00d13380000150a100010070001d
:109e3c00d03388008c4b0200000000000080fa0038
:109e4c00000006000200fa00000f78008002eb0010
:109e5c001e0278008001eb0002082000e14428007b
:109e6c00a0f4240056040200000000000080fa0058
:109e7c00000006000000fa0020002000f1ff07009f
:109e8c000080fa00000006000400fa001007980099
:109e9c000300370000000000010037000000000044
:109eac0020032000010020006606020000000000d4
:109ebc00d03380004600de00614060000004a20048
:109ecc00614060000080fb00610060004600dd0026
:109edc00d13380000160a10001007000d0338800f4
:109eec00244d0200000000000004e000e9ff3200f5
:109efc00ee4c020000000000004f78003c4d0200c8
:109f0c00000000000004e000e4ff32001e40780076
:109f1c000c4d020000000000e1ff37000000fa00c9
:109f2c0000002300100888000621ef006821ef00d4
:109f3c006a21ef000821ef00007020005008880013
:109f4c000c21ef000e21ef007821ef007a21ef00b9
:109f5c007c21ef007e21ef008021ef008221ef00b9
:109f6c008421ef008621ef001200200080072000e2
:109f7c00a109200013102000804978008149780045
:109f8c008249780012002000600420007105200036
:109f9c0003102000804978008149780082497800bc
:109fac000000000000088000610060000000e0007c
:109fbc00fcff3a00000000000108800000022000b5
:109fcc00008060000000e000fbff32000080fa001f
:109fdc00000006004200f800801f780000022000fc
:109fec0010028800811f7800829fbe00849fbe00f3
:109ffc00869fbe00889fbe008a9fbe008c9fbe00bd
:10a00c008e1f78003600f8005400f8004400f80069
:10a01c003200f8003400f80020a98000801f78007e
:10a02c0070a080000f0878002c0e020000000000c9
:10a03c0070a08000900778004f00780020a988005d
:10a04c003400f9003200f9004400f9005400f90022
:10a05c003600f9004f0778004f06be004f05be00d2
:10a06c004f04be004f03be004f02be004f01be00a6
:0ca07c004f00be004200f900000006008a
:020000040000fa
:10a088009014000050000000800000000e14000032
:10a098008200000080000000e0140000240000009e
:10a0a80080000000000800000e0c00008000000086
:10a0b800241500000200000082000000ef000000ec
:10a0c800261500000200000082000000ffff0000cb
:10a0d8000415000020000000800000002815000082
:10a0e80002000000800000002a15000002000000a5
:10a0f800800000002c150000020000008000000015
:10a108002e15000002000000800000000000000082
:020000040000fa
:10a118000000fa00f2450200000000000080fa008a
:10a12800000006000400fa00000f780011079800ec
:10a1380011028000f0f12f00008060000050a000a4
:10a14800100288000000000000000000ffff370038
:10a158000000fa0011028000f0f12f00008060007a
:10a168000050a0001002880000000000000000005d
:10a17800ffff37000200fa00000f78008002eb00b2
:10a188001e0278008001eb000204200081442800b0
:10a19800000e250056040200000000000080fa00ae
:10a1a800000006000000fa0010002000f1ff070080
:10a1b8000080fa00000006000200fa00000f780094
:10a1c800007d20000100200066060200000000005b
:10a1d800fbff37000000fa00264e020000000000d6
:10a1e800944f0200000000002c5102000000000003
:10a1f800d84c020000000000a84b0200000000003c
:10a208001448020000000000464902000000000057
:10a21800924d0200000000000080fa0000000600d5
:10a228000200fa00000f78009e00780031a988002b
:10a23800ffff37000000fa00405021008007780037
:10a24800c0512100000188000080fa0000000600cb
:0ca258000000fa000080fa000000060080
:020000040000fa
:020000040005f5
:045e0000ffffff00a1
:020000040000fa
:020000040005f5
:045e2000ffffff0081
:020000040000fa
:020000040005f5
:045e300008ffff0068
:020000040000fa
:020000040005f5
:045e380063ffff0005
:020000040000fa
:020000040005f5
:045e40009fffff00c1
:020000040000fa
:020000040005f5
:045e4800ffffff0059
:020000040000fa
:020000040005f5
:045e5000dfffff0071
:020000040000fa
:020000040005f5
:045e5800ffffff0049
:00000001FF
