:020000040000fa
:080000000001040000000000f3
:020000040000fa
:040008004e020000a4
:020000040000fa
:04000c009602000058
:020000040000fa
:04001000da02000010
:020000040000fa
:040014007002000076
:020000040000fa
:04001800b80200002a
:020000040000fa
:04001c00fc020000e2
:020000040000fa
:04002000fc020000de
:020000040000fa
:04002400fc020000da
:020000040000fa
:04002800fc020000d6
:020000040000fa
:04002c00fc020000d2
:020000040000fa
:04003000fc020000ce
:020000040000fa
:0400340014020000b2
:020000040000fa
:04003800fc020000c6
:020000040000fa
:04003c00fc020000c2
:020000040000fa
:04004000fc020000be
:020000040000fa
:04004400fc020000ba
:020000040000fa
:04004800fc020000b6
:020000040000fa
:04004c00fc020000b2
:020000040000fa
:04005000fc020000ae
:020000040000fa
:04005400fc020000aa
:020000040000fa
:04005800fc020000a6
:020000040000fa
:04005c00fc020000a2
:020000040000fa
:04006000fc0200009e
:020000040000fa
:04006400fc0200009a
:020000040000fa
:04006800fc02000096
:020000040000fa
:04006c00fc02000092
:020000040000fa
:04007000fc0200008e
:020000040000fa
:04007400fc0200008a
:020000040000fa
:04007800fc02000086
:020000040000fa
:04007c00fc02000082
:020000040000fa
:04008000fc0200007e
:020000040000fa
:04008400fc0200007a
:020000040000fa
:04008800fc02000076
:020000040000fa
:04008c00fc02000072
:020000040000fa
:04009000fc0200006e
:020000040000fa
:04009400fc0200006a
:020000040000fa
:04009800fc02000066
:020000040000fa
:04009c00fc02000062
:020000040000fa
:0400a000fc0200005e
:020000040000fa
:0400a400fc0200005a
:020000040000fa
:0400a800fc02000056
:020000040000fa
:0400ac00fc02000052
:020000040000fa
:0400b000fc0200004e
:020000040000fa
:0400b400fc0200004a
:020000040000fa
:0400b800fc02000046
:020000040000fa
:0400bc00fc02000042
:020000040000fa
:0400c000fc0200003e
:020000040000fa
:0400c400fc0200003a
:020000040000fa
:0400c800fc02000036
:020000040000fa
:0400cc00fc02000032
:020000040000fa
:0400d000fc0200002e
:020000040000fa
:0400d400fc0200002a
:020000040000fa
:0400d800fc02000026
:020000040000fa
:0400dc00fc02000022
:020000040000fa
:0400e000fc0200001e
:020000040000fa
:0400e400fc0200001a
:020000040000fa
:0400e800fc02000016
:020000040000fa
:0400ec00fc02000012
:020000040000fa
:0400f000fc0200000e
:020000040000fa
:0400f400fc0200000a
:020000040000fa
:0400f800fc02000006
:020000040000fa
:0400fc00fc02000002
:020000040000fa
:04010000fc020000fd
:020000040000fa
:04010400fc020000f9
:020000040000fa
:04010800fc020000f5
:020000040000fa
:04010c00fc020000f1
:020000040000fa
:04011000fc020000ed
:020000040000fa
:04011400fc020000e9
:020000040000fa
:04011800fc020000e5
:020000040000fa
:04011c00fc020000e1
:020000040000fa
:04012000fc020000dd
:020000040000fa
:04012400fc020000d9
:020000040000fa
:04012800fc020000d5
:020000040000fa
:04012c00fc020000d1
:020000040000fa
:04013000fc020000cd
:020000040000fa
:04013400fc020000c9
:020000040000fa
:04013800fc020000c5
:020000040000fa
:04013c00fc020000c1
:020000040000fa
:04014000fc020000bd
:020000040000fa
:04014400fc020000b9
:020000040000fa
:04014800fc020000b5
:020000040000fa
:04014c00fc020000b1
:020000040000fa
:04015000fc020000ad
:020000040000fa
:04015400fc020000a9
:020000040000fa
:04015800fc020000a5
:020000040000fa
:04015c00fc020000a1
:020000040000fa
:04016000fc0200009d
:020000040000fa
:04016400fc02000099
:020000040000fa
:04016800fc02000095
:020000040000fa
:04016c00fc02000091
:020000040000fa
:04017000fc0200008d
:020000040000fa
:04017400fc02000089
:020000040000fa
:04017800fc02000085
:020000040000fa
:04017c00fc02000081
:020000040000fa
:04018000fc0200007d
:020000040000fa
:04018400fc02000079
:020000040000fa
:04018800fc02000075
:020000040000fa
:04018c00fc02000071
:020000040000fa
:04019000fc0200006d
:020000040000fa
:04019400fc02000069
:020000040000fa
:04019800fc02000065
:020000040000fa
:04019c00fc02000061
:020000040000fa
:0401a000fc0200005d
:020000040000fa
:0401a400fc02000059
:020000040000fa
:0401a800fc02000055
:020000040000fa
:0401ac00fc02000051
:020000040000fa
:0401b000fc0200004d
:020000040000fa
:0401b400fc02000049
:020000040000fa
:0401b800fc02000045
:020000040000fa
:0401bc00fc02000041
:020000040000fa
:0401c000fc0200003d
:020000040000fa
:0401c400fc02000039
:020000040000fa
:0401c800fc02000035
:020000040000fa
:0401cc00fc02000031
:020000040000fa
:0401d000fc0200002d
:020000040000fa
:0401d400fc02000029
:020000040000fa
:0401d800fc02000025
:020000040000fa
:0401dc00fc02000021
:020000040000fa
:0401e000fc0200001d
:020000040000fa
:0401e400fc02000019
:020000040000fa
:0401e800fc02000015
:020000040000fa
:0401ec00fc02000011
:020000040000fa
:0401f000fc0200000d
:020000040000fa
:0401f400fc02000009
:020000040000fa
:0401f800fc02000005
:020000040000fa
:0401fc00fc02000001
:020000040000fa
:100200000fce21000e7f24000e01880000000000a8
:10021000000020000000e000020032000001200089
:100220002002880014000700f50007000000e0002d
:1002300003003a00c0a5240001002000020037009e
:100240000000200001002000810f7000010032003a
:1002500014000700000020000000e000020032004f
:1002600000000200000000000a4b02000000000035
:100270000040da000000fe004440a90020052000f4
:100280000000e00003003200002020009001880000
:100290004440a800000006008a1f78008b1f7800e9
:1002a00000000600a1028800800478000000eb0036
:1002b0001f003700e284440054a0b4009905ba003e
:1002c000e284440054a0b4009906ba00e2844400d9
:1002d00054a0b4000006eb00476fde00fd07b2003b
:1002e000ae018800636ce10003003a00eaff0700fa
:1002f0000000eb000e003700606ce10008003a00df
:10030000004deb000a05e800020039003420ec0043
:100310000af0a0008b05e900f9ff3e000400370059
:100320006168e100010032000086eb000b0007006d
:1003300019c7ba001905ba000e04e00003003a001c
:100340000a00e000dbff3a0000000600fe07b200f2
:10035000ae0288008a047800f5ff37000cd0a300b5
:10036000e20f4d001c00390089027800354dba00bb
:100370000a05e800020039003420ec000af0a00071
:100380008b05e9000f003200254dba000a05e80090
:10039000020039003420ec000af0a0008b05e900cf
:1003a000080032000c00e0000600320015cdba0053
:1003b0000a05e800020039003420ec000af0a00031
:1003c0008b05e9008984e80054a0b4000b00e0002c
:1003d000e2ff3a00000006009902ba00055d7800cd
:1003e0008b05e900f7ff3200c82ade00055d7800c2
:1003f0008b05e900f3ff32000c00e000f1ff320052
:1004000019ddba00eeff3700304a0400000000009a
:10041000ba48040000000000a4120400000000001c
:10042000d4330400000000003600f800809fbe00b6
:10043000829fbe00849fbe00869fbe003200f800ef
:100440003400f80010002000a001880000202000e7
:10045000900188000000fa008860a900860c020064
:10046000000000000000e00003003200ba49020072
:1004700000000000000000000080fa003400f900d5
:100480003200f9004f03be004f02be004f01be0014
:100490004f00be003600f900004006003600f800ac
:1004a000809fbe00829fbe00849fbe00869fbe00cc
:1004b0000000fa008020a9000000eb00f24a0200d0
:1004c000000000000080fa004f03be004f02be0093
:1004d0004f01be004f00be003600f900004006008c
:1004e0003600f800809fbe00829fbe00849fbe0041
:1004f000869fbe000000fa00fc4a020000000000d7
:100500008040a90010002000f24a02000000000014
:100510000080fa004f03be004f02be004f01be0034
:100520004f00be003600f900004006003600f8001b
:10053000809fbe00829fbe00849fbe00869fbe003b
:100540000000fa008060a90020002000f24a0200aa
:10055000000000000080fa004f03be004f02be0002
:100560004f01be004f00be003600f90000400600fb
:100570003600f800809fbe00829fbe00849fbe00b0
:10058000869fbe000000fa008080a9003000200095
:10059000f24a0200000000000080fa004f03be0093
:1005a0004f02be004f01be004f00be003600f900f2
:1005b000004006003600f800809fbe00829fbe000b
:1005c000849fbe00869fbe000000fa008600a9003e
:1005d00070002000f24a0200000000000080fa00d3
:1005e0004f03be004f02be004f01be004f00be00d1
:1005f0003600f900004006000040da000000fe006e
:1006000000000500010037000201e9000200e000df
:100610000500320030427800b1417800834f52002b
:10062000f9ff320001003700000005000480fb00e4
:100630008381fb0003005000000006008001780069
:1006400002003700b15978000201e9000200e00021
:10065000fcff3a0000000600889fbe008a9fbe0093
:10066000800478000200e0005b0032000140780066
:10067000814c780082814400f1f99f00e20f510023
:100680005500360091449800a1449800e1f99f007c
:10069000d1f99f00e60f51004f003600b144980099
:1006a000c1f99f00e80f51004b0036000905ea0030
:1006b000630565000a8444000a055100c1ff2f004c
:1006c000010565000080fb008000eb001210200097
:1006d0001310200044000700008cbe000a014400f3
:1006e00060b99f0071b99f00e80f55003a003600cd
:1006f00020049800310498004004980051049800a8
:1007000020b99f0031b99f0040b99f0051b99f00a7
:10071000f80f55003000360060049800710498000e
:10072000000c9800110c9800200c9800310c9800d7
:10073000400c9800510c980020b19f0031b19f00ef
:1007400040b19f0051b19f0060b19f0071b19f0007
:1007500000b99f0011b99f00640164007801410055
:1007600002044400020555006011b8000203be00f7
:100770000002be000403be006022b8000000720048
:1007800081807200020173008381730010003700c2
:10079000009cbe000294be004004980051049800e2
:1007a0006204980073049800000c9800110c9800e3
:1007b000220c9800330c9800400c9800510c9800c3
:1007c000620c9800730c98000a02b1000802b00095
:1007d000ff0f5500eeff3e00090078004f05be00f8
:1007e0004f04be0000000600020ab900001bb90059
:1007f0000200b800810042008100430000000600b2
:020000040000fa
:100800001111000022220000333300004444000094
:100810005555000066660000777700008888000064
:1008200099990000aaaa0000bbbb0000cccc000034
:10083000dddd0000eeee0000cecd0000acab000030
:1008400004000000494400004c45000000a50000e1
:10085000a5a50000a5a50000a5a50000a5a5000070
:10086000a5a50000a5a50000a5a50000a5a5000060
:10087000a5a50000a5000000546d00007220000036
:100880005376000063000000626c0000696e000097
:100890006b00000075610000727400000000000031
:0408a0000400000050
:020000040000fa
:1008a4001000fa00200798003107980042079800ca
:1008b400530798006407980075079800a003200068
:1008c400ba3d020000000000000f78001e0078000e
:1008d4000000e00015003200a20320008000eb00bd
:1008e4001e0078002c030200000000004e0090005f
:1008f40000004000ba3d02000000000080007800c3
:100904001e007800610898001e00780060089000be
:100914000000e00005003a001e007800b83e020026
:10092400000000000000eb00000f78001e007800bb
:100934000000e000120032004e0090008000eb0046
:100944000001eb00821f78009e0378007e03900074
:10095400ee0290005e0290000001be00be00900016
:100964002e0090000b0007008f87e9001e0078001e
:1009740073000700100020001007980002003700e1
:100984000080eb00100798001e0090000080fa0021
:10099400000006001400fa002007980031079800b0
:1009a4004207980053079800640798007507980059
:1009b400060f9800170f98004e00900000004000aa
:1009c400800078001e089000600890000101780003
:1009d400510a20002c030200000000001e089000b1
:1009e400e0089000110798001e089000e0089000ad
:1009f4004e019000f0ff270000004100000040007d
:100a0400808040001e089000711098003e00900005
:100a14000000e000180032000000eb00000f780036
:100a24000d0037003e0090001e004000904078000a
:100a34001e0890001e0040007e004000014878001f
:100a44003e0090001e004000104078000004e000ca
:100a5400050032001e0fe8001e007800ef0f500062
:100a6400f0ff360001003700000000001e0890006f
:100a74008040eb00516898007e009000e40f500025
:100a84000200360040002000700798001e08900005
:100a9400fe009000510898001e089000fe0090008f
:100aa400011898001e0890000080e80082410200ae
:100ab400000000001e0890006e0040008241020009
:100ac400000000001e0890009e089000510098004d
:100ad4007e0090008000eb00520020000300200004
:100ae40000005100818059001e0990007001980097
:100af400010998001e0890009e0890003108980093
:100b04006e019000ae0090001e009000ea440200c6
:100b140000000000800078001e08900001087800a2
:100b24000e0890000000e000030032000e08900060
:100b34009e089000010878000080fa00000006007a
:100b44000400fa0010079800e445020000000000c9
:100b5400a0e380000000e800a0e3880070e08000cb
:100b64000000e00007003a009e00900071e0880059
:100b7400a0e38000e10f50000d003a007d0607005d
:100b84000b003700e0e380000000e00008003a00ba
:100b940070e08000d00890001e0090005008900083
:100ba400808f500002003e009e00900071e088009b
:100bb40030e480000000e80030e488001e0090006b
:100bc400d0089000d0e38000808f500003003600ee
:100bd4001e00900050089000d0e388001e00900092
:100be400500890006c00b9008000780000c121001a
:100bf4000080400090009000010f78001e009000db
:100c04009e007800310098001e007800b00090002b
:100c14001e009000410098001e00780030009000f3
:100c24009e0090008180e800210098001e00900042
:100c34008080e8001e007800310098001e009000bb
:100c4400500890006c00b9008000780000c12100b9
:100c5400808040001e009000610098001e009000fb
:100c6400500890006c00b9008000780000c1210099
:100c740000804000900078008100e80001087800be
:100c8400fe45020000000000e0e380000000e000f8
:100c94000900320070e08000d00890001e0090002f
:100ca40050089000808f500003003100ba490200c0
:100cb40000000000000000000080fa0000000600b0
:100cc4000600fa0010079800210798000000eb00c6
:100cd400000f78001e009000ae009000e00f50005e
:100ce400e08f580007003200210107000001eb00eb
:100cf4001e009000ae009000480b07002201070080
:100d0400000f78001e0078000000e00003003a00a5
:100d1400ba49020000000000000000000080fa0050
:100d2400000006000c00fa0050079800de00900056
:100d34001107980070e080009e009000808f5000a2
:100d440003003a000000eb00000f780018003700a1
:100d5400e4450200000000001e009000e000900046
:100d64002107980021e380003107980031e38000d7
:100d740041079800fe45020000000000ae0090000c
:100d84003e009000808f500004003200ae009000be
:100d94004e009000808f500003003a002000200095
:100da400000f78000200370010002000000f7800c8
:100db4001e0078000080fa00000006000600fa0019
:100dc40020079800e4450200000000002e00900077
:100dd4000000e00002003a0070e0800001003700eb
:100de4002e009000000f78001e007800d0089000bc
:100df40011079800fe450200000000001e0090004c
:100e04000080fa00000006000800fa00300798008d
:100e14000000eb00000f78003e0090000000e000ae
:100e240002003a0070e08000010037003e009000ac
:100e3400100798001e009000d00890002107980029
:100e44002e0090000080fa00000006000e00fa0058
:100e540050079800610798000000eb00000f78002d
:100e64006e009000e40f50000200360040002000a5
:100e740060079800e4450200000000005e00900056
:100e84000000e00002003a0070e08000010037003a
:100e94005e009000100798001e00900080189000db
:100ea40021079800ae0090006e009000808f5000e3
:100eb40078003200ee0090002e009000808f5000e9
:100ec4000c00360070e080009e009000808f50007f
:100ed4000e00320070e08000d00890006e00900098
:100ee400808f500009003e0010002000000f7800a1
:100ef4000600370070e080009e009000808f500054
:100f040002003a0010002000000f78001e0090003c
:100f1400d0089000310798001e00900080189000bf
:100f24001e00900050089000808f500003003a008b
:100f34001e009000ee009000510898001e009000e2
:100f4400ee009000011898001e00900080089000a8
:100f540070009000e00f5000e08f58000900350049
:100f64006e0090008000eb0052002000030020007f
:100f740000005100818059001e019000700198000a
:100f8400010998001e009000600190003e0090004e
:100f94006c00b9008000780000c12100008040008e
:100fa400800f510035003a001e0090000080e800d8
:100fb4003e420200000000001e009000d008900095
:100fc400d0e38000808f5000030036001e009000a4
:100fd40050089000d0e388001e0090005008900054
:100fe4006c00b9008000780000c12100008040003e
:100ff40090009000410798001e009000ce009000e1
:10100400310098004e009000b00090001e00900047
:10101400410098004e009000300090009e00900027
:101024008180e800210098001e0090008080e80084
:101034004e009000310098001e009000500890006f
:101044006c00b9008000780000c12100808040005d
:101054001e009000610098001e009000500890004f
:101064006c00b9008000780000c1210000804000bd
:10107400900078008100e800010878001e007800e4
:101084000000e00003003200ba4902000000000042
:1010940000000000fe450200000000000080fa008d
:1010a400000006000200fa00c5c821000002eb009f
:1010b4008001eb000208200021422800402a210080
:1010c400f7fd0700000f78001e007800e10f5000c4
:1010d40003003a007631020000000000000f78009f
:1010e4001e007800e10f500011003a001102800048
:1010f400f0f12f00008060000050a0001002880072
:1011040000000000000000000080eb008080eb0085
:1011140040e4880051e4880010002000e0e38800e7
:10112400763cef00783cef008445020000000000ac
:10113400002184000080fa00000006000000fa008c
:1011440011028000f0f12f00008060000050a00028
:101154001002880000000000000000007c3cef004a
:10116400b6450200000000000080fa0000000600fe
:101174000000fa0070e480000000e80070e48800d9
:101184000080fa00000006000e00fa000000eb00e8
:10119400000f78000000eb0010079800e4450200ff
:1011a4000000000070e480000000e90070e48800a2
:1011b40070e480000000e000a5003a00a0e3800095
:1011c4000000e000a20032007700370080e38000d6
:1011d40040009000000f78001e007800c0089000c6
:1011e400410798001e007800100890009e007800c7
:1011f400a1089000310098001e007800200890009b
:101204009e00780091089000210098004e00900004
:10121400900090001e0178006e004100808f500005
:1012240004003a001e007800a00890004e009000d0
:10123400110098001e0078008000eb00410898001f
:101244004e009000100078008000e9004e009000ed
:10125400010878001e007800e00190005307980010
:101264001e007800300090009e007800c1009000bd
:10127400310098001e007800400090009e00780025
:10128400b1009000210098005e0090009000900052
:101294001e80e800808f500004003a001e00780091
:1012a400c00090005e009000110098001e007800bd
:1012b4008000eb00610098005e0090001000780050
:1012c4008000e9005e009000010878001e007800ac
:1012d400d0089000d0e38000808f500003003600d7
:1012e4001e00780050089000d0e388001e007800ab
:1012f400500890006c00b9008000780000c1210003
:101304000080400090009000610798001e00780063
:101314006e019000320098006e009000b0009000c2
:101324001e007800410098006e009000300090008c
:101334009e80e800210098009e80e8006e009000e6
:10134400310098001e007800500890006c00b9002d
:101354008000780000c12100808040001e007800d9
:10136400610098001e007800500890006c00b900dd
:101374008000780000c121000080400090007800c7
:101384008100e800010878001e007800d008900071
:1013940070e0800050089000808f500002003900f7
:1013a4001000200010e4880040e380000000e0000a
:1013b40086ff3a001e0078000000e00001003200c1
:1013c4008d040700f2e3800003e480002207980004
:1013d400330798002e009000be009000e00f5000ec
:1013e400e08f580012003200470107000000e000bf
:1013f400020032001000200010e488002e0090004b
:10140400be00900061005000e08058002007980062
:10141400310798002e009000be009000e00f5000ad
:10142400e08f5800f0ff3a007e3cef00803cef0074
:1014340010e480000000e0000500320010002000ed
:1014440010079800ba4902000000000000000000e4
:10145400fe450200000000001e0090000080fa001b
:10146400000006000400fa00e44502000000000049
:10147400b2e38000c3e38000028fbe00fe45020099
:10148400000000001e00be000080fa0000000600fc
:101494000600fa000000eb00000f7800b2e38000c1
:1014a400c3e3800012079800230798001e009000f1
:1014b400ae0090000080fa00000006000000fa0070
:1014c400a0e380000080fa00000006000400fa0097
:1014d400100798001e0090000000e00002003a008f
:1014e40070e08000010037001e009000000f7800bb
:1014f4009e0078007e8040000080fa000000060014
:101504001400fa00000f9800110f98000000eb007f
:10151400000f78000e089000100078000000e00032
:101524005b0032008e089000310798003e00900066
:1015340010009000a00090003e0090001100980060
:101544003e009000900090003e0090006400400037
:10155400808f500005003a003e009000100090007b
:10156400a00090003e009000110098003e00900002
:101574001000900040009000400798000e09900071
:10158400520798005e00900010009000a0009000a8
:101594005e009000110098005e00900090009000a2
:1015a4005e00900064004000808f500005003a0007
:1015b4005e00900010009000a00090005e0090007b
:1015c400110098005e009000100090004000900010
:1015d400600798000000eb00200798000000eb0073
:1015e400100798001c003700ee0090001e009000c9
:1015f4007e00400061417800624f98009e08900090
:101604001e00900000804000904078006e489000da
:1016140080cf500003003200100020002007980003
:10162400070037006e4890000004e00004003a0010
:10163400ee009000010f78001000200020079800b1
:101644002e0090000000e00007003a001e00900009
:101654000000e800100798001e009000ef0f5000f3
:10166400e1ff360001003700000000001e00780092
:101674000000e00005003a00ee0090004e009000eb
:10168400808f5000bdff3a000100370000000000c9
:101694001e0078000080fa00000006000600fa0030
:1016a4002007980050002000000f7800b0fe0700cb
:1016b4001e0fe9001e0078006c00b900800078005d
:1016c40000c1210000804000ae0090008cff0700a4
:1016d400100798001e0090000000e00004003a008b
:1016e4001e0078000000e000f1ff3a00010037001e
:1016f400000000001e0090000000e00004003a001a
:1017040020e38000ae0090007dff070010079800e2
:101714001e0090000000e00004003a0030e3800066
:10172400ae00900076ff07001007980096fe0700b1
:101734001e0090000080fa00000006000600fa0077
:10174400100798002107980089fe0700e44502006d
:1017540000000000f2e3800003e480001e0090001b
:10176400ae0090000200400083804800f0e388004f
:1017740001e48800fe4502000000000082fe07002c
:10178400000f78001e0078000080fa0000000600b8
:101794000800fa0030079800be0090001107980076
:1017a40073fe07003e0090005efd0700e20f50004c
:1017b4004f003a0010002000000f78001e00900037
:1017c4000080e8003e42020000000000e445020000
:1017d400000000001e009000400890000000e0009f
:1017e400070032001e0090006e0040003e420200de
:1017f400000000001e00900011c0b3001178980092
:10180400fe450200000000001e009000d008900079
:10181400d0e38000808f5000030036001e0090004b
:1018240050089000d0e388001e00900050089000fb
:101834006c00b9008000780000c1210000804000e5
:1018440090009000210798001e009000ae009000c8
:10185400310098002e009000b00090001e0090000f
:10186400410098002e009000300090009e009000ef
:101874008180e800210098001e0090008080e8002c
:101884002e009000310098001e0090005008900037
:101894006c00b9008000780000c121008080400005
:1018a4001e009000610098001e00900050089000f7
:1018b4006c00b9008000780000c121000080400065
:1018c400900078008100e800010878001e00900074
:1018d400d008900070e0800050089000808f500085
:1018e400050036001000200010e4880002003700d4
:1018f4000000eb00000f780023fe07001e007800b4
:101904000080fa00000006001400fa000000eb005a
:10191400000f780070e480000000e000c2003a008c
:10192400b0e38000c1e3800061004000e080480033
:1019340010079800210798001e019000ae01900046
:10194400b2e38800c3e388001e009000ae0090005c
:10195400e00f5000e08f58000a003a0023e38000b3
:101964003307980030e3800020e38800be00900035
:1019740031e3880020e480000000e80020e48800cf
:101984001d03070040e4800051e480001e01900024
:10199400ae019000800f5100818f59009c003900e6
:1019a400010037000000000020e3800010007800f0
:1019b4000000e00005003a000080eb008080eb00ae
:1019c40040e4880051e488009100370020e380005f
:1019d4004000900040009000400798004e009000a6
:1019e40010019000a001900052079800630798002e
:1019f4001e019000ae0190005e009000ee00900089
:101a0400800f5100818f5900050031005e01900064
:101a1400ee01900042e4880053e488007c00370023
:101a24004e009000e0019000730798004e00900073
:101a340030009000ce009000c1009000310098006a
:101a44004e00900040009000ce009000b100900045
:101a5400210098007e009000900090004e009000bd
:101a64000080e800808f500004003a004e0090008f
:101a7400c00090007e009000110098004e0090007d
:101a84008000eb00610098007e0090001000780058
:101a94008000e9007e009000010878004e0090006c
:101aa400400890000000e0001f0032004e0090004b
:101ab400c0089000010f98004e009000100890009c
:101ac400ce009000a1089000310098004e009000d4
:101ad40020089000ce00900091089000210098000a
:101ae4000e089000900090004e0090006e004000a0
:101af400808f500004003a004e009000a00890002f
:101b04000e089000110098004e0090008000eb0039
:101b1400410898000e089000100078008000e90049
:101b24000e089000010878004e009000d008900044
:101b3400d0e38000808f5000030036004e009000f8
:101b440050089000d0e388004e00900050089000a8
:101b54006c00b9008000780000c1210000804000c2
:101b640010019000120f98004e0090009e09900002
:101b7400330098001e089000b00090004e009000c2
:101b8400410098001e08900030009000ce009000a4
:101b94008180e800210098004e0090008080e800d9
:101ba4001e089000310098004e00900050089000ec
:101bb4006c00b9008000780000c1210080804000e2
:101bc4004e009000610098004e0090005008900074
:101bd4006c00b9008000780000c121000080400042
:101be400900078008100e800010878004e00900021
:101bf400d008900070e0800050089000808f500062
:101c040068ff360010002000000f780066ff3700e0
:101c140010e480000000e000090032001000200001
:101c2400000f780006003700f0e3800001e4800034
:101c340061004000e0804800f0e3880001e488008f
:101c44001e0078000080fa00000006000600fa007a
:101c540070e480000000e000030032001000200067
:101c640010e488003b003700823cef0070e0800005
:101c740070109000100798001e009000740050002f
:101c84001007980042012000714228001e009000b5
:101c940002030200000000000000e0000500320022
:101ca40070e08000fe00400070e08000a44a020062
:101cb40000000000d1e38000010f7800010037002c
:101cc4001e0fe9001e0078006c00b9008000780047
:101cd40000c1210000804000100078000000e000f6
:101ce400f7ff32001e0078006c00b9008000780015
:101cf40000c1210000804000200798002e009000c1
:101d040010009000a00090002e0090001100980098
:101d14002e009000900090002e009000640040007f
:101d2400808f500005003a002e00900010009000b3
:101d3400a00090002e009000110098002e0090004a
:101d4400100090004000900070e088009e00780031
:101d5400d1e388000080fa00000006000600fa00c3
:101d6400000f7800120798002307980070e08000a5
:101d74006e004000800078001e007800cc41020014
:101d840000000000120020001e009000ae00900031
:101d9400220707000080fa00000006000c00fa0089
:101da400100798002207980033079800440798000a
:101db4005507980072e080002e009000be0090004d
:101dc40001f0a00070019800010998001e00900025
:101dd40090009000010f780070e080009e00780071
:101de4001108980070e080009e007800b100900017
:101df400210898001e0078003000900071e08000f7
:101e0400ee8040002100980070e08000ee00400069
:101e14001e0078003100980070e080009e00900061
:101e2400410898001e009000100078008000e8002f
:101e34001e00900001087800120020004e0090005f
:101e4400de009000f50607000080fa00000006009e
:101e54000a00fa0010079800220798003307980038
:101e6400410798001e00900090009000010f780038
:101e740070e080009e0078001108980070e08000f7
:101e84009e007800b1009000210898001e007800a0
:101e94003000900071e08000ee8040002100980046
:101ea40070e08000ee0040001e00780031009800d1
:101eb40070e080009e009000410898001e00900091
:101ec400100078008000e8001e00900001087800ef
:101ed4004e0090000000e000040032000080eb009f
:101ee4008080eb0020079800310798004e01900095
:101ef4002e009000be009000c80607000080fa0083
:101f0400000006000e00fa00600798006e009000c2
:101f14004000900040009000100798001e009000c0
:101f2400c0089000210798001e009000100890003f
:101f34009e009000a1089000310098001e009000bf
:101f4400200890009e0090009108900021009800c5
:101f54002e009000900090001e0090006e00400043
:101f6400808f500004003a001e009000a0089000ea
:101f74002e009000110098001e0090008000eb00dd
:101f8400410898002e009000100078008000e900bd
:101f94002e0090000108780070e480000000e0004a
:101fa40051003a001e009000e000900031079800b4
:101fb4001e009000300090009e009000c100900030
:101fc400310098001e009000400090009e00900098
:101fd400b1009000210098003e0090009000900015
:101fe4001e0090000080e800808f500004003a003a
:101ff4001e009000c00090003e0090001100980068
:102004001e0090008000eb00610098003e009000ec
:10201400100078008000e9003e009000010878007c
:102024001e009000d0089000d0e38000808f500004
:10203400030036001e00900050089000d0e3880092
:102044001e009000500890006c00b90080007800d9
:1020540000c12100008040009000900041079800da
:102064001e009000ce009000310098004e009000b9
:10207400b00090001e009000410098004e009000b7
:10208400300090009e0090008180e80021009800bc
:102094001e0090008080e8004e00900031009800ff
:1020a4001e009000500890006c00b9008000780079
:1020b40000c12100808040001e0090006100980053
:1020c4001e009000500890006c00b9008000780059
:1020d40000c1210000804000900078008100e800e9
:1020e400010878001800370051e380005107980078
:1020f4001e009000de009000110898005e00900021
:10210400b00090001e009000210898005e0090002e
:10211400300090009e009000ee8040002100980066
:102124001e009000ee0040005e0090003100980018
:102134001e00900081c621004108980040e3800001
:102144000000e80040e388001e009000d0089000e2
:1021540070e0800050089000808f50000500360029
:1021640010002000000f78001000200010e4880008
:10217400020037000000eb00000f78001e0078001a
:102184000080fa00000006000e00fa0040079800e4
:1021940052079800630798005e009000ee009000dc
:1021a40001f0a0004e0190000089be004e00900096
:1021b40040009000000f78004e009000d000900086
:1021c400110798004e00900020009000ce0090006f
:1021d400b1009000310098004e0090003000900053
:1021e400ce009000a1009000210098001e009000f5
:1021f400900090004e009000808f500004003a0040
:102204004e009000b00090001e0090001100980055
:102214004e0090008000eb00510098001e009000da
:10222400100078008000e9001e009000010878008a
:102234001e007800e0009000210798001e0078003e
:10224400300090009e007800c1009000310098009a
:102254001e007800400090009e007800b1009000bd
:10226400210098002e009000900090001e80e8004d
:10227400808f500004003a001e007800c0009000d7
:102284002e009000110098001e0078008000eb00e2
:10229400610098002e009000100078008000e90092
:1022a4002e009000010878001e007800d0089000ed
:1022b400d0e38000808f5000030036001e007800b9
:1022c40050089000d0e388001e0078005008900069
:1022d4006c00b9008000780000c12100008040003b
:1022e40090009000310798001e007800be00900016
:1022f400310098003e009000b00090001e0078006d
:10230400410098003e009000300090009e80e8005c
:10231400210098009e80e8003e0090003100980063
:102324001e007800500890006c00b900800078000e
:1023340000c12100808040001e00780061009800e8
:102344001e007800500890006c00b90080007800ee
:1023540000c1210000804000900078008100e80066
:10236400010878001e007800d008900070e080001a
:1023740050089000808f50000200360010002000aa
:1023840010e488000080fa00000006000200fa0051
:10239400000f7800e44502000000000021e4800002
:1023a4001e00780001087800b0e38000c1e38000db
:1023b4001e0178001001980021019800fe450200da
:1023c400000000000080fa00000006000200fa008d
:1023d400000f780021e480001e00780001087800d6
:1023e400b0e38000c1e380001e0178001001980072
:1023f400210198000080fa00000006000e00fa0097
:102404005007980061079800e445020000000000ae
:10241400b2e38000c3e3800012079800230798000a
:102424005e009000a0009000100090001e0190003b
:10243400ae019000000051008180590030079800df
:102444004107980070e08000107890000004e000dc
:102454000600320070e080008040eb0011789800a4
:1024640010002000000f78002c0037005e00900060
:102474009000780020e48000808f50000e0032002d
:102484005e00900010019000a00190001e009000da
:10249400ae009000800f5100818f590006003e006d
:1024a40010002000000f78006e0190006000b8005a
:1024b4000089be00190037006e0090001001be00b4
:1024c4003e009000ce009000800f5100818f590093
:1024d4000d0036006e0090001001be003e0090001a
:1024e400ce00900000005100818059006e019000e0
:1024f4000089be005e009000b4ff07000000eb00fe
:10250400000f7800050037006e0190006000b800ed
:102514000089be0010002000000f7800fe45020074
:10252400000000001e0078000080fa000000060091
:102534000000fa001000200010e488000080fa0077
:10254400000006000200fa00000f780027000700d0
:1025540080e08000e10f500003003600ba49020019
:1025640000000000000000009e4a0200000000007d
:10257400f6ff37000200fa000000eb00000f7800bd
:10258400080037001e0078006c00b9008000780055
:1025940000c12100008040004c4102000000000006
:1025a4001e0fe8001e007800e40f5000f5ff36000f
:1025b400c0c421004c4102000000000080c521007d
:1025c4004c4102000000000080c621004c41020082
:1025d40000000000c0c4210020e3880080c5210061
:1025e40030e388000080fa00000006000000fa00d2
:1025f4000080fa00000006000000fa0020e38000da
:10260400100078000000e00005003a000080eb00b4
:102614008080eb0040e4880051e488000500370026
:1026240020e38000400090001000be0040e48800d9
:1026340051e488000080fa00000006000200fa005d
:1026440071e08000010f78001e0078000080fa001d
:10265400000006000200fa00e0e380000000e00051
:1026640003003a0010002000000f78000800370033
:1026740070e480000000e00003003a002000200025
:10268400000f7800020037000000eb00000f780014
:102694001e0078000080fa00000006000800fa001e
:1026a40030079800be009000110798000000eb006e
:1026b400000f78003e0090000000e0006900320046
:1026c4001e009000d008900070e080005008900038
:1026d400808f50005b0031001e0090008008900045
:1026e40070009000e00f5000e08f58000a003500a1
:1026f40070e08000500890008000eb005200200041
:102704000300200000005100818059001e01900048
:1027140070019800010998001e009000600190006b
:102724001e009000500890006c00b90080007800f2
:1027340000c1210000804000800f51003a003a009f
:102744001e0090000080e8003e42020000000000ed
:1027540070e08000d00890001e009000510898009e
:102764001e009000d0089000d0e38000808f5000bd
:10277400030036001e00900050089000d0e388004b
:102784001e009000500890006c00b9008000780092
:1027940000c12100008040009000900021079800b3
:1027a4001e009000ae009000310098002e009000b2
:1027b400b00090001e009000410098002e00900090
:1027c400300090009e0090008180e8002100980075
:1027d4001e0090008080e8002e00900031009800d8
:1027e4001e009000500890006c00b9008000780032
:1027f40000c12100808040001e009000610098000c
:102804001e009000500890006c00b9008000780011
:1028140000c1210000804000900078008100e800a1
:10282400010878000400370070e08000d0089000b0
:102834001e0090005108980010002000000f78003e
:10284400080037001e0090008018900070e080009f
:1028540050089000808f50000200310010002000ca
:10286400000f78001e0078000080fa0000000600c7
:102874000800fa0030079800be0090001107980085
:102884000000eb00000f78003e0090000000e00024
:10289400540032001e009000101890008000e900df
:1028a4001e009000111898001e009000d00890009f
:1028b4001e00900000189000808f500049003200e4
:1028c4001e009000101890000000e00045003a003f
:1028d4001e0090000080e8003e420200000000005c
:1028e4001e009000801890001e009000510898006f
:1028f4001e009000500890008000eb005200200061
:102904000300200000005100818059001e01900046
:1029140070019800010998001e009000d0089000f2
:10292400d0e38000808f5000030036001e0090002a
:1029340050089000d0e388001e00900050089000da
:102944006c00b9008000780000c1210000804000c4
:1029540090009000210798001e009000ae009000a7
:10296400310098002e009000b00090001e009000ee
:10297400410098002e009000300090009e009000ce
:102984008180e800210098001e0090008080e8000b
:102994002e009000310098001e0090005008900016
:1029a4006c00b9008000780000c1210080804000e4
:1029b4001e009000610098001e00900050089000d6
:1029c4006c00b9008000780000c121000080400044
:1029d400900078008100e8000108780010002000d1
:1029e400000f78001e0078000080fa000000060046
:1029f4000e00fa005007980061079800de0090006e
:102a04001107980010002000200798005e00900035
:102a14000000e000670032001e0090008018900063
:102a24006e009000808f500003003100ee00900093
:102a3400010f7800030037001e00900080189000fa
:102a4400010f78001e009000500890009e0f500067
:102a5400580032001e009000901890002e00900044
:102a6400808f500053003a001e009000d008900060
:102a7400310798001e0090009e00780051089800cd
:102a84001e0090008008900070009000e00f50003d
:102a9400e08f5800090035001e0078008000eb002c
:102aa40052002000030020000000510081805900e2
:102ab4001e01900070019800010998001e0090000a
:102ac400600190003e0090006c00b9008000780026
:102ad40000c1210000804000800f510035003a0001
:102ae4001e0090000080e8003e420200000000004a
:102af4001e009000d0089000d0e38000808f50002a
:102b0400030036001e00900050089000d0e38800b7
:102b14001e009000500890006c00b90080007800fe
:102b240000c12100008040009000900041079800ff
:102b34001e009000ce009000310098004e009000de
:102b4400b00090001e009000410098004e009000dc
:102b5400300090009e0090008180e80021009800e1
:102b64001e0090008080e8004e0090003100980024
:102b74001e009000500890006c00b900800078009e
:102b840000c12100808040001e0090006100980078
:102b94001e009000500890006c00b900800078007e
:102ba40000c1210000804000900078008100e8000e
:102bb400010878000080fa00000006000400fa0012
:102bc40070e080007001900080099000028fbe00c8
:102bd40074e0800070e08000500890008000eb00fa
:102be40052002000030020000000510081805900a1
:102bf40070029800010a98001e00be000080fa00ce
:102c0400000006000000fa0070e080000000e00010
:102c14000400320070e08000901890008100e80009
:102c24001118980070e080000080fa00000006008f
:102c34000c00fa002007980031079800420798001a
:102c440053079800e44502000000000071e0800092
:102c54002e0090006d0040004200dd000080400026
:102c64001000be00e00f5000e08f580012003a0040
:102c740071e080002e009000008040008003b000ce
:102c840011c0b300014878004e009000de009000af
:102c9400e00f5000e08f58000700320012002000bf
:102ca4004e009000de0090005c030700ba49020069
:102cb4000000000000000000fe45020000000000cb
:102cc400e44502000000000071e080002e00900046
:102cd4006d0040004200dd0000804000301f78009d
:102ce400201778001e00be00e00f5000e08f58004f
:102cf400150032003e0090000000e00008003200a1
:102d040071e080002e0090006d0040004200dd0064
:102d1400008140006000b8000089be000a0037004e
:102d240073e080000082eb008082eb003e004200f2
:102d3400ae804a002e0190006d0141004211dd0079
:102d4400028141000089be0071e080002e009000e5
:102d5400008040008003b0008040eb000148780010
:102d6400fe450200000000001e00be000080fa00c4
:102d7400000006001200fa00889fbe008a9fbe0071
:102d8400100798002207980033079800440798001a
:102d9400550798006107980076079800070f980078
:102da400e44502000000000071e080001e00900075
:102db4008003b00061407800e24f50002a003200e6
:102dc40074e080001e0090006d0040004200dd00b1
:102dd400000042001001be002e009000be009000d2
:102de4000080ea008180ea00820278000301780012
:102df4008001780081007800038062008100610016
:102e040081057800000578000a00be001e019000cc
:102e14006d0141004211dd00020142000089be0043
:102e240071e080001e009000008040008003b0002c
:102e340011c0b300014878007e0090008e08900015
:102e4400e00f5000e08f580007003200120020000d
:102e54007e0090008e089000f0020700ba4902003c
:102e64000000000000000000fe4502000000000019
:102e7400e4450200000000006e0090000000e00045
:102e84000800320071e080001e0090006d004000d8
:102e94004200dd00008040001000be006e01900082
:102ea4000089be0071e080001e0090008003b00025
:102eb40061407800e24f5000030032000000eb0054
:102ec400000f78001a00370074e080001e009000a4
:102ed4006d0040004200dd00000042001001be0011
:102ee4004e009000de0090000080ea008180ea003d
:102ef4008202780003017800800178008100780064
:102f0400038062008100610081047800000478007d
:102f14000800be001e0190006d0141004211dd0059
:102f2400020142000089be0010002000000f78005a
:102f340071e080001e009000008040008003b0001b
:102f44008040eb0001487800fe45020000000000cc
:102f54001e0078004f05be004f04be000080fa003a
:102f6400000006001600fa00500798006107980058
:102f740072079800030f9800140f9800250f98000b
:102f840010002000000f7800de0090001107980068
:102f9400e4450200000000002e0890000000e0005c
:102fa400080032009e0090006e0090006d0040000a
:102fb4004200dd00008040001000be002e09900099
:102fc4000089be009e0090006e0090008003b00057
:102fd40061417800424798009e0090006e00900086
:102fe400008040008003b00021c0b3000148780095
:102ff4001e089000e20f50001d003200e20f500046
:1030040005003e000000e00040003200e10f5000e7
:10301400060032003e003700e30f50002300320068
:10302400e40f50002a003200390037009e0090005f
:103034006e0090006d0040004200dd000080400002
:103044001001be007e0090008e0890000000710008
:10305400818071009e0190006e0190006d0141001d
:103064004211dd00028141000089be0028003700c2
:103074009e0090006e0090006d0040004200dd0054
:10308400008040001000be0061004000e080480065
:103094009e0190006e0190006d0141004211dd001f
:1030a400028141000089be00190037009e00900093
:1030b4006e0090006d0040004200dd000080400082
:1030c4007e0190008e0990000288be001000370037
:1030d4004e409000e24f5000090032009e009000e4
:1030e4006e0090006d0040004200dd000080400052
:1030f4007e0190008e0990000288be000400370013
:103104000000eb00000f7800010037000000000011
:103114004e409000e14f500059003a001e009000cc
:10312400e0019000330798001e00900030009000ea
:103134009e009000c1009000310098001e00900095
:10314400400090009e009000b10090002100980083
:103154003e009000900090001e0090000080e80067
:10316400808f500004003a001e009000c0009000c0
:103174003e009000110098001e0090008000eb00bb
:10318400610098003e009000100078008000e90083
:103194003e009000010878001e009000d0089000c6
:1031a400d0e38000808f5000030036001e009000a2
:1031b40050089000d0e388001e0090005008900052
:1031c4006c00b9008000780000c12100008040003c
:1031d40090009000410798001e0090004e0190005e
:1031e400320098004e009000b00090001e00900045
:1031f400410098004e009000300090009e00900026
:103204008180e800210098001e0090008080e80082
:103214004e009000310098001e009000500890006d
:103224006c00b9008000780000c12100808040005b
:103234001e009000610098001e009000500890004d
:103244006c00b9008000780000c1210000804000bb
:10325400900078008100e800010878001e009000ca
:10326400d008900070e0800050089000808f5000db
:1032740003003600ba49020000000000000000000c
:10328400fe450200000000001e0078000080fa00e5
:10329400000006001c00fa0070079800010f980057
:1032a400120f9800230f9800340f9800450f9800d0
:1032b400560f980010002000000f7800fe009000c8
:1032c400110798000000eb00200798004e089000ba
:1032d4000000e000080032009e0090000e089000fc
:1032e4006d0040004200dd00008040001000be0080
:1032f4004e0990000089be009e0090000e089000c8
:103304008003b00061417800624798009e009000fd
:103314000e089000008040008003b00021c0b3007c
:10332400014878003e089000e20f50001d00320072
:10333400e20f500005003e000000e00040003200b3
:10334400e10f5000060032003e003700e30f50004a
:1033540023003200e40f50002a0032003900370005
:103364009e0090000e0890006d0040004200dd00b9
:10337400008040001001be001e089000ae089000be
:1033840000007100818071009e0190000e09900080
:103394006d0141004211dd00028141000089be003f
:1033a400280037009e0090000e0890006d00400039
:1033b4004200dd00008040001000be0061004000bb
:1033c400e08048009e0190000e0990006d014100cc
:1033d4004211dd00028141000089be00190037005e
:1033e4009e0090000e0890006d0040004200dd0039
:1033f400008040001e099000ae0990000288be00c3
:10340400100037006e409000e24f50000900320077
:103414009e0090000e0890006d0040004200dd0008
:10342400008040001e099000ae0990000288be0092
:10343400040037000000eb00000f780001003700a3
:10344400000000006e409000e14f50007a003a0006
:1034540070e480000000e00051003a001e0090007b
:10346400e0019000430798001e0090003000900097
:103474009e009000c1009000310098001e00900052
:10348400400090009e009000b10090002100980040
:103494004e009000900090001e0090000080e80014
:1034a400808f500004003a001e009000c00090007d
:1034b4004e009000110098001e0090008000eb0068
:1034c400610098004e009000100078008000e90030
:1034d4004e009000010878001e009000d008900073
:1034e400d0e38000808f5000030036001e0090005f
:1034f40050089000d0e388001e009000500890000f
:103504006c00b9008000780000c1210000804000f8
:1035140090009000510798001e0090005e019000fa
:10352400320098005e009000b00090001e009000f1
:10353400410098005e009000300090009e009000d2
:103544008180e800210098001e0090008080e8003f
:103554005e009000310098001e009000500890001a
:103564006c00b9008000780000c121008080400018
:103574001e009000610098001e009000500890000a
:103584006c00b9008000780000c121000080400078
:10359400900078008100e8000108780018003700e6
:1035a40053e38000630798001e009000ee00900033
:1035b400110898006e009000b00090001e0090006a
:1035c400210898006e009000300090009e0090004a
:1035d400ee804000210098001e009000ee004000a4
:1035e4006e009000310098001e00900081c62100fa
:1035f4004108980040e380000000e80040e38800b0
:103604001e009000d008900070e0800050089000e8
:10361400808f5000080036005e0890000000e00033
:10362400030032005e0890001100200001087800b9
:103634001000200010e488001e0078000080fa00ca
:10364400000006001200fa00600798007107980055
:10365400020f9800ee009000010f78000000eb00cc
:10366400100798009e0078007e0090008003b00050
:1036740061417800424798009e0078007e009000e7
:10368400008040008003b00021c0b30001487800ee
:103694009e0078007e0090006d0040004200dd0036
:1036a400008040001000be0061004000e08048003f
:1036b4009e0178007e0190006d0141004211dd0001
:1036c400028141000089be004e409000e14f50004d
:1036d40077003a0070e480000000e0004e003a00f9
:1036e4001e007800e0009000310798001e0078006a
:1036f400300090009e007800c100900031009800d6
:103704001e007800400090009e007800b1009000f8
:10371400210098003e009000900090001e80e80078
:10372400808f500004003a001e007800c000900012
:103734003e009000110098001e0078008000eb000d
:10374400610098003e009000100078008000e900bd
:103754003e009000010878001e007800d008900018
:10376400d0e38000808f5000030036001e007800f4
:1037740050089000d0e388001e00780050089000a4
:103784006c00b9008000780000c121000080400076
:1037940010019000420798001e007800ce009000af
:1037a400310098004e009000b00090001e00780098
:1037b400410098004e009000300090009e80e80088
:1037c400210098009e80e8004e009000310098008f
:1037d4001e007800500890006c00b900800078004a
:1037e40000c12100808040001e0078006100980024
:1037f4001e007800500890006c00b900800078002a
:1038040000c1210000804000900078008100e800a1
:10381400010878001800370052e38000520798002e
:103824001e007800de009000110898005e009000f1
:10383400b00090001e007800210898005e009000ff
:10384400300090001e017800ee0041002100980035
:103854001e017800ee0041005e00900031009800e7
:103864001e00780081c621004108980040e38000d2
:103874000000e80040e388001e007800d0089000b3
:1038840070e0800050089000808f500008003600df
:103894000e0890000000e000030032000e089000c3
:1038a40011002000010878001000200010e48800b6
:1038b4000080fa00000006000800fa0020079800c3
:1038c400310798002e0090000000e00002003a004a
:1038d40070e08000010037002e009000100798006f
:1038e400e4450200000000009e0090003e009000ad
:1038f4008003b00061407800e24f500009003a00b4
:103904009e0090003e009000008040008003b000c4
:103914008040eb000148780010002000000f780080
:10392400020037000000eb00000f7800fe450200a3
:10393400000000001e0078000080fa00000006006d
:103944000e00fa00889fbe003007980041079800d7
:1039540052079800630798003e0090000000e000c2
:1039640002003a0070e08000010037003e00900041
:10397400000f7800e4450200000000009e0078007b
:103984004e0090006d0040004200dd0000804000c9
:103994001001be0012079800230798009e007800cb
:1039a4004e0090006d0040004200dd0000804000a9
:1039b4001001be005e009000ee0090000080ea005e
:1039c4008180ea0002027800030178008001780017
:1039d40081007800030062008100610081047800a6
:1039e400000478000800be009e0178004e0190009b
:1039f4006d0141004211dd00028141000089be00d9
:103a0400fe450200000000001e009000ae00900081
:103a14004f04be000080fa00000006000e00fa0009
:103a2400400798005107980062079800b2e38000ad
:103a3400c3e38000028fbe0070e080008040eb0092
:103a44001178980070e080000080e8003e42020097
:103a5400000000004e009000de0090003e01400097
:103a6400ae8148000200be0020079800310798008c
:103a740070e080002e019000be01900012009800ba
:103a8400230098002e009000be009000be0f50004e
:103a9400ae8f58000600310070e080008080e8009e
:103aa40030e38000cc410200000000001000370029
:103ab40070e080008080e80020e38000cc410200b8
:103ac4000000000040e4800051e480002e019000da
:103ad400be019000800f5100818f59000400310015
:103ae4002e019000be01900042e4880053e4880057
:103af4000080fa00000006000800fa002007980081
:103b04003107980010002000000f7800ae009000ec
:103b1400110798001e0090000000e00051003200e0
:103b24001e009000101090000000e0004d003200d4
:103b34001e009000101090008080eb0000017800bf
:103b4400110009008280d800800078001e009000d7
:103b540020109000808f500042003900e44502009c
:103b6400000000001e009000100178001e0090006c
:103b7400901090001e009000201090000088b90062
:103b840000007800800041001e0090002100980091
:103b94001e0090008000eb00011098001e009000b1
:103ba400900078001e009000110098001e00900004
:103bb400100178001e009000101090008000e900b1
:103bc4001e009000201090000088b90000007800ca
:103bd400800041001e009000310098001e009000fb
:103be40080c0eb00616098001e00900080c0eb0074
:103bf400716098003e0090000000e0000e003a0062
:103c04001e009000400090000000e000120032000e
:103c14001e00900068004000840f020000000000b5
:103c24000000e0000c003200ba490200000000006d
:103c340000000000080037001e00900068004000eb
:103c44004c410200000000001e009000740040007f
:103c54004c41020000000000fe450200000000008c
:103c6400020037000000eb00000f78001e0078000f
:103c74000080fa00000006000c00fa0030079800eb
:103c840041079800224f98000000eb00000f7800d5
:103c94003e0090000000e000280032008080eb002d
:103ca4003e00900000017800110009008280d800d5
:103cb400800078004e009000808f50001f00390073
:103cc400be0090004e0090000088b900800078008b
:103cd40050fd2f00808f500018003e00be00900061
:103ce4004e0090000088b90000007800100798008a
:103cf4001e009000a002b000ba3d020000000000c7
:103d0400000f78001e0078000000e0000b00320075
:103d14009e007800210798002e009000a002b000b9
:103d2400200798001e027800ae4990002e019000f2
:103d3400ce0090003e009000030007001e007800b3
:103d44000080fa00000006000a00fa00000f780064
:103d540011079800220798006347980044079800c9
:103d64001e0090000000e00004003a00ce00900025
:103d74004e0090000108780003003700ae00900068
:103d84004e009000010878004e0090009e007800dc
:103d9400111098004e0090009e0090002110980091
:103da400110020004e00900053ff07004e009000c9
:103db4008000eb00411098000080fa00000006002b
:103dc4000200fa00000f78001e0078000000e000f6
:103dd4000e0032001e0078008000eb0021009800e5
:103de4001e0078008000eb00010878001e007800b7
:103df4008000eb00310098000002eb006011b80075
:103e04008000eb001e0078002c0007000080fa0000
:103e1400000006000800fa00604798001000200027
:103e2400000f78000000eb00100798006e4190002e
:103e34009e0090001e0078008fff07002007980066
:103e44002e009000deff07002e0090000080fa0094
:103e5400000006000600fa001007980021079800e9
:103e64000000eb00000f78001e0090000000e0004e
:103e74000f003200ae0090001e009000808f5000b2
:103e84000b003e0022c0b3008000eb001e00900037
:103e940079ff0700000f78001e0078000000e000a2
:103ea400030032001e007800ae009000011098005c
:103eb4001e0078000080fa00000006001800fa00d6
:103ec40070079800010f9800120f9800230f9800b4
:103ed400340f98000000eb00000f7800fe00900003
:103ee400110798000100370000000000e4450200bb
:103ef400000000001e009000801090001e00900042
:103f040010109000808f5000030039003e0890008c
:103f1400e20f500034003a001e0090008010900020
:103f2400210798003e0990008e0890001e00900022
:103f34006a030700300798001e00900040109000ac
:103f44000000e0000e0032003e089000e20f500036
:103f540003003a002e0090000000e0001e003a002a
:103f64001e009000000507000000e0001900320068
:103f7400ba490200000000000000000016003700eb
:103f84001e009000200890000000e0000a003200ab
:103f94001e00900074004000840f02000000000026
:103fa4000000e0000c003200ba49020000000000ea
:103fb40000000000080037003e0090000000e00010
:103fc40005003200ba4902000000000000000000b1
:103fd4000100370000000000fe4502000000000060
:103fe400100020004d0037001e089000ae0890001d
:103ff400e00f5000e08f580004003a00fe45020034
:10400400000000000000eb00440037001e007800b0
:104014000000e00005003a0068004700e8110200d3
:104024000000000010002000000f7800fe45020090
:1040340000000000ba08020000000000e44502008d
:10404400000000001e00900060609000e14f4000fe
:1040540003003a001e0090008040eb00616098006d
:104064001e00900070609000e14f400003003a0091
:104074001e0090008040eb0071609800fe45020035
:1040840000000000f2004700680047000012020030
:10409400000000000000e0001b003a001e00900039
:1040a400030407000000e000120032001e08900024
:1040b400ae0890001e019000680241000001be009d
:1040c40004007800b00e0200000000001e00900002
:1040d4008a030700c6080200000000000000e00098
:1040e40081ff3a00ba49020000000000000000000d
:1040f4007eff37001e00900080030700c608020000
:104104000000000079ff37001e0090007b030700c9
:10411400c6080200000000000000eb000080fa0066
:10412400000006001400fa00600798007107980068
:10413400020f9800130f9800ee00900011079800ea
:104144000000eb00200798001e00900080109000f3
:104154001e00900010109000808f50000300390062
:104164001e089000e20f500047003a001e00900025
:10417400f0609000614798001e009000801090004d
:10418400410798001e099000fe0090001e00900058
:10419400d20207006e409000e14f400026003a0032
:1041a4001e009000401090000000e000110032005a
:1041b4001e089000e20f500003003a004e009000e9
:1041c4000000e0002d003a001e0090006604070085
:1041d4000000e000260032000e0890000000e0001d
:1041e400250032000e08900011002000010878001c
:1041f400220037001e009000200890000000e0001c
:104204001e0032001e00900074004000840f020063
:10421400000000000000e000180032000e089000ca
:104224000000e000150032000e089000110020008c
:104234000108780011003700600a02000000000045
:10424400500798006e4090008000fb005e009000d4
:10425400808f5000090031006e4090000040e8005b
:10426400804078001e0090007160980003003700c1
:1042740000000000010037000000000010002000d2
:10428400000f7800020037000000eb00000f7800f8
:104294001e0078000080fa00000006001000fa00fa
:1042a4006007980071079800ee00900011079800cd
:1042b4000000eb00200798001e0090008010900082
:1042c400310798001e009000901090003e0090006e
:1042d400808f50003a0036001e009000f06090007d
:1042e400014f98003e0090008000e8001e009000fe
:1042f400011098000e489000e14f400020003a0061
:104304001e009000401090000000e0000b003200fe
:104314001e009000140407000000e0002500320095
:104324007e0090000000e000220032007e00900039
:1043340011002000010878001e0037001e009000c4
:10434400200890000000e0001a0032001e009000d7
:1043540074004000840f0200000000000000e00030
:10436400140032007e0090000000e00011003200d2
:104374007e00900011002000010878000d00370035
:10438400600a020000000000500798000e489000e8
:104394008000fb005e009000808f5000050031001b
:1043a4000e4890000040e800804078001e00900015
:1043b4007160980010002000000f780002003700a0
:1043c4000000eb00000f78001e0078000080fa0067
:1043d400000006001400fa006007980071079800b6
:1043e400020f9800130f98000000eb00000f7800f4
:1043f400ee00900011079800030037000000000051
:104404000100370000000000e44502000000000045
:104414001e00900080109000210798002e0090004c
:104424000000e00018003200fe0090001e00900022
:104434008f0207002e0090008000e9001e0090000b
:10444400011098001e009000400090000000e00061
:10445400090032001e00900068004000840f020032
:10446400000000000000e00003003200ba4902002e
:104474000000000000000000fe45020000000000f3
:1044840010002000510037000e0890009e08900094
:10449400e00f5000e08f580004003a00fe4502008f
:1044a400000000000000eb00480037001e00780008
:1044b4000000e00005003a0066004700e811020031
:1044c4000000000010002000000f7800fe450200ec
:1044d40000000000ba08020000000000e4450200e9
:1044e400000000001e00900060609000e14f40005a
:1044f40003003a001e0090008040eb0061609800c9
:104504001e00900070609000e14f400003003a00ec
:104514001e0090008040eb0071609800fe45020090
:1045240000000000f000470066004700001202008f
:10453400000000000000e0001b003a001e00900094
:10454400b90207000000e000120032000e089000db
:104554009e0890001e019000740241000001be00fc
:1045640004007800b00e0200000000001e0090005d
:1045740062020700c6080200000000000000e0001c
:104584009eff3a00ba49020000000000000000004b
:104594009dff37001e00900058020700c608020065
:1045a4000000000098ff37001e009000530207002f
:1045b400c6080200000000001e0090009a020700d6
:1045c4000000e0008fff32000000eb000080fa00e2
:1045d400000006001600fa00000f9800120f980061
:1045e400230f98000000eb00000f78008e08900065
:1045f400210798000000eb00100798000300370023
:10460400000000000100370000000000e445020043
:10461400000000002e0090008010900031079800e8
:104624003e0090000000e0001d0032003e009000bb
:104634008000e9002e009000011098002e009000e8
:10464400100078000000e00004003a0004160200a4
:1046540000000000ae009000a00098002e00900022
:10466400400090000000e000090032002e0090009d
:1046740068004000840f0200000000000000e00019
:1046840003003200ba4902000000000000000000ec
:10469400fe45020000000000100020006d003700fd
:1046a4001e089000ae089000e00f5000e08f580004
:1046b40004003a00fe450200000000000000eb0088
:1046c400640037001e0078000000e00005003a0096
:1046d4006a004700e81102000000000010002000fa
:1046e400000f7800fe45020000000000ba08020036
:1046f40000000000e4450200000000002e009000cd
:1047040060609000e14f400003003a002e009000ea
:104714008040eb00616098002e0090007060900073
:10472400e14f400003003a002e0090008040eb006f
:1047340071609800fe45020000000000f20047008e
:104744006a00470000120200000000000000e000c0
:1047540028003a002e009000330207000000e00019
:104764001f0032002e009000100078000000e000ce
:1047740009003a00e4450200000000002e00900009
:104784002000900050130200000000001007980061
:10479400fe450200000000001e089000ae089000d4
:1047a4002e019000740241000001be000400780054
:1047b400b00e0200000000002e009000cf010700a0
:1047c400c6080200000000000000e0008cff3a0070
:1047d400ba49020000000000000000008bff37000f
:1047e4002e009000c5010700c6080200000000006a
:1047f40086ff37002e009000c0010700c6080200a3
:10480400000000002e009000070207000000e000f6
:104814007dff32001e0090000000e0000c0032001a
:10482400e4450200000000002e0090001a01070079
:10483400400798002e00900020009000ce009000c9
:10484400fa14020000000000fe450200000000000f
:104854000000eb000080fa00000006001600fa00d9
:1048640070079800010f9800120f9800230f98000a
:104874000000eb00000f7800fe0090001107980084
:1048840003003700000000000100370000000000b2
:10489400e4450200000000001e009000801090001b
:1048a400210798002e0090000000e0001a0032005a
:1048b4001e009000b0009000310798008e08900010
:1048c4001e0090006a0107001e009000be009000c8
:1048d400310098001e009000200890000000e000c5
:1048e400090032001e00900074004000840f020092
:1048f400000000000000e00003003200ba4902009a
:104904000000000000000000fe450200000000005e
:1049140010002000510037001e089000ae089000df
:10492400e00f5000e08f580004003a00fe450200fa
:10493400000000000000eb00480037001e00780073
:104944000000e00005003a0068004700e81102009a
:104954000000000010002000000f7800fe45020057
:1049640000000000ba08020000000000e445020054
:10497400000000001e00900060609000e14f4000c5
:1049840003003a001e0090008040eb006160980034
:104994001e00900070609000e14f400003003a0058
:1049a4001e0090008040eb0071609800fe450200fc
:1049b40000000000f20047006800470000120200f7
:1049c400000000000000e0001b003a001e00900000
:1049d400950107000000e000120032001e0890005c
:1049e400ae0890001e019000740241000001be0058
:1049f40004007800b00e0200000000001e009000c9
:104a04003e010700c6080200000000000000e000ac
:104a14009cff3a00ba4902000000000000000000b8
:104a24009bff37001e00900034010700c6080200f7
:104a34000000000096ff37001e0090002f010700c1
:104a4400c6080200000000001e0090007601070066
:104a54000000e0008dff32000000eb000080fa004f
:104a6400000006001200fa00600798007107980021
:104a7400020f9800ee009000110798000000eb0070
:104a8400200798001e0090008010900031079800c5
:104a94003e0090000000e0002e0032001e00900056
:104aa400e0609000014f9800fe0090001e0090000e
:104ab400ef0007003e0090008000e9001e00900017
:104ac400011098000e489000e14f400011003a0098
:104ad4001e009000400090000000e0001a00320028
:104ae4001e00900068004000840f020000000000d7
:104af4000000e000140032000e0890000000e00006
:104b0400110032000e089000110020000108780006
:104b14000d003700600a02000000000050079800f2
:104b24000e4890008000fb005e009000808f5000d3
:104b3400050031000e4890000040e80080407800f5
:104b44001e0090006160980010002000000f7800a3
:104b5400020037000000eb00000f78001e00780010
:104b64000080fa00000006000c00fa0040079800dc
:104b740051079800ce009000110798000000eb0048
:104b8400200798001e009000001090000000e00034
:104b94000c0032001e009000b00090003107980015
:104ba400de0090001e009000b10007001e0090007f
:104bb400be0090003100980010002000000f780023
:104bc400020037000000eb00000f78001e007800a0
:104bd4000080fa00000006000400fa0010079800a4
:104be400e4450200000000001e00900080109000c8
:104bf400010f7800fe450200000000001e0078004e
:104c04000080fa00000006000600fa002007980061
:104c1400ae009000010f7800e4450200000000009f
:104c24001e007800901090001e0078000010900084
:104c34000080500010079800fe45020000000000ac
:104c44001e0090000080fa00000006000600fa0032
:104c540020079800ae009000010f78001e00780035
:104c640080109000110798001e0090000080fa0048
:104c7400000006000400fa00100798009e0090004f
:104c8400010f78001e007800b83e0200000000000a
:104c94000080fa00000006000400fa0010079800e3
:104ca4001e009000200890000000e0000600320082
:104cb4001e009000600890001000be000000780004
:104cc400650f1000020037000000eb00000f7800b1
:104cd4001e0078000080fa00000006000a00fa00b6
:104ce4002007980031079800420798000000eb0065
:104cf400000f78002e00900080109000110798009b
:104d04002e009000201090000000e0000d003a00fa
:104d14002e009000100078000000e0004d003a00e2
:104d24002e009000200090003a14020000000000c1
:104d3400000f78002e0090008000eb002100980006
:104d4400440037004e0090000000e0001a003a00d2
:104d54002e009000a01090002e00900010009000f3
:104d640001017800be0090001e0302000000000054
:104d74002e009000900090002e00900020109000d3
:104d8400808040002e009000110098002e009000ba
:104d9400900090002e00900020009000808f500022
:104da4002c0039002e009000900078002e00900016
:104db40011009800270037002e009000a0109000ea
:104dc4002e0090003000900001017800be00900099
:104dd4001e030200000000002e009000b0009000ae
:104de4002e009000201090000000ea008080400017
:104df4002e009000310098002e009000b00090002a
:104e04002e00900010007800808f500008003100c0
:104e14002e009000a00090002e0090002010900022
:104e24000000ea00808040002e00900031009800cd
:104e34004e009000e20f500006003a001e00900061
:104e44000000e000030032001e0090000000e900b2
:104e5400100798001e0090008000e8002e009000cb
:104e6400011098001e0078000080fa00000006007f
:104e74000400fa00000f7800110798001e00780063
:104e8400201090000000e0001a0032001e0078009c
:104e9400b00090001e007800201090008080400038
:104ea4001e007800310098001e007800b0009000c9
:104eb4001e00780020009000808f5000040039000c
:104ec4001e007800900078001e00780031009800e1
:104ed4001e007800a01090001e00780030009000a2
:104ee40001017800800078001e0090001e0302007b
:104ef400000000000080fa00000006000400fa0030
:104f040010079800e4450200000000001e00900015
:104f1400f0609000014f7800180037001e009000e8
:104f2400401090000000e000070032001e009000d6
:104f34000d0107000000e0000f0032009a12020089
:104f4400000000000c0037001e00900020089000b4
:104f54000000e0000d0032001e00900074004000cc
:104f6400840f0200000000000000e0000200320094
:104f74009a120200000000001e4fe9001e40780053
:104f84000004e000e5ff3c000100370000000000e1
:104f94001e00900080c0eb0071609800fe45020086
:104fa40000000000e4450200000000001e00900024
:104fb400e0609000114798000f0037001e00900039
:104fc400400090000000e0000f0032001e0090003e
:104fd40068004000840f0200000000000000e000b0
:104fe400020032009a120200000000001e409000ed
:104ff4000040e900104798001e4090000004e000c3
:10500400eeff3c0001003700000000001e0090008d
:1050140080c0eb0061609800fe45020000000000c3
:105024000080fa00000006000400fa00100798004f
:10503400e4450200000000001e00900000109000f3
:105044000000e00003003a0010002000000f780088
:10505400020037000000eb00000f7800fe4502005c
:10506400000000001e0078000080fa000000060026
:105074000600fa0020079800ae009000110798007f
:105084001e009000001090000000e00003003a00b1
:1050940010002000000f7800020037000000eb0031
:1050a400000f78001e0078000080fa00000006005f
:1050b4000400fa0010079800e44502000000000014
:1050c4001e009000801090001e00900010109000b0
:1050d400808f500003003a0010002000000f780079
:1050e400020037000000eb00000f7800fe450200cc
:1050f400000000001e0078000080fa000000060096
:105104000600fa0020079800ae00900011079800ee
:105114001e009000801090001e009000101090005f
:10512400808f500003003a0010002000000f780028
:10513400020037000000eb00000f78001e0078002a
:105144000080fa00000006000a00fa001007980028
:105154002207980033079800410798009e009000aa
:10516400010f7800e4450200000000001e007800f2
:1051740060609000e14f400003003a001e00780098
:105184008040eb00616098001e0078007060900021
:10519400e14f400003003a001e0078008040eb001d
:1051a40071609800fe450200000000001e007800b7
:1051b400001090000000e00007003a009e00780014
:1051c40074804000ce0090002e019000be0190003b
:1051d4002a0f0200000000001e00780047ff0700ad
:1051e4000080fa00000006000400fa00100798008e
:1051f4000041eb00210020001e0090009efa0700f1
:10520400000f78001e0078000080fa0000000600fd
:105214000600fa001007980021079800e4450200f0
:10522400000000001e009000401090000000e0000c
:10523400030032000000eb00000f78000c00370080
:105244001e009000001090000000e00003003200f7
:105254000000eb00000f7800050037001e009000ee
:10526400ae0090004110980010002000000f78005c
:10527400fe450200000000001e0078000080fa00d5
:10528400000006000800fa00200798003107980083
:10529400ae009000110798001e009000c01090000e
:1052a4003e009000808f5000030032000000eb00ad
:1052b400000f7800100037001e00900000109000ce
:1052c4000000e000030032000000eb00000f780053
:1052d40009003700e4450200000000001e009000b1
:1052e4008000eb0041109800fe4502000000000021
:1052f40010002000000f78001e0078000080fa00e3
:10530400000006000800fa00100798002207980021
:10531400330798000000eb00000f78002e01900086
:10532400be0190008e0078001e00900029fc07004a
:105334001e0078000080fa00000006000400fa0055
:10534400100798000000eb00000f78000001eb004c
:105354008e0078001e009000c2fd07001e00780039
:105364000080fa00000006000a00fa0040079800d6
:105374004e009000c0109000110798000000eb0050
:10538400000f78001e009000801090001e00900016
:1053940010109000808f5000260031001e009000f5
:1053a400f060900041479800680047000001eb005e
:1053b400800078001e00900048fe0700000f78006f
:1053c4004e409000e14f40000d003a001e00900056
:1053d400200890000000e000160032001e0090003b
:1053e40074004000840f0200000000000000e00090
:1053f4001000320010002000000f78000d0037006c
:10540400600a020000000000300798004e4090003f
:105414008000fb003e009000808f500005003100aa
:105424004e4090000040e800804078001e0090004c
:10543400716098001e0078000080fa0000000600e9
:105444000e00fa00200798003107980042079800e0
:1054540053079800640798004e009000e10f500035
:1054640003003a0010c0b300204798000200370040
:105474000040eb00204798003e0090000000e00050
:1054840002003a0010002000300798002e0090001f
:10549400f10040002e009000808f5000090036007b
:1054a4002e0090000000e800200798002e009000d5
:1054b40070004000ba3d020000000000000f7800b8
:1054c400020037000000eb00000f78001e00780097
:1054d4000000e000090032001e017800f0004100e5
:1054e4001e0078006e039000de0290002e429000b1
:1054f400be0190002e019000600307001e0078009a
:105504000080fa00000006000400fa00100798006a
:105514009e009000010f78001e0078006048900003
:105524000080fb00620060000000e00004003a001c
:105534001e007800b83e020000000000050037009d
:10554400020120008000eb001e0078002c03020002
:10555400000000000080fa00000006000a00fa00c3
:1055640040079800ce009000110798000000eb005f
:10557400000f78000000eb00200798000000eb000b
:1055840030079800e4450200000000001e0090006f
:10559400400090000000e00016003a001e00900059
:1055a400500090000000e00012003a001e0090003d
:1055b400e04990001e009000300190001e00900011
:1055c400a00090001e009000600090003e03900038
:1055d400ae02900003427800820178000101780055
:1055e400800078001e0090002403070010002000b3
:1055f400000f7800fe450200000000001e00780045
:105604000080fa00000006000800fa002007980055
:1056140031079800ae009000110798003e009000fa
:105624000000e00002003a0010002000300798005b
:105634001e009000a00090003e009000808f50005b
:10564400060036001e009000be0090003100980055
:1056540010002000000f7800020037000000eb006b
:10566400000f78001e0078000080fa000000060099
:105674000800fa0030079800be0090001107980057
:105684001e00900090007800210798001e009000f2
:10569400a00090001e00900010007800008f4000d1
:1056a4001e009000100090001e0f10001e009000bd
:1056b400900078002e009000808f5000f0ff3a0098
:1056c4001e0fe9001e009000200090009e0f500065
:1056d40003003e001e009000200090001e0f1000ea
:1056e4001e0078000080fa00000006000600fa00a0
:1056f40020079800ae009000010f78001e0078008b
:10570400ca020700100798001e0090000080fa00eb
:10571400000006001a00fa00000f9800110f98000c
:10572400220f9800340f9800450f98008e089000bf
:10573400210798000000eb00000f7800ae089000ed
:10574400110798000000eb00300798002e0090002d
:10575400200090000000e900300798002e0090001f
:10576400604890000080fb00610060000040780009
:105774000004e0000b0032001e0090000080e800ee
:10578400100798009e0090003e009000808f50000b
:105794000a0036006000b800300f9800410f9800ee
:1057a400060037009e0090003e009000808f50005d
:1057b40002003600be009000110798003e089000d9
:1057c400ce089000e00f5000e08f58002c0032000b
:1057d4006a004700c811020000000000e44502000e
:1057e400000000002e009000a1ff0700000f7800c9
:1057f4001e0090009e007800808f50001d00310034
:105804008000eb000000eb005e1c020000000000c2
:105814002013020000000000ae009000d0009800a9
:10582400fe450200000000003e089000ce089000f3
:105834000003be008000eb006022b8006011b800d5
:105844000000eb00bc160200000000002e009000d7
:105854008000eb0051009800f60047006a00470002
:1058640000120200000000000000e000dbff320034
:1058740003003700fe4502000000000000000000a5
:105884001e0078000000e00003003a002e009000a3
:1058940077ff0700000f78001e0290009e01780039
:1058a4002e0990009e0890002e00900059000700d9
:1058b400400798004e0090000000e00019003200fc
:1058c4002e00900059020700ae009000b100900035
:1058d400810f500013003900ba08020000000000d4
:1058e4002e009000400090000000e0000b00320009
:1058f4002e009000400090008002eb000002eb00bc
:105904006011b8008000eb00b41702000000000032
:105914002e0090008000eb0041009800c6080200b1
:10592400000000004e0090000080fa000000060015
:105934001200fa0050079800610798007207980057
:10594400030f9800de00900011079800fe009000fd
:10595400010f78001e009000604890000080fb005a
:1059640061006000004078000004e00001003200a3
:105974001e8fe8001e0090003dff070020079800de
:105984001e027800ae0190007e019000ee009000af
:105994001e0090001f000700300798003e00900092
:1059a4000000e000180032001e0090001f020700f3
:1059b4009e009000b1009000810f50001200390049
:1059c4000000eb00400798001e009000400090008b
:1059d4000000e0000c0032001e0090004000900027
:1059e4000e0b90008002eb000002eb006011b80087
:1059f4008000eb004c190200000000001e00900023
:105a04008000eb00410098003e0090000080fa0006
:105a1400000006000e00fa002007980031079800e5
:105a24004207980053079800640798002e009000de
:105a340090009000010f78002e00900060489000c4
:105a44000080fb0061006000004078000004e0007a
:105a540011003200ce00900011079800de00900083
:105a64006e009000808f5000080039000e80e8001e
:105a74009e01780022002000800078002e00900013
:105a840085010700000f7800090037000000eb00d3
:105a94004007980006003700ce0090005e0090009a
:105aa400810f500001003600010078004007980083
:105ab4004e0090000000e000080032003e0090001c
:105ac4009e0178004e019000800078002e00900026
:105ad40071010700ae009000900098004e00900005
:105ae4000080fa00000006001200fa004007980047
:105af400510798006207980074079800050f9800f2
:105b0400ce009000310798000000eb00000f7800f1
:105b14003e009000604890000080fb00610060003f
:105b2400004078000004e000030032002000200060
:105b340020079800020037000000eb0020079800bf
:105b44007e0090008e089000e00f5000e08f580017
:105b540026003200e4450200000000003e009000f0
:105b6400b2010700100798009e0090002e009000dc
:105b7400808f500008003e008000eb000000eb0026
:105b84005e1c020000000000201302000000000060
:105b9400be009000c0009800fe4502000000000016
:105ba4009e0090002e009000808f500012003e0056
:105bb4007e0390008e0b90008000eb006022b80002
:105bc4006011b8000000eb00bc16020000000000e9
:105bd4003e0090008000eb00410098003e009000e1
:105be4009201070010079800030037003e00900060
:105bf4008e010700100798009e0090002e00900070
:105c0400808f50001c0036009e0190006e019000b1
:105c1400de0090003e00900078000700000f78003e
:105c24001e0078000000e00013003200ba080200f1
:105c3400000000004e009000500090000000e000c2
:105c44000b0032004e009000500090008002eb00e8
:105c54000002eb006011b8008000eb00b4170200f2
:105c6400000000004e0090008000eb0051009800fe
:105c7400c6080200000000001e0078000080fa0040
:105c8400000006000a00fa0040079800ce009000c9
:105c9400110798001e009000604890000080fb00ef
:105ca40061006000004078000004e000140032004d
:105cb4001e0090005d010700200798002e00900050
:105cc400e20f50000b0036001e0090009000780098
:105cd40066004700810178002200200080007800df
:105ce4001e0090001e010700be009000010f780006
:105cf400050037000000eb00000f780002003700b9
:105d04000000eb00000f78001e0078000080fa000d
:105d1400000006001200fa0050079800610798007e
:105d240072079800030f9800de0090002107980086
:105d34000000eb00000f78002e00900060489000f7
:105d44000080fb0061006000004078000004e00077
:105d540003003200200020001007980002003700e2
:105d64000000eb00100798002e0090002f010700a0
:105d740030079800be0090001e009000808f5000f5
:105d84001b003600be0190007e019000ee009000e2
:105d94002e00900019000700000f78001e00780004
:105da4000000e000120032000000eb004007980001
:105db4002e009000500090000000e0000c00320023
:105dc4002e009000500090000e0b90008002eb001b
:105dd4000002eb006011b8008000eb004c190200d7
:105de400000000002e0090008000eb00510098009d
:105df4001e0078000080fa00000006001000fa007f
:105e040040079800510798006207980073079800ac
:105e14004e00900090007800110798004e0090000a
:105e2400604890000080fb00610060000040780042
:105e34000004e00013003200660047009e01900059
:105e440022002000800078004e009000c40007006b
:105e540010079800be009000010f78007e009000ab
:105e64000080e900700798006e0090009e007800a2
:105e7400808f5000050036000000eb00000f780012
:105e840002003700ee009000010f78009e007800b9
:105e94007e009000810f5000010036000100780060
:105ea400200798002e0090000000e0000800320057
:105eb4005e0090009e0190002e019000800078000a
:105ec4004e009000a6000700ce00900080087800e5
:105ed4002e0090000080fa00000006000800fa007e
:105ee40030079800be009000110798001e00900033
:105ef40090007800210798001e0090009000900008
:105f04002e009000808f500003003a001000200003
:105f1400000f7800020037000000eb00000f78004b
:105f24001e0078000080fa00000006000800fa0055
:105f340030079800be009000210798002e009000c2
:105f4400604890000080fb00610060000040780021
:105f54000004e00003003200200020001007980035
:105f6400020037000000eb00100798003e0090008c
:105f7400bffd07009e009000810f500003003e000b
:105f840010002000000f7800020037000000eb0032
:105f9400000f78001e0078000080fa000000060060
:105fa4000a00fa003007980041079800be009000ec
:105fb400110798000000eb00200798001e009000d5
:105fc400400090000000e0000f0032001e0090002e
:105fd400400090004e0390008002eb000002eb00b2
:105fe4006011b8008000eb004c19020000000000b2
:105ff4001e0090008000eb0041009800100020007b
:10600400000f7800020037000000eb00000f78005a
:106014001e0078000080fa00000006000a00fa0062
:106024003007980041079800be00900011079800bf
:106034000000eb00200798001e0090005000900024
:106044000000e0000f0032001e009000500090009d
:106054004e0390008002eb000002eb006011b800d8
:106064008000eb004c190200000000001e009000ac
:106074008000eb005100980010002000000f780011
:10608400020037000000eb00000f78001e007800cb
:106094000080fa00000006000a00fa0010079800c9
:1060a4002107980032079800430798001e009000cb
:1060b400a00090004e00900000805000be009000b0
:1060c400810f50000100360001007800000f7800b5
:1060d4001e009000e00090004e0090000080400000
:1060e4001e017800ae0090001e03020000000000b4
:1060f4003e0090009e0f5000080036003e009000c5
:106104001e0150002e0090009e0040001e009000d2
:10611400600090001e03020000000000ce0090000a
:106124003e00900000804000400798001e00900050
:10613400a00090004e009000808f500005003e00ab
:106144001e00900020009000ce00900000805000bf
:10615400400798004e0090000080fa0000000600fe
:106164000a00fa00100798002107980032079800e7
:10617400430798001e009000a00090004e0090007d
:1061840000805000be009000810f500001003600d6
:1061940001007800000f78001e009000e0009000dd
:1061a4004e009000008040001e01780080007800be
:1061b4002e0090001e030200000000003e0090002c
:1061c4009e0f5000080036003e0090001e01500053
:1061d4001e009000e00090002e0090001e00400081
:1061e4001e03020000000000ce0090003e0090005c
:1061f40000804000400798001e009000a00090001e
:106204004e009000808f500005003e001e0090005c
:1062140020009000ce0090000080500040079800bd
:106224004e0090000080fa00000006000400fa000e
:10623400100798001e009000a00090001e0090001f
:1062440010009000008f40001e00900010007800a5
:106254001e0f10001e009000200090009e0f5000a2
:1062640003003e001e009000200090001e0f10004e
:106274001e0078000080fa00000006000e00fa00fc
:10628400000f780011079800220798003307980040
:10629400044f9800550798006607980002012000f3
:1062a4008000eb001e0078002c03020000000000b8
:1062b4001e0078009e009000610098001e00780087
:1062c400ae009000210098001e007800be009000ef
:1062d400310098001e0078008e48900061489800b4
:1062e4000080fa00000006000200fa000000eb0043
:1062f400000f7800a702070060e580000000e000be
:1063040009003200e5ca2100340020008001eb00be
:1063140002082000c1432800403d2300520402002b
:1063240000000000000f78001e0078000080fa00d2
:10633400000006000e00fa001007980022079800db
:1063440033079800410798005407980065079800a0
:1063540080012000ba3d020000000000000f780018
:106364001e0078000000e0000b0032001e007800e0
:106374008040eb00615098001e037800ee0290000c
:106384005e029000ce0090002e019000be019000ad
:106394001e009000030007001e0078000080fa0031
:1063a400000006000e00fa00000f780012079800a3
:1063b4002307980031079800440798005507980070
:1063c40066079800730207006e0090001e087800ac
:1063d4006e0090001e019000ae01900072009800c3
:1063e400030898006e009000ce01900013089800f6
:1063f4006e009000de009000210898006e0090006e
:106404000080e80082410200000000003e0090008d
:106414000000e000060032006e0090006050900022
:10642400804078000124a0006e0090006150980024
:106434000080fa00000006001a00fa0060079800c5
:1064440071079800020f9800130f9800240f98000a
:10645400360f9800470f98000000eb00000f7800fb
:1064640060e580000000e00027003200fe0090009c
:10647400110798000e0990009e09900022079800c9
:1064840033079800ee019000430798007e009000c7
:10649400e50f500015003c002c1302000000000022
:1064a400e20f500009003a0060e580008e80e800a9
:1064b4000002eb003e099000ce099000601f02002c
:1064c40000000000000f78000f00370060e5800036
:1064d4008e80e8000002eb006011b800601f02002b
:1064e40000000000000f78000700370060e580001e
:1064f4008e80e8008001eb002e09900094200200b9
:1065040000000000000f78001e0078000080fa00f0
:10651400000006000000fa0070e580000080fa0028
:10652400000006000400fa00100798009e00900086
:10653400010f78001e007800800890007000900021
:106544000080fa00000006000600fa001007980018
:10655400210798009e009000010f7800e445020096
:10656400000000002e0090000000e0000700320050
:106574001e00780060509000804078000124a00044
:106584001e00780061509800060037001e00780055
:1065940060509000804078000124a1001e00780023
:1065a40061509800fe450200000000000080fa00df
:1065b400000006000600fa0020079800ae009000d4
:1065c40011079800e4450200000000001e0090003e
:1065d400605090000080fb00640060000000e00058
:1065e40003003a000000eb00000f780002003700bf
:1065f40010002000000f7800fe450200000000009b
:106604001e0078000080fa00000006000200fa0074
:10661400000f78001e007800e6ff07000080fa00f3
:10662400000006000800fa0030079800be00900041
:10663400010f78001e00780010019000a001900066
:1066440012079800230798001e009000ae009000e7
:106654000080fa00000006000400fa001007980009
:106664009e009000010f78001e0078001000780052
:106674000080fa00000006000a00fa00000f78000b
:1066840012079800230798003407980045079800dc
:106694000d0037001e007800800890007000900004
:1066a4001e019000ae01900002004000838048006b
:1066b40010079800210798001e007800a008900099
:1066c4001e007800010001001e0078007001900097
:1066d400800990001e009000ae009000020040006f
:1066e400838048001e039000ae0390003e02900099
:1066f400ce0290000001be001e007800a00007003a
:106704000000e000e3ff3a000080fa000000060009
:106714000a00fa0010079800210798003207980031
:106724004307980040e5800040009000400090003e
:10673400000f78001e80e8003e42020000000000c6
:106744001e007800605090000080fb006400600030
:106754000000e000070032003e029000ce029000ec
:106764001e019000ae0190001e007800c2ff0700d9
:10677400060037001e0078006050900080407800ca
:106784000104a1001e007800615098001e007800ea
:10679400a00890001e007800010001000080fa00ab
:1067a400000006000800fa00300798006400470063
:1067b40042000700008fbe002e0090000001780008
:1067c4001e00be0002000700b4000700f7ff3700f8
:1067d4000c00fa003007980041079800520798000f
:1067e400ba08020000000000640047004b000700e4
:1067f400008fbe002e0090000000e00029003a0047
:106804005e0090000000e0000c003a003e009000a2
:10681400ce009000be0f5000ae8f580007003e001f
:10682400c6080200000000001e01be003e009000e9
:10683400ce009000b6ff07001e0037005e009000f7
:106844000000e0000700320050e5800010007800ee
:1068540000f0a7000000ea000000e9004f00de009d
:10686400500798003e009000ce0090003e0150007a
:10687400ae81580060e58000de009000a62802008a
:1068840000000000c6080200000000000000e00054
:1068940007003a00ba4902000000000000000000ae
:1068a40004003700c60802000000000001003700a1
:1068b400000000000080fa00000006000600fa0054
:1068c4002007980040e580001000780000f0a70041
:1068d4000000ea000000e9004f00de00ae00900076
:1068e400800878002e009000100078000000e0007e
:1068f40005003a0040e5800040009000301f780019
:1069040020177800020037006000b800008fbe0036
:106914001e00be000080fa00000006000600fa0017
:1069240020079800340a020000000000008fbe0017
:1069340080e5800091e580001e01be00800f5100bb
:10694400818f590005003100fc0007002e009000e3
:106954001100200001087800030037002e00900089
:106964008000eb00010878001e01be0082e588006b
:1069740093e588001e00be000080fa0000000600b7
:106984001000fa00100798002207980033079800b7
:106994004407980055079800660798007707980001
:1069a4000000eb00000f78001e0090002e01900004
:1069b400be01900012009800230098001e00900071
:1069c4009e019000530098002e019000be0190009b
:1069d4004e009000de009000800f5100818f59001e
:1069e40015003e004e019000de0190006e00900004
:1069f400fe00900000015100818159001e009000aa
:106a04008008900070009000800f5100818f590021
:106a14000300390010002000000f78001c0037002c
:106a24001e0090008080e80050e58000cc41020008
:106a340000000000160037004e019000de019000b7
:106a44006e009000fe009000800f5100818f59006d
:106a54000a0031002e019000be0190006e009000eb
:106a6400fe009000800f5100818f5900030039000f
:106a740010002000000f7800050037001e00900071
:106a84008080e80040e58000cc4102000000000066
:106a94001e0078000080fa00000006001400fa00ce
:106aa4009d0037004e0090000000e0000c003d0007
:106ab40068004700008fe8001e007800900278000c
:106ac4001e007800b0009000200090001e017800a5
:106ad400120290000001be000400780005000100cd
:106ae4004e0090000000e0008b003500fe00900096
:106af400110798001e009000600090000000e00064
:106b0400040032001e0090000080e8003e420200b3
:106b1400000000007200470080ff07002007980073
:106b2400310798004e009000e50f500066003200d7
:106b3400e50f500007003c00e30f50004100320015
:106b4400e30f500046003c00e10f50006f00350099
:106b540007003700e80f50003a003200e80f5000f9
:106b640003003500e90f50003d0032006a00370091
:106b74001e00900060509000804078000104a00046
:106b84001e009000615098005e019000ee0190009c
:106b94005e029000ee0290001e00900080089000bb
:106ba4007000900004004000858048000203be008d
:106bb4002e029000be0290000001be001e00900054
:106bc4006fff07000000e000520032001e0090003a
:106bd400605090000080fb00640060000000e00052
:106be4000d0032005e019000ee0190001e00900046
:106bf40080089000700090000200400083804800ec
:106c04002e029000be0290000001be001e00900003
:106c140099fe0700060037001e00900060509000a7
:106c2400804078000104a1001e009000615098008b
:106c34001e009000a00890001e00900001000100ba
:106c4400350037001e0090006050900080407800ae
:106c54000104a1001e009000615098002e0037002e
:106c64001e00900060509000804078000104a00055
:106c74001e009000615098005e009000ee009000ad
:106c84001e01900070019800010998001e009000f8
:106c940070019000800990002e009000be009000ca
:106ca40002004000838048002e039000be03900041
:106cb4002e029000be0290000001be001e00900053
:106cc4002fff0700140037001e0090006050900052
:106cd4000080fb00620060000000e00004003a0055
:106ce4001e009000b83e0200000000000a003700b9
:106cf4001e00900060509000804078000104a100c4
:106d04001e0090006150980003003700000000004e
:106d1400010037000000000060e58000e800470043
:106d24006011b800ec210200000000000000e00047
:106d34005cff3a000080fa00000006000600fa003a
:106d44000800370040e5800040009000301f7800c4
:106d5400201778000081eb008081eb001e00be004c
:106d64006bfe070040e58000100078000000e000a2
:106d7400f4ff3a0041e580002107980050e58000c7
:106d840040e58800ae00900051e588000080fa00dc
:106d9400000006000000fa00e445020000000000c4
:106da40060e580000000e00010003a0000c9210006
:106db4004c41020000000000c0c921004c41020007
:106dc4000000000000c9210040e58800c0c921007e
:106dd40050e588000041eb00a100200020032000c2
:106de4003e1e02000000000060e58800fe4502002f
:106df400000000000080fa00000006000600fa000f
:106e040020079800ae00900011079800e4450200a6
:106e1400000000001e009000605090000080fb0005
:106e2400610060000000e00003003a000000eb0095
:106e3400000f78000200370010002000000f7800d7
:106e4400fe450200000000001e0078000080fa00e9
:106e5400000006000600fa0020079800ae0090002b
:106e6400010f7800e4450200000000001e007800d5
:106e74009008900011079800fe45020000000000f1
:106e84001e0090000080fa00000006000600fa00d0
:106e940010079800210798009e009000010f7800c9
:106ea400e4450200000000001e007800ae009000df
:106eb40011089800fe450200000000000080fa005e
:106ec400000006001600fa00600798007107980099
:106ed400020f9800130f9800240f9800e0ff2f0072
:106ee40010079800ee009000210798007e019000a2
:106ef400320798000e0990009e09900042079800fe
:106f04005307980060e580008e80e8008001eb0064
:106f14002e0990009420020000000000000f780069
:106f24001e0078000080fa00000006001800fa0035
:106f34006007980071079800020f9800130f9800db
:106f4400240f9800350f98000080eb00100798007c
:106f5400ee009000210798007e019000320798000f
:106f64000e0990009e09900042079800530798006c
:106f740060e580008e80e8000002eb002e0990009e
:106f8400be099000601f020000000000000f78009e
:106f94001e0078000080fa00000006000200fa00db
:106fa40000012000ba3d020000000000000f78003c
:106fb4001e0078000000e000070032001e01780087
:106fc4006000b8000089be009e0078006480400024
:106fd4004c410200000000001e0078000080fa000e
:106fe400000006002800fa00889fbe008a9fbe00a9
:106ff4008c9fbe0070079800020f9800130f980032
:10700400240f9800350f9800460f9800570f9800ea
:10701400fe009000210798000000eb003007980064
:10702400ba080200000000002e0090001001be000b
:1070340042079800530798000e0990009e0990009b
:107044007e0090009e0107004e019000de0190003a
:107054000e0890009e08900000007100818071006d
:107064002e099000be099000800278000102780089
:1070740082007800030078008180620000006200d2
:1070840080047800010478000801be002e089000f6
:10709400be089000800f5100818f59001c003a00f7
:1070a4004e019000de0190000e0890009e089000b2
:1070b400001f7100019771002e0090001001be00a6
:1070c4002e089000be0890000080ea008180ea004b
:1070d40002027800030178008001780081007800c2
:1070e4000300620081006100710f9800600f980036
:1070f4006e089000fe0890002e0190000089be00ea
:107104006000b800400f9800510f98001b00370032
:107114004e089000de089000e00f5000e08f580009
:10712400110032002e099000be09900000002000da
:107134000150200000007100818071002e01900038
:10714400640341004e0a9000de0a90000001be0074
:1071540006007800d00e0200000000006000b800b5
:10716400008fbe00050037002e009000301f78000d
:10717400201778001000200030079800c60802008d
:1071840000000000600798004e089000de089000a0
:10719400e00f5000e08f5800510032006e00900064
:1071a4000000e00003003a00ba49020000000000b9
:1071b40000000000e015020000000000008fbe0087
:1071c40000002000012020001e01be000202780001
:1071d40003017800800178008100780003006200d8
:1071e4008100610011179800001798000e1090009c
:1071f4009e109000e00f5000e08f58002c003a00e1
:10720400e4450200000000002e009000301f7800ca
:10721400201778002e089000be0890001e01be00c2
:107224000202780003017800800178008100780070
:107234000300620081006100311798002017980054
:107244002e119000be1190002e089000be089000f0
:10725400800f5100818f590011003a002e009000d8
:107264001001be002e089000be0890000080ea00c5
:107274008180ea000202780003017800800178002e
:1072840081007800030062008100610081067800bb
:10729400000678000c00be002e0190000089be009c
:1072a400fe45020000000000100020003007980096
:1072b400f0ff2f00f10f20001e01be000202780033
:1072c40003017800800178008100780003006200e7
:1072d4008100610081057800000578000a8fbe00f6
:1072e4001e00be004f06be004f05be004f04be0088
:1072f4000080fa00000006002600fa00889fbe0005
:107304008a9fbe008c9fbe00200f9800320f980009
:10731400430f9800510f9800640f9800760f98005f
:1073240007179800ae089000410798006000b80065
:1073340020079800310798000000eb0050079800e0
:10734400ba080200000000004e0090001001be00c8
:1073540062079800730798006e0a90003e09900037
:10736400ce0990006e009000fe009000c901070055
:10737400000f98000e0890000000e0001c0032008e
:107384006e019000fe019000028fbe006000b80004
:10739400700f9800011798005e0890000000e0004c
:1073a4003e0032004e0090001001be003e089000e6
:1073b400ce0890000080ea008180ea000202780092
:1073c40003017800800178008100780003006200e6
:1073d4008100610021179800101798001e1090007a
:1073e400ae1090004e0190000089be002b003700c3
:1073f4007e0890008e109000e00f5000e08f58003f
:1074040006003a006e019000fe019000028fbe005b
:107414001000200050079800200037005e089000fc
:107424000000e000050032002e009000be00900035
:107434000180a00020079800310798006e08900092
:107444000000e000050032002e009000be00900015
:1074540001a0a00020079800310798003e09900081
:10746400ce0990002e009000be0090000000710034
:10747400818071004e019000640341007e0a9000f7
:107484008e1290000001be0006007800d00e0200ab
:10749400000000006000b800008fbe00c6080200b3
:1074a40000000000100f98007e0890008e109000dd
:1074b400e00f5000e08f5800480032001e08900092
:1074c4000000e00003003a00ba4902000000000096
:1074d40000000000e015020000000000008fbe0064
:1074e40000002000012020001e01be0002027800de
:1074f40003017800800178008100780003006200b5
:107504008100610081067800000678000c00be004e
:10751400e00f5000e08f580024003a00e4450200d8
:10752400000000004e009000301f78002017780003
:107534006e0a90003e099000ce0990001e00be0025
:10754400540107000000e000140032005e089000bf
:107554000000e000110032004e0090001001be0057
:107564003e089000ce0890000080ea008180ea0086
:10757400020278000301780080017800810078001d
:107584000300620081006100810578000005780035
:107594000a00be004e0190000089be0010002000c9
:1075a40050079800fe45020000000000f0ff2f0085
:1075b400f10f20001e01be000202780003017800d2
:1075c400800178008100780003006200810061007e
:1075d4008104780000047800088fbe001e00be00fd
:1075e4004f06be004f05be004f04be000080fa00e7
:1075f400000006000c00fa00889fbe0030079800c7
:107604004207980053079800be009000010f7800cd
:10761400e4450200000000001e0078001001be00d6
:1076240012079800230798001e0078001001be007e
:107634004e009000de0090000080ea008180ea00a5
:10764400020278000301780080017800810078004c
:107654000300620081006100810478000004780066
:107664000800be001e0178000089be00fe4502002d
:10767400000000001e009000ae0090004f04be0009
:107684000080fa00000006000a00fa004007980093
:10769400ce009000010f78000000eb001007980066
:1076a4001e0078001001be002207980033079800de
:1076b4002e009000be0090000080fa00000006003a
:1076c4002e00fa00889fbe008a9fbe008c9fbe00d9
:1076d400400f9800520f9800630f98006000b800a4
:1076e4001007980021079800ce08900041079800e1
:1076f4000000eb00300798004e009000640040004a
:10770400500798005e0090006400400060079800f5
:10771400ba080200000000005e00900040019000e2
:10772400020f78004e0090001001be005e08900029
:10773400ee08900000017100818171004e009000fc
:107744000288be00860037001e007800a001900069
:10775400730798001e0078001001be00020f980005
:10776400130f98000000eb00300798000e089000fb
:107774009e0890000200200003f02f008002780091
:1077840001027800820078000300780081806200a2
:107794000000620080057800010578000a00be0040
:1077a400200f9800310f98000e0890009e0890005a
:1077b400f2ff2f00f30f200080027800010278000e
:1077c400820078000300780081806200000062007b
:1077d40080067800010678000c00be00000f9800b7
:1077e400110f98002e089000be089000020020009f
:1077f40003402000800278000102780082007800b3
:107804000300780081806200000062000017980085
:10781400710f98007e0890008e109000e00f5000c9
:10782400e08f580014003a004e0090001000be0093
:107834000e0990009e0990008002780001027800f1
:1078440082007800030078008180620000006200fa
:1078540020179800111798001e109000ae10900089
:10786400e00f5000e08f5800180032001000200094
:1078740030079800150037004e0090001000be003d
:107884000e0990009e0990008002780001027800a1
:1078940082007800030078008180620000006200aa
:1078a40040179800311798003e119000ce119000b7
:1078b4000e0890009e089000800f5100818f59009f
:1078c40002003a0010002000300798003e009000ab
:1078d4000000e000200032002e089000be08900056
:1078e40002002000031020008002780001027800ca
:1078f400820078000300780081806200000062004a
:1079040060179800511798005e109000ee109000d8
:10791400e00f5000e08f5800080032001e01900074
:10792400ae0190000e0890009e08900000007100c7
:107934008180710010079800210798004e00900084
:107944001000be000190a0000001be001e007800df
:10795400c610020000000000fe019000030f780032
:10796400ee0090001e007800810f500076ff3a0070
:107974004e0090001001be001e009000ae0090006a
:107984000080ea008180ea000202780003017800a6
:1079940080017800810078000300620081006100aa
:1079a40081047800000478000800be004e019000b5
:1079b4000089be00c6080200000000004e009000ce
:1079c4001000be004f06be004f05be004f04be00af
:1079d4000080fa00000006000600fa002007980064
:1079e400ae009000010f78009e0078006480400093
:1079f40010079800ba0802000000000006003700d3
:107a04001e0090004000900002002000032020008f
:107a1400c6100200000000001e0090001000780054
:107a24000000e000f6ff3a00c60802000000000073
:107a34001e007800b83e0200000000000080fa003a
:107a4400000006000600fa00000f780012079800f4
:107a5400230798001e0078001e019000ae019000dc
:107a640017ff07000080fa00000006000600fa0075
:107a7400000f780012079800230798001e00780072
:107a84001e019000ae019000dafe07000080fa00ab
:107a9400000006000c00fa00889fbe001007980042
:107aa400210798003207980043079800540798006c
:107ab4000000eb00000f78005e0090000000e00082
:107ac40013003a001e019000ae0190003e009000a9
:107ad400ce00900002027800030178008001780053
:107ae4008100780003006200810061008104780055
:107af400000478000800be00e00f5000e08f58003a
:107b04001700320010002000000f78001400370026
:107b14001e019000ae0190003e009000ce00900047
:107b24000202780003017800800178008100780067
:107b34000300620081006100810378000003780083
:107b44000601be003e009000ce009000800f510060
:107b5400818f590002003a0010002000000f7800c5
:107b64001e0078004f04be000080fa0000000600ea
:107b74000c00fa00500798000000eb002007980062
:107b8400ba0802000000000020e080000000e000cd
:107b940001003a00d50007005e0090000000e000fc
:107ba40012003200812284005e00900061006000b7
:107bb400008050000080e800300798003e009000ec
:107bc4008080ea005e009000808f5000050039003c
:107bd400de0090003e0090000080400050079800b6
:107be400020037000000eb00500798005e00900090
:107bf4000000e000530035005e0090000000e0004b
:107c04005000320030e08000de009000808f500091
:107c14004c003e0000c021001007980001e08000e5
:107c2400010f7800040037009e00780011079800c7
:107c34001e007800100f78001e007800900090005d
:107c44005e009000808f5000040031001e00780018
:107c5400100078000000e000f3ff3a0020e080000c
:107c64009e007800808f5000360032001e00900085
:107c74009000780080228400008040002007980053
:107c84001e007800900078001e0090000108780023
:107c94001e007800900090005e00900080805000ec
:107ca4008022840000004000808f50000e003600c7
:107cb4005e0090001e004000400798001e007800ff
:107cc400900090005e009000808050004e00900074
:107cd400110098001e007800de009000110098004a
:107ce4004e009000d900070031e080001e007800ab
:107cf400100090000080500030e0880031e08000e7
:107d040040e08000808f50000200310030e08000ad
:107d140040e088001e007800100090008000780089
:107d240001f0a0001e007800110098001e007800e9
:107d34008000eb000108780050e080000000e800bb
:107d440050e08800c6080200000000002e009000e9
:107d54000000e00002003a00ba4a020000000000fd
:107d64002e0090000080fa00000006000600fa00d1
:107d740020079800ae009000010f78002e009000bc
:107d84000000e00021003200802284000000ea00ac
:107d94001e0f40009e007800110798001e009000fe
:107da400100090000000e00018003d001e0090004c
:107db400100078000000e00014003a001e0090005b
:107dc400100090008000780001f0a1001e009000d7
:107dd40011009800ba080200000000001e00900084
:107de4009000900030e080000080400030e0880087
:107df4001e0090009500070060e080000000e8008d
:107e040060e08800c6080200000000000080fa005c
:107e1400000006000000fa0030e080000080fa0054
:107e2400000006000000fa0040e080000080fa0034
:107e3400000006000000fa000080fa0000000600be
:107e44000600fa0010079800210798000000eb00d4
:107e5400000f78001e0090000000e0000b003200cc
:107e64008080eb001e0090000001780011000900e2
:107e74008280d800800078002e009000808f50000f
:107e84000200310010002000010037000000eb0068
:107e94000000e00012003a009e0090002e009000c6
:107ea4000088b9000000780031ff0700000f780057
:107eb4001e0078000000e000090032009e009000df
:107ec4002e0090000088b9000000780000017800be
:107ed4008000eb001e0078002c030200000000006c
:107ee4001e0078000080fa00000006000a00fa0074
:107ef400881f780004402100240798000480200093
:107f0400cfa2de00048fbe001e0278006102620070
:107f1400044278000404e00016003200120020003d
:107f2400030020001e0f41005e974900e4ff2f006c
:107f3400f5ff2f001e03be00060478000703780037
:107f440084037800850278000702640085026300d8
:107f54008501780004017800028fbe001e017800bc
:107f6400ae01900082815100028020000281410014
:107f7400220798001e017800320798003e01900005
:107f840002e08800023cef003e0190006112b9005b
:107f94002e0190008001eb00021f420003974a006b
:107fa400822284008001eb001e1f11001e9719001d
:107fb400e2ff2f00f3ff2f001e02be00040378002f
:107fc40005027800820278008301780005016300cd
:107fd400830162008300780002007800008fbe00f5
:107fe4001e00780020e0880020e080008000eb0084
:107ff4001100980020e080008000eb000108780068
:10800400be019000430798009e0078004e00900047
:10801400808050004e0090001100980021e0800004
:108024004e009000010878004e009000100090006f
:1080340040e088004e0090001000900030e088007e
:108044004f0478000080fa00000006000600fa00e1
:108054002007980000c02100000f780002003700bc
:108064001e007800100f78001e0078009000780041
:108074002e009000808f5000f9ff39009e00780098
:10808400110798001e007800100090009e009000d8
:10809400808040002e009000808f500009003a003c
:1080a4001e007800900090002e00900010009000b8
:1080b400808040001e007800110098009e00780027
:1080c40021079800ae009000110798002e00900040
:1080d400100090009e009000808040001e007800f8
:1080e40010007800808f500017003a001e007800be
:1080f4009000780020e08000808f50000e00320055
:108104002e009000900090001e007800100078006f
:1081140010009000808040002e0090001100980014
:108124001e00780010007800900078002e00900067
:10813400010878000800370021e080002e0090003c
:1081440001087800040037001e00780090007800d1
:108154002e009000010878002e0090009e00780008
:10816400808f5000030032001e007800ae009000a3
:10817400010878000080fa00000006000a00fa00f6
:10818400400798000000eb00100798000000eb0087
:10819400200798000080eb0030079800ba0802001e
:1081a4000000000001e08000010f78001e0078004c
:1081b4000000e0001a003200150037001e00900095
:1081c4000000e800100798001e007800900090005e
:1081d4002e009000808f5000030036001e007800af
:1081e40090009000210798001e00780090009000f5
:1081f4003e009000808f5000030031001e00780084
:1082040090009000310798001e007800100f78004d
:1082140020e080009e007800808f5000e7ff3a0045
:10822400c6080200000000004e009000ae0090005e
:10823400110098004e009000be00900021009800ac
:108244004e0090009e00900031009800e44502002a
:108254000000000031e080004e009000010878002a
:1082640051e080004e0090005100980061e08000d1
:108274004e0090006100980041e080004e009000a4
:1082840041009800fe450200000000000080fa0052
:10829400000006000200fa00000f78009e0078003b
:1082a40064804000800078001e007800110098006f
:1082b4001e0178000080eb008080eb002001980014
:1082c400310198009e0078006480400080007800ae
:1082d4001e007800410098009e00780064804000f1
:1082e400800078001e007800510098001e0078007d
:1082f4008000eb00010878000080fa00000006000e
:108304000200fa00000f78001e0078008000eb00e5
:10831400510098000080fa00000006000600fa00f0
:1083240010079800210798001e009000900090000c
:10833400010f78002e0090009e0078002100980024
:108344001e007800b00090002e00900031009800cc
:108354001e00780030009000ae00900021009800cc
:108364001e007800ae009000310098002e009000ae
:108374009e009000510098001e00900010007800ac
:108384008000e8001e009000010878000080fa00d8
:10839400000006000a00fa00300798004107980020
:1083a4004e0090001001be001207980023079800a9
:1083b4001e019000ae0190000080eb008080eb0075
:1083c400800f5100818f590004003a003e00900054
:1083d400d0019000030f78000f0037003e0090009a
:1083e40064004000000f7800030037001e0078008e
:1083f400a0009000010f78001e007800200090007b
:108404001001be001e009000ae009000800f5100cd
:10841400818f5900f5ff36001e007800a0009000ff
:108424004e009000210098004e0090002000900023
:108434004e019000320098004e0090009e0178009a
:10844400330098001e007800ce00900021009800b0
:108454004e0090003e019000520098003e009000b3
:10846400100078008000e8003e00900001087800c9
:108474000080fa00000006000400fa0010079800cb
:108484001e009000d0009000010f78001e009000a4
:10849400200090009e009000b100900031009800f0
:1084a4001e009000300090009e009000a1009000fb
:1084b400210098001e007800900090001e0090009b
:1084c400808f500004003a001e009000b00090001d
:1084d4001e007800110098001e0090008000eb0040
:1084e400510098001e007800100078008000e90018
:1084f4001e007800010878001e0078001000780043
:108504000080fa00000006000000fa0070c021009c
:1085140020128800c0002000301288004822ef009a
:108524004a22ef002012800000407800674060007b
:108534000080fb00c0e688000080fa00000006000e
:108544000000fa000080fa00000006000000fa00b3
:108554005104800000202000008060000000e00042
:1085640003003200a2420200000000008b20a90098
:108574000080fa00000006000000fa00c0e6800057
:1085840000407800674060000080fb0067006000e6
:108594002212800081ff2f00810061000100700021
:1085a400201288000080fa00000006000000fa0093
:1085b4002112800080ff2f000080600020128800bc
:1085c4000080fa00000006000200fa00000f7800a4
:1085d4009e007800411288000080fa000000060026
:1085e4000200fa00000f78009e0078005112880003
:1085f4000080fa00000006000000fa005004800029
:108604004900de00614060000080fb0000f0a7002c
:108614000000ea000000ea004f00de00004078009d
:108624000080fa00000006000400fa001007980019
:108634001e009000e10f50000f003200e10f5000c7
:1086440003003900e20f5000150032001e0037000d
:10865400201280004400de00614060000080fb00c6
:1086640000f0a7000000ea000000ea004f00de006e
:10867400004f780014003700201280004500de000f
:10868400614060000080fb0000f0a7000000ea00e9
:108694000000ea004f00de00004f78000a003700b7
:1086a400201280004600de00614060000080fb0074
:1086b40000f0a7000000ea000000ea004f00de001e
:1086c400004f7800000000001e4078000080fa008f
:1086d400000006000200fa00000f78001e00780077
:1086e400e10f500007003200e10f50000300390091
:1086f400e20f500005003200060037004482a90052
:108704000400370044a2a9000200370044c2a900b3
:10871400000000000080fa00000006000000fa00db
:1087240046c2a8000080fa00000006000000fa001b
:10873400301280004600de00614060000080fb00d3
:1087440000f0a7000000ea000000ea004f00de008d
:10875400004078000080fa00000006000000fa00e3
:1087640046c2a9000080fa00000006000000fa00da
:1087740070c02100d0118800c0002000e0118800e2
:108784003e22ef004022ef00d0118000004078002c
:10879400674060000080fb00d0e688000080fa009b
:1087a400000006000000fa000080fa000000060045
:1087b4000000fa00410480000004200000806000f2
:1087c4000000e00003003200d44302000000000077
:1087d40088c0a9000080fa00000006000000fa002a
:1087e400d0e6800000407800674060000080fb0015
:1087f40067006000d211800081ff2f0081006100ba
:1088040001007000d01188000080fa00000006000a
:108814000000fa00d111800080ff2f00008060006a
:10882400d01188000080fa00000006000200fa005f
:10883400000f78009e007800f11188000080fa0093
:10884400000006000200fa00000f78009e00780085
:10885400011288000080fa00000006000000fa00ff
:10886400400480004600de00614060000080fb00a0
:1088740000f0a7000000ea000000ea004f00de005c
:10888400004078000080fa00000006000400fa00ae
:10889400100798001e009000e10f50000f003200f6
:1088a400e10f500003003900e20f500015003200c0
:1088b4001e003700d01180004400de0061406000db
:1088c4000080fb0000f0a7000000ea000000ea00be
:1088d4004f00de00004f780014003700d0118000f4
:1088e4004500de00614060000080fb0000f0a7004e
:1088f4000000ea000000ea004f00de00004f7800ac
:108904000a003700d01180004600de00614060009c
:108914000080fb0000f0a7000000ea000000ea006d
:108924004f00de00004f7800000000001e40780079
:108934000080fa00000006000200fa00000f780030
:108944001e007800e10f500007003200e10f5000d4
:1089540003003900e20f5000050032000600370022
:108964003a82a900040037003aa2a90002003700a5
:108974003ac2a900000000000080fa0000000600ce
:108984000000fa003cc2a8000080fa0000000600c3
:108994000000fa00e01180004600de006140600043
:1089a4000080fb0000f0a7000000ea000000ea00dd
:1089b4004f00de00004078000080fa00000006004e
:1089c4000000fa003cc2a9000080fa000000060082
:1089d4002a00fa00201798003117980042179800cf
:1089e400e4004700024028000f000900b218780094
:1089f400be109000110798002e1090001e019000e8
:108a0400020878002e1090000080e80020179800db
:108a14002e1090008000eb00010878002e109000ca
:108a24000080e800201798002e1090008000eb00d2
:108a3400010878002e1090000080e80020179800ac
:108a4400ce1090002e109000010878002e10900097
:108a54000080e800201798000000eb00000f780069
:108a64000a0037001e0078000000400000004700a4
:108a7400a00090002e109000010878002e109000a5
:108a84000080e800201798001e0fe8001e00780000
:108a9400ef0f5000f3ff3600210280002e109000eb
:108aa400010878002e1090000080e800201798003c
:108ab400910180002e109000010878002e10900083
:108ac4000080e80020179800a10180002e1090007b
:108ad400010878002e1090000080e800201798000c
:108ae4002e1090008000eb00010878002e109000fa
:108af4000080e800201798002e1090000080fa00f3
:108b0400000006000000fa00bc450200000000005e
:108b140070e08000900778004f007800a0e688009d
:108b24003400f9003200f9004400f9005400f9005f
:108b34003600f9004f0778004f06be004f05be000f
:108b44004f04be004f03be004f02be004f01be00e3
:108b54004f00be004200f900000006001000200093
:108b64000080fa00000006000000fa000080fa000d
:108b7400000006000400fa00f07c20000100200040
:108b8400008fbe009421ef009021ef001e007800ba
:108b9400900c880041058000f0ff280000806000f0
:108ba40000c0a000400588008860a9009860a80063
:108bb4009481a80094a1a90095e1a8000080fa007e
:108bc400000006000000fa0011028000f0f12f00fe
:108bd400008060000050a000100288000000000027
:108be40000000000a0e680000000e800a0e6880085
:108bf4000080fa00000006000000fa00a0e68000f1
:108c04000000e900a0e68800a0e680000000e00083
:108c140005003a0011028000f0f12f00008060008e
:108c240010028800000000000080fa000000060026
:108c34000000fa0070c0210080118800c0002000ec
:108c4400901188003422ef003622ef00801180005a
:108c540000407800674060000080fb00e0e6880088
:108c64000080fa00000006000000fa000080fa000c
:108c7400000006000000fa00400480006400600068
:108c84000000e0000300320036460200000000004d
:108c94008840a9000080fa00000006000000fa00e5
:108ca400e0e6800000407800674060000080fb0040
:108cb400670060008211800081ff2f008100610045
:108cc40001007000801188000080fa000000060096
:108cd4000000fa008111800080ff2f0000806000f6
:108ce400801188000080fa00000006000200fa00eb
:108cf400000f78009e007800a11188000080fa001f
:108d0400000006000200fa00000f78009e007800c0
:108d1400b11188000080fa00000006000000fa008b
:108d2400400480004200de00614060000080fb00df
:108d340000f0a7000000ea000000ea004f00de0097
:108d4400004078000080fa00000006000400fa00e9
:108d5400100798001e009000e10f50000f00320031
:108d6400e10f500003003900e20f500015003200fb
:108d74001e003700801180004400de006140600066
:108d84000080fb0000f0a7000000ea000000ea00f9
:108d94004f00de00004f780014003700801180007f
:108da4004500de00614060000080fb0000f0a70089
:108db4000000ea000000ea004f00de00004f7800e7
:108dc4000a003700801180004600de006140600028
:108dd4000080fb0000f0a7000000ea000000ea00a9
:108de4004f00de00004f7800000000001e407800b5
:108df4000080fa00000006000200fa00000f78006c
:108e04001e007800e10f500007003200e10f50000f
:108e140003003900e20f500005003200060037005d
:108e24003082a9000400370030a2a90002003700f4
:108e340030c2a900000000000080fa000000060013
:108e44000000fa0032c2a8000080fa000000060008
:108e54000000fa00901180004600de0061406000ce
:108e64000080fb0000f0a7000000ea000000ea0018
:108e74004f00de00004078000080fa000000060089
:108e84000000fa0032c2a9000080fa0000000600c7
:108e94000000fa0080002000c01c88009a23ef0024
:108ea40070062000001d8800a223ef0099e3a800ab
:108eb4009b43a8000080fa00000006000000fa00ae
:108ec40000000000d01c8000610060000000e00091
:108ed400fcff3200d01c8000620060000000e00053
:108ee400010032009a23a900f01c800000407800a1
:108ef4000080fa00000006000200fa00004f78002b
:108f040000000000d11c80000020200000806000d0
:108f14000000e000fbff3a001e80fb00e01c88001c
:108f24000080fa00000006000000fa00d01c800057
:108f340000407800614060000080fb0000f0a70062
:108f44000000ea000000ea004f00de000040780064
:108f54000080fa00000006000000fa00d11c800026
:108f640000202000008060000000e00007003a00bc
:108f7400d11c800000402000008060000000e00060
:108f84000200320010002000010037000000eb0056
:108f9400004078000080fa00000006000000fa009b
:108fa400d01c80004800de00614060000080fb00af
:108fb40000f0a7000000ea000000ea004f00de0015
:108fc400004078000080fa00000006000000fa006b
:108fd400d01c80000080fa00000006000000fa00a7
:108fe40099e3a8009b43a8000080fa000000060053
:108ff4000000fa0099e3a9009b43a9000080fa004d
:10900400000006000000fa009621ef00f0c32900da
:10901400e00c880000002800000d8800de7cef00d2
:109024000080fa00000006000000fa0041048000fd
:1090340000082000008060000000e000060032000c
:10904400dfdcbf000040e800dffcb70010c0b30065
:10905400defcb70088e0a9000080fa0000000600ea
:109064000200fa00000f78009e007800e10c8800ee
:10907400de7cef000080fa00000006000000fa0029
:10908400e00c80000080fa00000006000200fa00f4
:10909400000f78009e007800b10c8800de7cef00a1
:1090a4000080fa00000006000000fa00b00c800006
:1090b4000080fa00000006000000fa00de7cef00e9
:1090c400a1e1a8000080fa00000006000000fa00f8
:1090d400a1e1a9000080fa00000006000200fa00e5
:1090e400e1cd210091407800014f78001e407800c6
:1090f4000004e00001003200de7cef001e40780036
:109104000080fa00000006000000fa00dfdcbf0067
:109114000080fb000080fa00000006000000fa0056
:10912400df7cef000080fa00000006000200fa0075
:10913400000f78008002eb001e0278008001eb0033
:1091440002202000a1442800a08b24005204020025
:10915400000000000080fa00000006000000fa0091
:1091640020002000f1ff07000080fa000000060044
:109174000400fa0010079800030037000000000004
:10918400010037000000000020032000010020003f
:109194006206020000000000c133800000022000cb
:1091a400008060000000e0000300320010c6b3003d
:1091b4007e47020000000000964702000000000005
:1091c4000004e000edff32006047020000000000f0
:1091d400004f7800ae470200000000000004e000e9
:1091e400e8ff32001e4078007e47020000000000c5
:1091f400e5ff37000000fa0020002000303388002b
:109204007a26ef007001200010338800703f2e0092
:10921400b03388007426ef008826ef007226ef0032
:109224008626ef006826ef007c26ef00f000200081
:109234005033880000202e00f0338800010880009d
:10924400f00b200000816000600420007105200004
:109254000310200080497800814978008249780011
:10926400b13e8000f00f28008080600000302000b4
:1092740001007000b03e8800a13d800000fc2f007a
:10928400008060000010a000a03d8800000880005d
:10929400000178000260a000600420007105200035
:1092a40003102000804978008149780082497800c1
:1092b4000080fa00000006000000fa00000023000d
:1092c400100888000621ef006821ef006a21ef00f2
:1092d4000821ef0000702000500888000c21ef00e6
:1092e4000e21ef007821ef007a21ef007c21ef00be
:1092f4007e21ef008021ef008221ef008421ef0026
:109304008621ef001200200080072000a109200020
:109314001310200080497800814978008249780040
:1093240012002000600420007105200003102000ba
:109334008049780081497800824978000000000063
:1093440000088000610060000000e000fcff3a00bb
:10935400000000000108800000022000008060007e
:109364000000e000fbff32000080fa00000006006d
:109374004200f800801f78000002200010028800dc
:10938400811f7800829fbe00849fbe00869fbe001e
:10939400889fbe008a9fbe008c9fbe008e1f7800ef
:1093a4003600f8005400f8004400f8003200f800d9
:1093b4003400f800a0e68000801f780070e0800090
:1093c4000f087800280e02000000000070e0800002
:1093d400900778004f007800a0e688003400f90078
:1093e4003200f9004400f9005400f9003600f90095
:1093f4004f0778004f06be004f05be004f04be0065
:109404004f03be004f02be004f01be004f00be001e
:109414004200f900000006000200fa00000f780084
:109424008002eb001e0278008001eb0002042000a1
:109434004144280000a3240052040200000000005c
:109444000080fa00000006000000fa00100020006e
:10945400f1ff07000080fa00000006000200fa0095
:10946400000f78007b46a8007b66a8007b86a800d6
:10947400401f2000010020006206020000000000de
:10948400d03380004a00de00614060000004a20086
:10949400614060000080fb00610060004a00dd0064
:1094a400d133800001a0a10001007000d0338800f6
:0494b400efff37008f
:020000040000fa
:1094b8000e1c00008200000080000000901c0000cc
:1094c8002400000080000000000800000e140000c6
:1094d80080000000d41c0000020000008200000090
:1094e800ef000000d61c000002000000820000000f
:1094f800ffff0000b41c00002000000080000000f6
:10950800d81c00000200000080000000da1c0000e7
:109518000200000080000000dc1c000002000000c7
:1095280080000000de1c0000020000008000000037
:04953800000000002f
:020000040000fa
:10953c000000fa000080fa00000006000400fa00a7
:10954c00000f78001107980011028000f0f12f0035
:10955c00008060000050a000100288000000000095
:10956c0000000000ffff37000000fa00110280002d
:10957c00f0f12f00008060000050a0001002880065
:10958c000000000000000000ffff37000000fa00a0
:10959c00fc480200000000005e49020000000000d0
:1095ac001e4b0200000000004a47020000000000b1
:1095bc001a46020000000000864202000000000073
:1095cc00b843020000000000044802000000000044
:1095dc000080fa00000006000200fa00000f78007c
:1095ec009e007800b1e68800ffff37000000fa000b
:1095fc0040cb210080077800c0cc210000018800fe
:10960c000080fa00000006000000fa00cc4a0200bc
:10961c0000000000264a020000000000b0480200d2
:10962c00000000005408020000000000ffff37009b
:0c963c000000fa000080fa0000000600a8
:020000040000fa
:020000040005f5
:045e0000ffffff00a1
:020000040000fa
:020000040005f5
:045e2000ffffff0081
:020000040000fa
:020000040005f5
:045e300008ffff0068
:020000040000fa
:020000040005f5
:045e380063ffff0005
:020000040000fa
:020000040005f5
:045e40009fffff00c1
:020000040000fa
:020000040005f5
:045e4800ffffff0059
:020000040000fa
:020000040005f5
:045e5000dfffff0071
:020000040000fa
:020000040005f5
:045e5800ffffff0049
:00000001FF
